município,CODMUNRES
Abadia de Goiás,5200050
Abadia dos Dourados,3100104
Abadiânia,5200100
Abaeté,3100203
Abaetetuba,1500107
Abaiara,2300101
Abaíra,2900108
Abaré,2900207
Abatiá,4100103
Abdon Batista,4200051
Abel Figueiredo,1500131
Abelardo Luz,4200101
Abre Campo,3100302
Abreu E Lima,2600054
Abreulândia,1700251
Acaiaca,3100401
Açailândia,2100055
Acajutiba,2900306
Acará,1500206
Acarape,2300150
Acaraú,2300200
Acari,2400109
Acauã,2200053
Aceguá,4300034
Acopiara,2300309
Acorizal,5100102
Acrelândia,1200013
Acreúna,5200134
Açu,2400208
Açucena,3100500
Adamantina,3500105
Adelândia,5200159
Adolfo,3500204
Adrianópolis,4100202
Adustina,2900355
Afogados da Ingazeira,2600104
Afonso Bezerra,2400307
Afonso Cláudio,3200102
Afonso Cunha,2100105
Afrânio,2600203
Afuá,1500305
Agrestina,2600302
Agricolândia,2200103
Agrolândia,4200200
Agronômica,4200309
Água Azul do Norte,1500347
Água Boa,3100609
Água Boa,5100201
Água Branca,2200202
Água Branca,2500106
Água Branca,2700102
Água Clara,5000203
Água Comprida,3100708
Água Doce,4200408
Água Doce do Maranhão,2100154
Água Doce do Norte,3200169
Água Fria,2900405
Água Fria de Goiás,5200175
Água Limpa,5200209
Água Nova,2400406
Água Preta,2600401
Água Santa,4300059
Aguaí,3500303
Aguanil,3100807
Águas Belas,2600500
Águas da Prata,3500402
Águas de Chapecó,4200507
Águas de Lindóia,3500501
Águas de Santa Bárbara,3500550
Águas de São Pedro,3500600
Águas Formosas,3100906
Águas Frias,4200556
Águas Lindas de Goiás,5200258
Águas Mornas,4200606
Águas Vermelhas,3101003
Agudo,4300109
Agudos,3500709
Agudos do Sul,4100301
Águia Branca,3200136
Aguiar,2500205
Aguiarnópolis,1700301
Aimorés,3101102
Aiquara,2900603
Aiuaba,2300408
Aiuruoca,3101201
Ajuricaba,4300208
Alagoa,3101300
Alagoa Grande,2500304
Alagoa Nova,2500403
Alagoinha,2500502
Alagoinha,2600609
Alagoinha do Piauí,2200251
Alagoinhas,2900702
Alambari,3500758
Albertina,3101409
Alcântara,2100204
Alcântaras,2300507
Alcantil,2500536
Alcinópolis,5000252
Alcobaça,2900801
Aldeias Altas,2100303
Alecrim,4300307
Alegre,3200201
Alegrete,4300406
Alegrete do Piauí,2200277
Alegria,4300455
Além Paraíba,3101508
Alenquer,1500404
Alexandria,2400505
Alexânia,5200308
Alfenas,3101607
Alfredo Chaves,3200300
Alfredo Marcondes,3500808
Alfredo Vasconcelos,3101631
Alfredo Wagner,4200705
Algodão de Jandaíra,2500577
Alhandra,2500601
Aliança,2600708
Aliança do Tocantins,1700350
Almadina,2900900
Almas,1700400
Almeirim,1500503
Almenara,3101706
Almino Afonso,2400604
Almirante Tamandaré,4100400
Almirante Tamandaré do Sul,4300471
Aloândia,5200506
Alpercata,3101805
Alpestre,4300505
Alpinópolis,3101904
Alta Floresta,5100250
Alta Floresta D'Oeste,1100015
Altair,3500907
Altamira,1500602
Altamira do Maranhão,2100402
Altamira do Paraná,4100459
Altaneira,2300606
Alterosa,3102001
Altinho,2600807
Altinópolis,3501004
Alto Alegre,1400050
Alto Alegre,3501103
Alto Alegre,4300554
Alto Alegre do Maranhão,2100436
Alto Alegre do Pindaré,2100477
Alto Alegre dos Parecis,1100379
Alto Araguaia,5100300
Alto Bela Vista,4200754
Alto Boa Vista,5100359
Alto Caparaó,3102050
Alto do Rodrigues,2400703
Alto Feliz,4300570
Alto Garças,5100409
Alto Horizonte,5200555
Alto Jequitibá,3153509
Alto Longá,2200301
Alto Paraguai,5100508
Alto Paraíso,1100403
Alto Paraíso,4128625
Alto Paraíso de Goiás,5200605
Alto Paraná,4100608
Alto Parnaíba,2100501
Alto Piquiri,4100707
Alto Rio Doce,3102100
Alto Rio Novo,3200359
Alto Santo,2300705
Alto Taquari,5100607
Altônia,4100509
Altos,2200400
Alumínio,3501152
Alvarães,1300029
Alvarenga,3102209
Álvares Florence,3501202
Álvares Machado,3501301
Álvaro de Carvalho,3501400
Alvinlândia,3501509
Alvinópolis,3102308
Alvorada,1700707
Alvorada,4300604
Alvorada de Minas,3102407
Alvorada do Gurguéia,2200459
Alvorada do Norte,5200803
Alvorada do Sul,4100806
Alvorada D'Oeste,1100346
Amajari,1400027
Amambai,5000609
Amapá,1600105
Amapá do Maranhão,2100550
Amaporã,4100905
Amaraji,2600906
Amaral Ferrador,4300638
Amaralina,5200829
Amarante,2200509
Amarante do Maranhão,2100600
Amargosa,2901007
Amaturá,1300060
Amélia Rodrigues,2901106
América Dourada,2901155
Americana,3501608
Americano do Brasil,5200852
Américo Brasiliense,3501707
Américo de Campos,3501806
Ametista do Sul,4300646
Amontada,2300754
Amorinópolis,5200902
Amparo,2500734
Amparo,3501905
Amparo de São Francisco,2800100
Amparo do Serra,3102506
Ampére,4101002
Anadia,2700201
Anagé,2901205
Anahy,4101051
Anajás,1500701
Anajatuba,2100709
Analândia,3502002
Anamã,1300086
Ananás,1701002
Ananindeua,1500800
Anápolis,5201108
Anapu,1500859
Anapurus,2100808
Anastácio,5000708
Anaurilândia,5000807
Anchieta,3200409
Anchieta,4200804
Andaraí,2901304
Andirá,4101101
Andorinha,2901353
Andradas,3102605
Andradina,3502101
André da Rocha,4300661
Andrelândia,3102803
Angatuba,3502200
Angelândia,3102852
Angélica,5000856
Angelim,2601003
Angelina,4200903
Angical,2901403
Angical do Piauí,2200608
Angico,1701051
Angicos,2400802
Angra dos Reis,3300100
Anguera,2901502
Ângulo,4101150
Anhanguera,5201207
Anhembi,3502309
Anhumas,3502408
Anicuns,5201306
Anísio de Abreu,2200707
Anita Garibaldi,4201000
Anitápolis,4201109
Anori,1300102
Anta Gorda,4300703
Antas,2901601
Antonina,4101200
Antonina do Norte,2300804
Antônio Almeida,2200806
Antônio Cardoso,2901700
Antônio Carlos,3102902
Antônio Carlos,4201208
Antônio Dias,3103009
Antônio Gonçalves,2901809
Antônio João,5000906
Antônio Martins,2400901
Antônio Olinto,4101309
Antônio Prado,4300802
Antônio Prado de Minas,3103108
Aparecida,2500775
Aparecida,3502507
Aparecida de Goiânia,5201405
Aparecida do Rio Doce,5201454
Aparecida do Rio Negro,1701101
Aparecida do Taboado,5001003
Aparecida D'Oeste,3502606
Aperibé,3300159
Apiacá,3200508
Apiacás,5100805
Apiaí,3502705
Apicum-Açu,2100832
Apiúna,4201257
Apodi,2401008
Aporá,2901908
Aporé,5201504
Apuarema,2901957
Apucarana,4101408
Apuí,1300144
Apuiarés,2300903
Aquidabã,2800209
Aquidauana,5001102
Aquiraz,2301000
Arabutã,4201273
Araçagi,2500809
Araçaí,3103207
Aracaju,2800308
Araçariguama,3502754
Araças,2902054
Aracati,2301109
Aracatu,2902005
Araçatuba,3502804
Araci,2902104
Aracitaba,3103306
Aracoiaba,2301208
Araçoiaba,2601052
Araçoiaba da Serra,3502903
Aracruz,3200607
Araçu,5201603
Araçuaí,3103405
Aragarças,5201702
Aragoiânia,5201801
Aragominas,1701309
Araguacema,1701903
Araguaçu,1702000
Araguaiana,5101001
Araguaína,1702109
Araguainha,5101209
Araguanã,1702158
Araguanã,2100873
Araguapaz,5202155
Araguari,3103504
Araguatins,1702208
Araioses,2100907
Aral Moreira,5001243
Aramari,2902203
Arambaré,4300851
Arame,2100956
Aramina,3503000
Arandu,3503109
Arantina,3103603
Arapeí,3503158
Arapiraca,2700300
Arapoema,1702307
Araponga,3103702
Arapongas,4101507
Araporã,3103751
Arapoti,4101606
Arapuá,3103801
Arapuã,4101655
Araputanga,5101258
Araquari,4201307
Arara,2500908
Araranguá,4201406
Araraquara,3503208
Araras,3503307
Ararendá,2301257
Arari,2101004
Araricá,4300877
Araripe,2301307
Araripina,2601102
Araruama,3300209
Araruna,2501005
Araruna,4101705
Arataca,2902252
Aratiba,4300901
Aratuba,2301406
Aratuípe,2902302
Arauá,2800407
Araucária,4101804
Araújos,3103900
Araxá,3104007
Arceburgo,3104106
Arco-Íris,3503356
Arcos,3104205
Arcoverde,2601201
Areado,3104304
Areal,3300225
Arealva,3503406
Areia,2501104
Areia Branca,2401107
Areia Branca,2800506
Areia de Baraúnas,2501153
Areial,2501203
Areias,3503505
Areiópolis,3503604
Arenápolis,5101308
Arenópolis,5202353
Arês,2401206
Argirita,3104403
Aricanduva,3104452
Arinos,3104502
Aripuanã,5101407
Ariquemes,1100023
Ariranha,3503703
Ariranha do Ivaí,4101853
Armação dos Búzios,3300233
Armazém,4201505
Arneiroz,2301505
Aroazes,2200905
Aroeiras,2501302
Aroeiras do Itaim,2200954
Arraial,2201002
Arraial do Cabo,3300258
Arraias,1702406
Arroio do Meio,4301008
Arroio do Padre,4301073
Arroio do Sal,4301057
Arroio do Tigre,4301206
Arroio dos Ratos,4301107
Arroio Grande,4301305
Arroio Trinta,4201604
Artur Nogueira,3503802
Aruanã,5202502
Arujá,3503901
Arvoredo,4201653
Arvorezinha,4301404
Ascurra,4201703
Aspásia,3503950
Assaí,4101903
Assaré,2301604
Assis,3504008
Assis Brasil,1200054
Assis Chateaubriand,4102000
Assunção,2501351
Assunção do Piauí,2201051
Astolfo Dutra,3104601
Astorga,4102109
Atalaia,2700409
Atalaia,4102208
Atalaia do Norte,1300201
Atalanta,4201802
Ataléia,3104700
Atibaia,3504107
Atilio Vivacqua,3200706
Augustinópolis,1702554
Augusto Corrêa,1500909
Augusto de Lima,3104809
Augusto Pestana,4301503
Augusto Severo,2401305
Áurea,4301552
Aurelino Leal,2902401
Auriflama,3504206
Aurilândia,5202601
Aurora,2301703
Aurora,4201901
Aurora do Pará,1500958
Aurora do Tocantins,1702703
Autazes,1300300
Avaí,3504305
Avanhandava,3504404
Avaré,3504503
Aveiro,1501006
Avelino Lopes,2201101
Avelinópolis,5202809
Axixá,2101103
Axixá do Tocantins,1702901
Babaçulândia,1703008
Bacabal,2101202
Bacabeira,2101251
Bacuri,2101301
Bacurituba,2101350
Bady Bassitt,3504602
Baependi,3104908
Bagé,4301602
Bagre,1501105
Baía da Traição,2501401
Baía Formosa,2401404
Baianópolis,2902500
Baião,1501204
Baixa Grande,2902609
Baixa Grande do Ribeiro,2201150
Baixio,2301802
Baixo Guandu,3200805
Balbinos,3504701
Baldim,3105004
Baliza,5203104
Balneário Arroio do Silva,4201950
Balneário Barra do Sul,4202057
Balneário Camboriú,4202008
Balneário Gaivota,4202073
Balneário Piçarras,4212809
Balneário Pinhal,4301636
Balsa Nova,4102307
Bálsamo,3504800
Balsas,2101400
Bambuí,3105103
Banabuiú,2301851
Bananal,3504909
Bananeiras,2501500
Bandeira,3105202
Bandeira do Sul,3105301
Bandeirante,4202081
Bandeirantes,4102406
Bandeirantes,5001508
Bandeirantes do Tocantins,1703057
Bannach,1501253
Banzaê,2902658
Barão,4301651
Barão de Antonina,3505005
Barão de Cocais,3105400
Barão de Cotegipe,4301701
Barão de Grajaú,2101509
Barão de Melgaço,5101605
Barão de Monte Alto,3105509
Barão do Triunfo,4301750
Baraúna,2401453
Baraúna,2501534
Barbacena,3105608
Barbalha,2301901
Barbosa,3505104
Barbosa Ferraz,4102505
Barcarena,1501303
Barcelona,2401503
Barcelos,1300409
Bariri,3505203
Barra,2902708
Barra Bonita,3505302
Barra Bonita,4202099
Barra da Estiva,2902807
Barra D'Alcântara,2201176
Barra de Guabiraba,2601300
Barra de Santa Rosa,2501609
Barra de Santana,2501575
Barra de Santo Antônio,2700508
Barra de São Francisco,3200904
Barra de São Miguel,2501708
Barra de São Miguel,2700607
Barra do Bugres,5101704
Barra do Chapéu,3505351
Barra do Choça,2902906
Barra do Corda,2101608
Barra do Garças,5101803
Barra do Guarita,4301859
Barra do Jacaré,4102703
Barra do Mendes,2903003
Barra do Ouro,1703073
Barra do Piraí,3300308
Barra do Quaraí,4301875
Barra do Ribeiro,4301909
Barra do Rio Azul,4301925
Barra do Rocha,2903102
Barra do Turvo,3505401
Barra dos Coqueiros,2800605
Barra Funda,4301958
Barra Longa,3105707
Barra Mansa,3300407
Barra Velha,4202107
Barracão,4102604
Barracão,4301800
Barras,2201200
Barreira,2301950
Barreiras,2903201
Barreiras do Piauí,2201309
Barreirinha,1300508
Barreirinhas,2101707
Barreiros,2601409
Barretos,3505500
Barrinha,3505609
Barro,2302008
Barro Alto,2903235
Barro Alto,5203203
Barro Duro,2201408
Barro Preto,2903300
Barrocas,2903276
Barrolândia,1703107
Barroquinha,2302057
Barros Cassal,4302006
Barroso,3105905
Barueri,3505708
Bastos,3505807
Bataguassu,5001904
Batalha,2201507
Batalha,2700706
Batatais,3505906
Batayporã,5002001
Baturité,2302107
Bauru,3506003
Bayeux,2501807
Bebedouro,3506102
Beberibe,2302206
Bela Cruz,2302305
Bela Vista,5002100
Bela Vista da Caroba,4102752
Bela Vista de Goiás,5203302
Bela Vista de Minas,3106002
Bela Vista do Maranhão,2101772
Bela Vista do Paraíso,4102802
Bela Vista do Piauí,2201556
Bela Vista do Toldo,4202131
Belágua,2101731
Belém,1501402
Belém,2501906
Belém,2700805
Belém de Maria,2601508
Belém do Brejo do Cruz,2502003
Belém do Piauí,2201572
Belém do São Francisco,2601607
Belford Roxo,3300456
Belmiro Braga,3106101
Belmonte,2903409
Belmonte,4202156
Belo Campo,2903508
Belo Horizonte,3106200
Belo Jardim,2601706
Belo Monte,2700904
Belo Oriente,3106309
Belo Vale,3106408
Belterra,1501451
Beneditinos,2201606
Benedito Leite,2101806
Benedito Novo,4202206
Benevides,1501501
Benjamin Constant,1300607
Benjamin Constant do Sul,4302055
Bento de Abreu,3506201
Bento Fernandes,2401602
Bento Gonçalves,4302105
Bequimão,2101905
Berilo,3106507
Berizal,3106655
Bernardino Batista,2502052
Bernardino de Campos,3506300
Bernardo do Mearim,2101939
Bernardo Sayão,1703206
Bertioga,3506359
Bertolínia,2201705
Bertópolis,3106606
Beruri,1300631
Betânia,2601805
Betânia do Piauí,2201739
Betim,3106705
Bezerros,2601904
Bias Fortes,3106804
Bicas,3106903
Biguaçu,4202305
Bilac,3506409
Biquinhas,3107000
Birigui,3506508
Biritiba-Mirim,3506607
Biritinga,2903607
Bituruna,4102901
Blumenau,4202404
Boa Esperança,3107109
Boa Esperança,3201001
Boa Esperança,4103008
Boa Esperança do Iguaçu,4103024
Boa Esperança do Sul,3506706
Boa Hora,2201770
Boa Nova,2903706
Boa Ventura,2502102
Boa Ventura de São Roque,4103040
Boa Viagem,2302404
Boa Vista,1400100
Boa Vista,2502151
Boa Vista da Aparecida,4103057
Boa Vista das Missões,4302154
Boa Vista do Buricá,4302204
Boa Vista do Cadeado,4302220
Boa Vista do Gurupi,2101970
Boa Vista do Incra,4302238
Boa Vista do Ramos,1300680
Boa Vista do Sul,4302253
Boa Vista do Tupim,2903805
Boca da Mata,2701001
Boca do Acre,1300706
Bocaina,2201804
Bocaina,3506805
Bocaina de Minas,3107208
Bocaina do Sul,4202438
Bocaiúva,3107307
Bocaiúva do Sul,4103107
Bodó,2401651
Bodocó,2602001
Bodoquena,5002159
Bofete,3506904
Boituva,3507001
Bom Conselho,2602100
Bom Despacho,3107406
Bom Jardim,2102002
Bom Jardim,2602209
Bom Jardim,3300506
Bom Jardim da Serra,4202503
Bom Jardim de Goiás,5203401
Bom Jardim de Minas,3107505
Bom Jesus,2201903
Bom Jesus,2401701
Bom Jesus,2502201
Bom Jesus,4202537
Bom Jesus,4302303
Bom Jesus da Lapa,2903904
Bom Jesus da Penha,3107604
Bom Jesus da Serra,2903953
Bom Jesus das Selvas,2102036
Bom Jesus de Goiás,5203500
Bom Jesus do Amparo,3107703
Bom Jesus do Araguaia,5101852
Bom Jesus do Galho,3107802
Bom Jesus do Itabapoana,3300605
Bom Jesus do Norte,3201100
Bom Jesus do Oeste,4202578
Bom Jesus do Sul,4103156
Bom Jesus do Tocantins,1501576
Bom Jesus do Tocantins,1703305
Bom Jesus dos Perdões,3507100
Bom Lugar,2102077
Bom Princípio,4302352
Bom Princípio do Piauí,2201919
Bom Progresso,4302378
Bom Repouso,3107901
Bom Retiro,4202602
Bom Retiro do Sul,4302402
Bom Sucesso,2502300
Bom Sucesso,3108008
Bom Sucesso,4103206
Bom Sucesso de Itararé,3507159
Bom Sucesso do Sul,4103222
Bombinhas,4202453
Bonfim,1400159
Bonfim,3108107
Bonfim do Piauí,2201929
Bonfinópolis,5203559
Bonfinópolis de Minas,3108206
Boninal,2904001
Bonito,1501600
Bonito,2602308
Bonito,2904050
Bonito,5002209
Bonito de Minas,3108255
Bonito de Santa Fé,2502409
Bonópolis,5203575
Boqueirão,2502508
Boqueirão do Leão,4302451
Boqueirão do Piauí,2201945
Boquim,2800670
Boquira,2904100
Borá,3507209
Boracéia,3507308
Borba,1300805
Borborema,2502706
Borborema,3507407
Borda da Mata,3108305
Borebi,3507456
Borrazópolis,4103305
Bossoroca,4302501
Botelhos,3108404
Botucatu,3507506
Botumirim,3108503
Botuporã,2904209
Botuverá,4202701
Bozano,4302584
Braço do Norte,4202800
Braço do Trombudo,4202859
Braga,4302600
Bragança,1501709
Bragança Paulista,3507605
Braganey,4103354
Branquinha,2701100
Brás Pires,3108701
Brasil Novo,1501725
Brasilândia,5002308
Brasilândia de Minas,3108552
Brasilândia do Sul,4103370
Brasilândia do Tocantins,1703602
Brasiléia,1200104
Brasileira,2201960
Brasília,5300108
Brasília de Minas,3108602
Brasnorte,5101902
Brasópolis,3108909
Braúna,3507704
Braúnas,3108800
Brazabrantes,5203609
Brejão,2602407
Brejetuba,3201159
Brejinho,2401800
Brejinho,2602506
Brejinho de Nazaré,1703701
Brejo,2102101
Brejo Alegre,3507753
Brejo da Madre de Deus,2602605
Brejo de Areia,2102150
Brejo do Cruz,2502805
Brejo do Piauí,2201988
Brejo dos Santos,2502904
Brejo Grande,2800704
Brejo Grande do Araguaia,1501758
Brejo Santo,2302503
Brejões,2904308
Brejolândia,2904407
Breu Branco,1501782
Breves,1501808
Britânia,5203807
Brochier,4302659
Brodowski,3507803
Brotas,3507902
Brotas de Macaúbas,2904506
Brumadinho,3109006
Brumado,2904605
Brunópolis,4202875
Brusque,4202909
Bueno Brandão,3109105
Buenópolis,3109204
Buenos Aires,2602704
Buerarema,2904704
Bugre,3109253
Buíque,2602803
Bujari,1200138
Bujaru,1501907
Buri,3508009
Buritama,3508108
Buriti,2102200
Buriti Alegre,5203906
Buriti Bravo,2102309
Buriti de Goiás,5203939
Buriti do Tocantins,1703800
Buriti dos Lopes,2202000
Buriti dos Montes,2202026
Buriticupu,2102325
Buritinópolis,5203962
Buritirama,2904753
Buritirana,2102358
Buritis,1100452
Buritis,3109303
Buritizal,3508207
Buritizeiro,3109402
Butiá,4302709
Caapiranga,1300839
Caaporã,2503001
Caarapó,5002407
Caatiba,2904803
Cabaceiras,2503100
Cabaceiras do Paraguaçu,2904852
Cabeceira Grande,3109451
Cabeceiras,5204003
Cabeceiras do Piauí,2202059
Cabedelo,2503209
Cabixi,1100031
Cabo de Santo Agostinho,2602902
Cabo Frio,3300704
Cabo Verde,3109501
Cabrália Paulista,3508306
Cabreúva,3508405
Cabrobó,2603009
Caçador,4203006
Caçapava,3508504
Caçapava do Sul,4302808
Cacaulândia,1100601
Cacequi,4302907
Cáceres,5102504
Cachoeira,2904902
Cachoeira Alta,5204102
Cachoeira da Prata,3109600
Cachoeira de Goiás,5204201
Cachoeira de Minas,3109709
Cachoeira de Pajeú,3102704
Cachoeira do Arari,1502004
Cachoeira do Piriá,1501956
Cachoeira do Sul,4303004
Cachoeira dos Índios,2503308
Cachoeira Dourada,3109808
Cachoeira Dourada,5204250
Cachoeira Grande,2102374
Cachoeira Paulista,3508603
Cachoeiras de Macacu,3300803
Cachoeirinha,1703826
Cachoeirinha,2603108
Cachoeirinha,4303103
Cachoeiro de Itapemirim,3201209
Cacimba de Areia,2503407
Cacimba de Dentro,2503506
Cacimbas,2503555
Cacimbinhas,2701209
Cacique Doble,4303202
Cacoal,1100049
Caconde,3508702
Caçu,5204300
Caculé,2905008
Caém,2905107
Caetanópolis,3109907
Caetanos,2905156
Caeté,3110004
Caetés,2603207
Caetité,2905206
Cafarnaum,2905305
Cafeara,4103404
Cafelândia,3508801
Cafelândia,4103453
Cafezal do Sul,4103479
Caiabu,3508900
Caiana,3110103
Caiapônia,5204409
Caibaté,4303301
Caibi,4203105
Caiçara,2503605
Caiçara,4303400
Caiçara do Norte,2401859
Caiçara do Rio do Vento,2401909
Caicó,2402006
Caieiras,3509007
Cairu,2905404
Caiuá,3509106
Cajamar,3509205
Cajapió,2102408
Cajari,2102507
Cajati,3509254
Cajazeiras,2503704
Cajazeiras do Piauí,2202075
Cajazeirinhas,2503753
Cajobi,3509304
Cajueiro,2701308
Cajueiro da Praia,2202083
Cajuri,3110202
Cajuru,3509403
Calçado,2603306
Calçoene,1600204
Caldas,3110301
Caldas Brandão,2503803
Caldas Novas,5204508
Caldazinha,5204557
Caldeirão Grande,2905503
Caldeirão Grande do Piauí,2202091
Califórnia,4103503
Calmon,4203154
Calumbi,2603405
Camacan,2905602
Camaçari,2905701
Camacho,3110400
Camalaú,2503902
Camamu,2905800
Camanducaia,3110509
Camapuã,5002605
Camaquã,4303509
Camaragibe,2603454
Camargo,4303558
Cambará,4103602
Cambará do Sul,4303608
Cambé,4103701
Cambira,4103800
Camboriú,4203204
Cambuci,3300902
Cambuí,3110608
Cambuquira,3110707
Cametá,1502103
Camocim,2302602
Camocim de São Félix,2603504
Campanário,3110806
Campanha,3110905
Campestre,2701357
Campestre,3111002
Campestre da Serra,4303673
Campestre de Goiás,5204607
Campestre do Maranhão,2102556
Campina da Lagoa,4103909
Campina das Missões,4303707
Campina do Monte Alegre,3509452
Campina do Simão,4103958
Campina Grande,2504009
Campina Grande do Sul,4104006
Campina Verde,3111101
Campinaçu,5204656
Campinápolis,5102603
Campinas,3509502
Campinas do Piauí,2202109
Campinas do Sul,4303806
Campinorte,5204706
Campo Alegre,2701407
Campo Alegre,4203303
Campo Alegre de Goiás,5204805
Campo Alegre de Lourdes,2905909
Campo Alegre do Fidalgo,2202117
Campo Azul,3111150
Campo Belo,3111200
Campo Belo do Sul,4203402
Campo Bom,4303905
Campo Bonito,4104055
Campo do Brito,2801009
Campo do Meio,3111309
Campo do Tenente,4104105
Campo Erê,4203501
Campo Florido,3111408
Campo Formoso,2906006
Campo Grande,2701506
Campo Grande,5002704
Campo Grande do Piauí,2202133
Campo Largo,4104204
Campo Largo do Piauí,2202174
Campo Limpo de Goiás,5204854
Campo Limpo Paulista,3509601
Campo Magro,4104253
Campo Maior,2202208
Campo Mourão,4104303
Campo Novo,4304002
Campo Novo de Rondônia,1100700
Campo Novo do Parecis,5102637
Campo Redondo,2402105
Campo Verde,5102678
Campos Altos,3111507
Campos Belos,5204904
Campos Borges,4304101
Campos de Júlio,5102686
Campos do Jordão,3509700
Campos dos Goytacazes,3301009
Campos Gerais,3111606
Campos Lindos,1703842
Campos Novos,4203600
Campos Novos Paulista,3509809
Campos Sales,2302701
Campos Verdes,5204953
Camutanga,2603603
Cana Verde,3111903
Canaã,3111705
Canaã dos Carajás,1502152
Canabrava do Norte,5102694
Cananéia,3509908
Canapi,2701605
Canápolis,2906105
Canápolis,3111804
Canarana,2906204
Canarana,5102702
Canas,3509957
Canavieira,2202251
Canavieiras,2906303
Candeal,2906402
Candeias,2906501
Candeias,3112000
Candeias do Jamari,1100809
Candelária,4304200
Candiba,2906600
Cândido de Abreu,4104402
Cândido Godói,4304309
Cândido Mendes,2102606
Cândido Mota,3510005
Cândido Rodrigues,3510104
Cândido Sales,2906709
Candiota,4304358
Candói,4104428
Canela,4304408
Canelinha,4203709
Canguaretama,2402204
Canguçu,4304507
Canhoba,2801108
Canhotinho,2603702
Canindé,2302800
Canindé de São Francisco,2801207
Canitar,3510153
Canoas,4304606
Canoinhas,4203808
Cansanção,2906808
Cantá,1400175
Cantagalo,3112059
Cantagalo,3301108
Cantagalo,4104451
Cantanhede,2102705
Canto do Buriti,2202307
Canudos,2906824
Canudos do Vale,4304614
Canutama,1300904
Capanema,1502202
Capanema,4104501
Capão Alto,4203253
Capão Bonito,3510203
Capão Bonito do Sul,4304622
Capão da Canoa,4304630
Capão do Cipó,4304655
Capão do Leão,4304663
Caparaó,3112109
Capela,2701704
Capela,2801306
Capela de Santana,4304689
Capela do Alto,3510302
Capela do Alto Alegre,2906857
Capela Nova,3112208
Capelinha,3112307
Capetinga,3112406
Capim,2504033
Capim Branco,3112505
Capim Grosso,2906873
Capinópolis,3112604
Capinzal,4203907
Capinzal do Norte,2102754
Capistrano,2302909
Capitão,4304697
Capitão Andrade,3112653
Capitão de Campos,2202406
Capitão Enéas,3112703
Capitão Gervásio Oliveira,2202455
Capitão Leônidas Marques,4104600
Capitão Poço,1502301
Capitólio,3112802
Capivari,3510401
Capivari de Baixo,4203956
Capivari do Sul,4304671
Capixaba,1200179
Capoeiras,2603801
Caputira,3112901
Caraá,4304713
Caracaraí,1400209
Caracol,2202505
Caracol,5002803
Caraguatatuba,3510500
Caraí,3113008
Caraíbas,2906899
Carambeí,4104659
Caranaíba,3113107
Carandaí,3113206
Carangola,3113305
Carapebus,3300936
Carapicuíba,3510609
Caratinga,3113404
Carauari,1301001
Caraúbas,2402303
Caraúbas,2504074
Caraúbas do Piauí,2202539
Caravelas,2906907
Carazinho,4304705
Carbonita,3113503
Cardeal da Silva,2907004
Cardoso,3510708
Cardoso Moreira,3301157
Careaçu,3113602
Careiro,1301100
Careiro da Várzea,1301159
Cariacica,3201308
Caridade,2303006
Caridade do Piauí,2202554
Carinhanha,2907103
Carira,2801405
Cariré,2303105
Cariri do Tocantins,1703867
Caririaçu,2303204
Cariús,2303303
Carlinda,5102793
Carlópolis,4104709
Carlos Barbosa,4304804
Carlos Chagas,3113701
Carlos Gomes,4304853
Carmésia,3113800
Carmo,3301207
Carmo da Cachoeira,3113909
Carmo da Mata,3114006
Carmo de Minas,3114105
Carmo do Cajuru,3114204
Carmo do Paranaíba,3114303
Carmo do Rio Claro,3114402
Carmo do Rio Verde,5205000
Carmolândia,1703883
Carmópolis,2801504
Carmópolis de Minas,3114501
Carnaíba,2603900
Carnaúba dos Dantas,2402402
Carnaubais,2402501
Carnaubal,2303402
Carnaubeira da Penha,2603926
Carneirinho,3114550
Carneiros,2701803
Caroebe,1400233
Carolina,2102804
Carpina,2604007
Carrancas,3114600
Carrapateira,2504108
Carrasco Bonito,1703891
Caruaru,2604106
Carutapera,2102903
Carvalhópolis,3114709
Carvalhos,3114808
Casa Branca,3510807
Casa Grande,3114907
Casa Nova,2907202
Casca,4304903
Cascalho Rico,3115003
Cascavel,2303501
Cascavel,4104808
Caseara,1703909
Caseiros,4304952
Casimiro de Abreu,3301306
Casinhas,2604155
Casserengue,2504157
Cássia,3115102
Cássia dos Coqueiros,3510906
Cassilândia,5002902
Castanhal,1502400
Castanheira,5102850
Castanheiras,1100908
Castelândia,5205059
Castelo,3201407
Castelo do Piauí,2202604
Castilho,3511003
Castro,4104907
Castro Alves,2907301
Cataguases,3115300
Catalão,5205109
Catanduva,3511102
Catanduvas,4105003
Catanduvas,4204004
Catarina,2303600
Catas Altas,3115359
Catas Altas da Noruega,3115409
Catende,2604205
Catiguá,3511201
Catingueira,2504207
Catolândia,2907400
Catolé do Rocha,2504306
Catu,2907509
Catuípe,4305009
Catuji,3115458
Catunda,2303659
Caturaí,5205208
Caturama,2907558
Caturité,2504355
Catuti,3115474
Caucaia,2303709
Cavalcante,5205307
Caxambu,3115508
Caxambu do Sul,4204103
Caxias,2103000
Caxias do Sul,4305108
Caxingó,2202653
Ceará-Mirim,2402600
Cedral,2103109
Cedral,3511300
Cedro,2303808
Cedro,2604304
Cedro de São João,2801603
Cedro do Abaeté,3115607
Celso Ramos,4204152
Centenário,1704105
Centenário,4305116
Centenário do Sul,4105102
Central,2907608
Central de Minas,3115706
Central do Maranhão,2103125
Centralina,3115805
Centro do Guilherme,2103158
Centro Novo do Maranhão,2103174
Cerejeiras,1100056
Ceres,5205406
Cerqueira César,3511409
Cerquilho,3511508
Cerrito,4305124
Cerro Azul,4105201
Cerro Branco,4305132
Cerro Corá,2402709
Cerro Grande,4305157
Cerro Grande do Sul,4305173
Cerro Largo,4305207
Cerro Negro,4204178
Cesário Lange,3511607
Céu Azul,4105300
Cezarina,5205455
Chã de Alegria,2604403
Chã Grande,2604502
Chã Preta,2701902
Chácara,3115904
Chalé,3116001
Chapada,4305306
Chapada da Natividade,1705102
Chapada de Areia,1704600
Chapada do Norte,3116100
Chapada dos Guimarães,5103007
Chapada Gaúcha,3116159
Chapadão do Céu,5205471
Chapadão do Lageado,4204194
Chapadão do Sul,5002951
Chapadinha,2103208
Chapecó,4204202
Charqueada,3511706
Charqueadas,4305355
Charrua,4305371
Chaval,2303907
Chavantes,3557204
Chaves,1502509
Chiador,3116209
Chiapetta,4305405
Chopinzinho,4105409
Choró,2303931
Chorozinho,2303956
Chorrochó,2907707
Chuí,4305439
Chupinguaia,1100924
Chuvisca,4305447
Cianorte,4105508
Cícero Dantas,2907806
Cidade Gaúcha,4105607
Cidade Ocidental,5205497
Cidelândia,2103257
Cidreira,4305454
Cipó,2907905
Cipotânea,3116308
Ciríaco,4305504
Claraval,3116407
Claro dos Poções,3116506
Cláudia,5103056
Cláudio,3116605
Clementina,3511904
Clevelândia,4105706
Coaraci,2908002
Coari,1301209
Cocal,2202703
Cocal de Telha,2202711
Cocal do Sul,4204251
Cocal dos Alves,2202729
Cocalinho,5103106
Cocalzinho de Goiás,5205513
Cocos,2908101
Codajás,1301308
Codó,2103307
Coelho Neto,2103406
Coimbra,3116704
Coité do Nóia,2702009
Coivaras,2202737
Colares,1502608
Colatina,3201506
Colíder,5103205
Colina,3512001
Colinas,2103505
Colinas,4305587
Colinas do Sul,5205521
Colinas do Tocantins,1705508
Colméia,1716703
Colniza,5103254
Colômbia,3512100
Colombo,4105805
Colônia do Gurguéia,2202752
Colônia do Piauí,2202778
Colônia Leopoldina,2702108
Colorado,4105904
Colorado,4305603
Colorado do Oeste,1100064
Coluna,3116803
Combinado,1705557
Comendador Gomes,3116902
Comendador Levy Gasparian,3300951
Comercinho,3117009
Comodoro,5103304
Conceição,2504405
Conceição da Aparecida,3117108
Conceição da Barra,3201605
Conceição da Barra de Minas,3115201
Conceição da Feira,2908200
Conceição das Alagoas,3117306
Conceição das Pedras,3117207
Conceição de Ipanema,3117405
Conceição de Macabu,3301405
Conceição do Almeida,2908309
Conceição do Araguaia,1502707
Conceição do Canindé,2202802
Conceição do Castelo,3201704
Conceição do Coité,2908408
Conceição do Jacuípe,2908507
Conceição do Lago-Açu,2103554
Conceição do Mato Dentro,3117504
Conceição do Pará,3117603
Conceição do Rio Verde,3117702
Conceição do Tocantins,1705607
Conceição dos Ouros,3117801
Conchal,3512209
Conchas,3512308
Concórdia,4204301
Concórdia do Pará,1502756
Condado,2504504
Condado,2604601
Conde,2504603
Conde,2908606
Condeúba,2908705
Condor,4305702
Cônego Marinho,3117836
Confins,3117876
Confresa,5103353
Congo,2504702
Congonhal,3117900
Congonhas,3118007
Congonhas do Norte,3118106
Congonhinhas,4106001
Conquista,3118205
Conquista D'Oeste,5103361
Conselheiro Lafaiete,3118304
Conselheiro Mairinck,4106100
Conselheiro Pena,3118403
Consolação,3118502
Constantina,4305801
Contagem,3118601
Contenda,4106209
Contendas do Sincorá,2908804
Coqueiral,3118700
Coqueiro Baixo,4305835
Coqueiro Seco,2702207
Coqueiros do Sul,4305850
Coração de Jesus,3118809
Coração de Maria,2908903
Corbélia,4106308
Cordeiro,3301504
Cordeirópolis,3512407
Cordeiros,2909000
Cordilheira Alta,4204350
Cordisburgo,3118908
Cordislândia,3119005
Coreaú,2304004
Coremas,2504801
Corguinho,5003108
Coribe,2909109
Corinto,3119104
Cornélio Procópio,4106407
Coroaci,3119203
Coroados,3512506
Coroatá,2103604
Coromandel,3119302
Coronel Barros,4305871
Coronel Bicaco,4305900
Coronel Domingos Soares,4106456
Coronel Ezequiel,2402808
Coronel Fabriciano,3119401
Coronel Freitas,4204400
Coronel João Pessoa,2402907
Coronel João Sá,2909208
Coronel José Dias,2202851
Coronel Macedo,3512605
Coronel Martins,4204459
Coronel Murta,3119500
Coronel Pacheco,3119609
Coronel Pilar,4305934
Coronel Sapucaia,5003157
Coronel Vivida,4106506
Coronel Xavier Chaves,3119708
Córrego Danta,3119807
Córrego do Bom Jesus,3119906
Córrego do Ouro,5205703
Córrego Fundo,3119955
Córrego Novo,3120003
Correia Pinto,4204558
Corrente,2202901
Correntes,2604700
Correntina,2909307
Cortês,2604809
Corumbá,5003207
Corumbá de Goiás,5205802
Corumbaíba,5205901
Corumbataí,3512704
Corumbataí do Sul,4106555
Corumbiara,1100072
Corupá,4204509
Coruripe,2702306
Cosmópolis,3512803
Cosmorama,3512902
Costa Marques,1100080
Costa Rica,5003256
Cotegipe,2909406
Cotia,3513009
Cotiporã,4305959
Cotriguaçu,5103379
Couto de Magalhães de Minas,3120102
Couto Magalhães,1706001
Coxilha,4305975
Coxim,5003306
Coxixola,2504850
Craíbas,2702355
Crateús,2304103
Crato,2304202
Cravinhos,3513108
Cravolândia,2909505
Criciúma,4204608
Crisólita,3120151
Crisópolis,2909604
Crissiumal,4306007
Cristais,3120201
Cristais Paulista,3513207
Cristal,4306056
Cristal do Sul,4306072
Cristalândia,1706100
Cristalândia do Piauí,2203008
Cristália,3120300
Cristalina,5206206
Cristiano Otoni,3120409
Cristianópolis,5206305
Cristina,3120508
Cristinápolis,2801702
Cristino Castro,2203107
Cristópolis,2909703
Crixás,5206404
Crixás do Tocantins,1706258
Croatá,2304236
Cromínia,5206503
Crucilândia,3120607
Cruz,2304251
Cruz Alta,4306106
Cruz das Almas,2909802
Cruz do Espírito Santo,2504900
Cruz Machado,4106803
Cruzália,3513306
Cruzaltense,4306130
Cruzeiro,3513405
Cruzeiro da Fortaleza,3120706
Cruzeiro do Iguaçu,4106571
Cruzeiro do Oeste,4106605
Cruzeiro do Sul,1200203
Cruzeiro do Sul,4106704
Cruzeiro do Sul,4306205
Cruzeta,2403004
Cruzília,3120805
Cruzmaltina,4106852
Cubatão,3513504
Cubati,2505006
Cuiabá,5103403
Cuité,2505105
Cuité de Mamanguape,2505238
Cuitegi,2505204
Cujubim,1100940
Cumari,5206602
Cumaru,2604908
Cumaru do Norte,1502764
Cumbe,2801900
Cunha,3513603
Cunha Porã,4204707
Cunhataí,4204756
Cuparaque,3120839
Cupira,2605004
Curaçá,2909901
Curimatá,2203206
Curionópolis,1502772
Curitiba,4106902
Curitibanos,4204806
Curiúva,4107009
Currais,2203230
Currais Novos,2403103
Curral de Cima,2505279
Curral de Dentro,3120870
Curral Novo do Piauí,2203271
Curral Velho,2505303
Curralinho,1502806
Curralinhos,2203255
Curuá,1502855
Curuçá,1502905
Cururupu,2103703
Curvelândia,5103437
Curvelo,3120904
Custódia,2605103
Cutias,1600212
Damianópolis,5206701
Damião,2505352
Damolândia,5206800
Darcinópolis,1706506
Dário Meira,2910008
Datas,3121001
David Canabarro,4306304
Davinópolis,2103752
Davinópolis,5206909
Delfim Moreira,3121100
Delfinópolis,3121209
Delmiro Gouveia,2702405
Delta,3121258
Demerval Lobão,2203305
Denise,5103452
Deodápolis,5003454
Deputado Irapuan Pinheiro,2304269
Derrubadas,4306320
Descalvado,3513702
Descanso,4204905
Descoberto,3121308
Desterro,2505402
Desterro de Entre Rios,3121407
Desterro do Melo,3121506
Dezesseis de Novembro,4306353
Diadema,3513801
Diamante,2505600
Diamante do Norte,4107108
Diamante do Sul,4107124
Diamante D'Oeste,4107157
Diamantina,3121605
Diamantino,5103502
Dianópolis,1707009
Dias D'Ávila,2910057
Dilermando de Aguiar,4306379
Diogo de Vasconcelos,3121704
Dionísio,3121803
Dionísio Cerqueira,4205001
Diorama,5207105
Dirce Reis,3513850
Dirceu Arcoverde,2203354
Divina Pastora,2802007
Divinésia,3121902
Divino,3122009
Divino das Laranjeiras,3122108
Divino de São Lourenço,3201803
Divinolândia,3513900
Divinolândia de Minas,3122207
Divinópolis,3122306
Divinópolis de Goiás,5208301
Divinópolis do Tocantins,1707108
Divisa Alegre,3122355
Divisa Nova,3122405
Divisópolis,3122454
Dobrada,3514007
Dois Córregos,3514106
Dois Irmãos,4306403
Dois Irmãos das Missões,4306429
Dois Irmãos do Buriti,5003488
Dois Irmãos do Tocantins,1707207
Dois Lajeados,4306452
Dois Riachos,2702504
Dois Vizinhos,4107207
Dolcinópolis,3514205
Dom Aquino,5103601
Dom Basílio,2910107
Dom Bosco,3122470
Dom Cavati,3122504
Dom Eliseu,1502939
Dom Expedito Lopes,2203404
Dom Feliciano,4306502
Dom Inocêncio,2203453
Dom Joaquim,3122603
Dom Macedo Costa,2910206
Dom Pedrito,4306601
Dom Pedro,2103802
Dom Pedro de Alcântara,4306551
Dom Silvério,3122702
Dom Viçoso,3122801
Domingos Martins,3201902
Domingos Mourão,2203420
Dona Emma,4205100
Dona Eusébia,3122900
Dona Francisca,4306700
Dona Inês,2505709
Dores de Campos,3123007
Dores de Guanhães,3123106
Dores do Indaiá,3123205
Dores do Rio Preto,3202009
Dores do Turvo,3123304
Doresópolis,3123403
Dormentes,2605152
Douradina,4107256
Douradina,5003504
Dourado,3514304
Douradoquara,3123502
Dourados,5003702
Doutor Camargo,4107306
Doutor Maurício Cardoso,4306734
Doutor Pedrinho,4205159
Doutor Ricardo,4306759
Doutor Severiano,2403202
Doutor Ulysses,4128633
Doverlândia,5207253
Dracena,3514403
Duartina,3514502
Duas Barras,3301603
Duas Estradas,2505808
Dueré,1707306
Dumont,3514601
Duque Bacelar,2103901
Duque de Caxias,3301702
Durandé,3123528
Echaporã,3514700
Ecoporanga,3202108
Edealina,5207352
Edéia,5207402
Eirunepé,1301407
Eldorado,3514809
Eldorado,5003751
Eldorado do Sul,4306767
Eldorado dos Carajás,1502954
Elesbão Veloso,2203503
Elias Fausto,3514908
Eliseu Martins,2203602
Elisiário,3514924
Elísio Medrado,2910305
Elói Mendes,3123601
Emas,2505907
Embaúba,3514957
Embu,3515004
Embu-Guaçu,3515103
Emilianópolis,3515129
Encantado,4306809
Encanto,2403301
Encruzilhada,2910404
Encruzilhada do Sul,4306908
Enéas Marques,4107405
Engenheiro Beltrão,4107504
Engenheiro Caldas,3123700
Engenheiro Coelho,3515152
Engenheiro Navarro,3123809
Engenheiro Paulo de Frontin,3301801
Engenho Velho,4306924
Entre Folhas,3123858
Entre Rios,2910503
Entre Rios,4205175
Entre Rios de Minas,3123908
Entre Rios do Oeste,4107538
Entre Rios do Sul,4306957
Entre-Ijuís,4306932
Envira,1301506
Epitaciolândia,1200252
Equador,2403400
Erebango,4306973
Erechim,4307005
Ererê,2304277
Érico Cardoso,2900504
Ermo,4205191
Ernestina,4307054
Erval Grande,4307203
Erval Seco,4307302
Erval Velho,4205209
Ervália,3124005
Escada,2605202
Esmeralda,4307401
Esmeraldas,3124104
Espera Feliz,3124203
Esperança,2506004
Esperança do Sul,4307450
Esperança Nova,4107520
Esperantina,1707405
Esperantina,2203701
Esperantinópolis,2104008
Espigão Alto do Iguaçu,4107546
Espigão D'Oeste,1100098
Espinosa,3124302
Espírito Santo,2403509
Espírito Santo do Dourado,3124401
Espírito Santo do Pinhal,3515186
Espírito Santo do Turvo,3515194
Esplanada,2910602
Espumoso,4307500
Estação,4307559
Estância,2802106
Estância Velha,4307609
Esteio,4307708
Estiva,3124500
Estiva Gerbi,3557303
Estreito,2104057
Estrela,4307807
Estrela Dalva,3124609
Estrela de Alagoas,2702553
Estrela do Indaiá,3124708
Estrela do Norte,3515301
Estrela do Norte,5207501
Estrela do Sul,3124807
Estrela D'Oeste,3515202
Estrela Velha,4307815
Euclides da Cunha,2910701
Euclides da Cunha Paulista,3515350
Eugênio de Castro,4307831
Eugenópolis,3124906
Eunápolis,2910727
Eusébio,2304285
Ewbank da Câmara,3125002
Extrema,3125101
Extremoz,2403608
Exu,2605301
Fagundes,2506103
Fagundes Varela,4307864
Faina,5207535
Fama,3125200
Faria Lemos,3125309
Farias Brito,2304301
Faro,1503002
Farol,4107553
Farroupilha,4307906
Fartura,3515400
Fartura do Piauí,2203750
Fátima,1707553
Fátima,2910750
Fátima do Sul,5003801
Faxinal,4107603
Faxinal do Soturno,4308003
Faxinal dos Guedes,4205308
Faxinalzinho,4308052
Fazenda Nova,5207600
Fazenda Rio Grande,4107652
Fazenda Vilanova,4308078
Feijó,1200302
Feira da Mata,2910776
Feira de Santana,2910800
Feira Grande,2702603
Feira Nova,2605400
Feira Nova,2802205
Feira Nova do Maranhão,2104073
Felício dos Santos,3125408
Felipe Guerra,2403707
Felisburgo,3125606
Felixlândia,3125705
Feliz,4308102
Feliz Deserto,2702702
Feliz Natal,5103700
Fênix,4107702
Fernandes Pinheiro,4107736
Fernandes Tourinho,3125804
Fernando de Noronha,2605459
Fernando Falcão,2104081
Fernando Pedroza,2403756
Fernando Prestes,3515608
Fernandópolis,3515509
Fernão,3515657
Ferraz de Vasconcelos,3515707
Ferreira Gomes,1600238
Ferreiros,2605509
Ferros,3125903
Fervedouro,3125952
Figueira,4107751
Figueirão,5003900
Figueirópolis,1707652
Figueirópolis D'Oeste,5103809
Filadélfia,1707702
Filadélfia,2910859
Firmino Alves,2910909
Firminópolis,5207808
Flexeiras,2702801
Flor da Serra do Sul,4107850
Flor do Sertão,4205357
Flora Rica,3515806
Floraí,4107801
Florânia,2403806
Floreal,3515905
Flores,2605608
Flores da Cunha,4308201
Flores de Goiás,5207907
Flores do Piauí,2203800
Floresta,2605707
Floresta,4107900
Floresta Azul,2911006
Floresta do Araguaia,1503044
Floresta do Piauí,2203859
Florestal,3126000
Florestópolis,4108007
Floriano,2203909
Floriano Peixoto,4308250
Florianópolis,4205407
Flórida,4108106
Flórida Paulista,3516002
Florínia,3516101
Fonte Boa,1301605
Fontoura Xavier,4308300
Formiga,3126109
Formigueiro,4308409
Formosa,5208004
Formosa da Serra Negra,2104099
Formosa do Oeste,4108205
Formosa do Rio Preto,2911105
Formosa do Sul,4205431
Formoso,3126208
Formoso,5208103
Formoso do Araguaia,1708205
Forquetinha,4308433
Forquilha,2304350
Forquilhinha,4205456
Fortaleza,2304400
Fortaleza de Minas,3126307
Fortaleza do Tabocão,1708254
Fortaleza dos Nogueiras,2104107
Fortaleza dos Valos,4308458
Fortim,2304459
Fortuna,2104206
Fortuna de Minas,3126406
Foz do Iguaçu,4108304
Foz do Jordão,4108452
Fraiburgo,4205506
Franca,3516200
Francinópolis,2204006
Francisco Alves,4108320
Francisco Ayres,2204105
Francisco Badaró,3126505
Francisco Beltrão,4108403
Francisco Dantas,2403905
Francisco Dumont,3126604
Francisco Macedo,2204154
Francisco Morato,3516309
Francisco Sá,3126703
Francisco Santos,2204204
Franciscópolis,3126752
Franco da Rocha,3516408
Frecheirinha,2304509
Frederico Westphalen,4308508
Frei Gaspar,3126802
Frei Inocêncio,3126901
Frei Lagonegro,3126950
Frei Martinho,2506202
Frei Miguelinho,2605806
Frei Paulo,2802304
Frei Rogério,4205555
Fronteira,3127008
Fronteira dos Vales,3127057
Fronteiras,2204303
Fruta de Leite,3127073
Frutal,3127107
Frutuoso Gomes,2404002
Fundão,3202207
Funilândia,3127206
Gabriel Monteiro,3516507
Gado Bravo,2506251
Gália,3516606
Galiléia,3127305
Galinhos,2404101
Galvão,4205605
Gameleira,2605905
Gameleira de Goiás,5208152
Gameleiras,3127339
Gandu,2911204
Garanhuns,2606002
Gararu,2802403
Garça,3516705
Garibaldi,4308607
Garopaba,4205704
Garrafão do Norte,1503077
Garruchos,4308656
Garuva,4205803
Gaspar,4205902
Gastão Vidigal,3516804
Gaúcha do Norte,5103858
Gaurama,4308706
Gavião,2911253
Gavião Peixoto,3516853
Geminiano,2204352
General Câmara,4308805
General Carneiro,4108502
General Carneiro,5103908
General Maynard,2802502
General Salgado,3516903
General Sampaio,2304608
Gentil,4308854
Gentio do Ouro,2911303
Getulina,3517000
Getúlio Vargas,4308904
Gilbués,2204402
Girau do Ponciano,2702900
Giruá,4309001
Glaucilândia,3127354
Glicério,3517109
Glória,2911402
Glória de Dourados,5004007
Glória do Goitá,2606101
Glória D'Oeste,5103957
Glorinha,4309050
Godofredo Viana,2104305
Godoy Moreira,4108551
Goiabeira,3127370
Goiana,2606200
Goianá,3127388
Goianápolis,5208400
Goiandira,5208509
Goianésia,5208608
Goianésia do Pará,1503093
Goiânia,5208707
Goianinha,2404200
Goianira,5208806
Goianorte,1708304
Goiás,5208905
Goiatins,1709005
Goiatuba,5209101
Goioerê,4108601
Goioxim,4108650
Gonçalves,3127404
Gonçalves Dias,2104404
Gongogi,2911501
Gonzaga,3127503
Gouveia,3127602
Gouvelândia,5209150
Governador Archer,2104503
Governador Celso Ramos,4206009
Governador Dix-Sept Rosado,2404309
Governador Edison Lobão,2104552
Governador Eugênio Barros,2104602
Governador Jorge Teixeira,1101005
Governador Lindenberg,3202256
Governador Luiz Rocha,2104628
Governador Mangabeira,2911600
Governador Newton Bello,2104651
Governador Nunes Freire,2104677
Governador Valadares,3127701
Graça,2304657
Graça Aranha,2104701
Gracho Cardoso,2802601
Grajaú,2104800
Gramado,4309100
Gramado dos Loureiros,4309126
Gramado Xavier,4309159
Grandes Rios,4108700
Granito,2606309
Granja,2304707
Granjeiro,2304806
Grão Mogol,3127800
Grão Pará,4206108
Gravatá,2606408
Gravataí,4309209
Gravatal,4206207
Groaíras,2304905
Grossos,2404408
Grupiara,3127909
Guabiju,4309258
Guabiruba,4206306
Guaçuí,3202306
Guadalupe,2204501
Guaíba,4309308
Guaiçara,3517208
Guaimbê,3517307
Guaíra,3517406
Guaíra,4108809
Guairaçá,4108908
Guaiúba,2304954
Guajará,1301654
Guajará-Mirim,1100106
Guajeru,2911659
Guamaré,2404507
Guamiranga,4108957
Guanambi,2911709
Guanhães,3128006
Guapé,3128105
Guapiaçu,3517505
Guapiara,3517604
Guapimirim,3301850
Guapirama,4109005
Guapó,5209200
Guaporé,4309407
Guaporema,4109104
Guará,3517703
Guarabira,2506301
Guaraçaí,3517802
Guaraci,3517901
Guaraci,4109203
Guaraciaba,3128204
Guaraciaba,4206405
Guaraciaba do Norte,2305001
Guaraciama,3128253
Guaraí,1709302
Guaraíta,5209291
Guaramiranga,2305100
Guaramirim,4206504
Guaranésia,3128303
Guarani,3128402
Guarani das Missões,4309506
Guarani de Goiás,5209408
Guarani D'Oeste,3518008
Guaraniaçu,4109302
Guarantã,3518107
Guarantã do Norte,5104104
Guarapari,3202405
Guarapuava,4109401
Guaraqueçaba,4109500
Guarará,3128501
Guararapes,3518206
Guararema,3518305
Guaratinga,2911808
Guaratinguetá,3518404
Guaratuba,4109609
Guarda-Mor,3128600
Guareí,3518503
Guariba,3518602
Guaribas,2204550
Guarinos,5209457
Guarujá,3518701
Guarujá do Sul,4206603
Guarulhos,3518800
Guatambú,4206652
Guatapará,3518859
Guaxupé,3128709
Guia Lopes da Laguna,5004106
Guidoval,3128808
Guimarães,2104909
Guimarânia,3128907
Guiratinga,5104203
Guiricema,3129004
Gurinhatã,3129103
Gurinhém,2506400
Gurjão,2506509
Gurupá,1503101
Gurupi,1709500
Guzolândia,3518909
Harmonia,4309555
Heitoraí,5209606
Heliodora,3129202
Heliópolis,2911857
Herculândia,3519006
Herval,4307104
Herval D'Oeste,4206702
Herveiras,4309571
Hidrolândia,2305209
Hidrolândia,5209705
Hidrolina,5209804
Holambra,3519055
Honório Serpa,4109658
Horizonte,2305233
Horizontina,4309605
Hortolândia,3519071
Hugo Napoleão,2204600
Hulha Negra,4309654
Humaitá,1301704
Humaitá,4309704
Humberto de Campos,2105005
Iacanga,3519105
Iaciara,5209903
Iacri,3519204
Iaçu,2911907
Iapu,3129301
Iaras,3519253
Iati,2606507
Ibaiti,4109708
Ibarama,4309753
Ibaretama,2305266
Ibaté,3519303
Ibateguara,2703007
Ibatiba,3202454
Ibema,4109757
Ibertioga,3129400
Ibiá,3129509
Ibiaçá,4309803
Ibiaí,3129608
Ibiam,4206751
Ibiapina,2305308
Ibiara,2506608
Ibiassucê,2912004
Ibicaraí,2912103
Ibicaré,4206801
Ibicoara,2912202
Ibicuí,2912301
Ibicuitinga,2305332
Ibimirim,2606606
Ibipeba,2912400
Ibipitanga,2912509
Ibiporã,4109807
Ibiquera,2912608
Ibirá,3519402
Ibiracatu,3129657
Ibiraci,3129707
Ibiraçu,3202504
Ibiraiaras,4309902
Ibirajuba,2606705
Ibirama,4206900
Ibirapitanga,2912707
Ibirapuã,2912806
Ibirapuitã,4309951
Ibirarema,3519501
Ibirataia,2912905
Ibirité,3129806
Ibirubá,4310009
Ibitiara,2913002
Ibitinga,3519600
Ibitirama,3202553
Ibititá,2913101
Ibitiúra de Minas,3129905
Ibituruna,3130002
Ibiúna,3519709
Ibotirama,2913200
Icapuí,2305357
Içara,4207007
Icaraí de Minas,3130051
Icaraíma,4109906
Icatu,2105104
Icém,3519808
Ichu,2913309
Icó,2305407
Iconha,3202603
Ielmo Marinho,2404606
Iepê,3519907
Igaci,2703106
Igaporã,2913408
Igaraçu do Tietê,3520004
Igaracy,2502607
Igarapava,3520103
Igarapé,3130101
Igarapé do Meio,2105153
Igarapé Grande,2105203
Igarapé-Açu,1503200
Igarapé-Miri,1503309
Igarassu,2606804
Igaratá,3520202
Igaratinga,3130200
Igrapiúna,2913457
Igreja Nova,2703205
Igrejinha,4310108
Iguaba Grande,3301876
Iguaí,2913507
Iguape,3520301
Iguaraci,2606903
Iguaraçu,4110003
Iguatama,3130309
Iguatemi,5004304
Iguatu,2305506
Iguatu,4110052
Ijaci,3130408
Ijuí,4310207
Ilha Comprida,3520426
Ilha das Flores,2802700
Ilha de Itamaracá,2607604
Ilha Grande,2204659
Ilha Solteira,3520442
Ilhabela,3520400
Ilhéus,2913606
Ilhota,4207106
Ilicínea,3130507
Ilópolis,4310306
Imaculada,2506707
Imaruí,4207205
Imbaú,4110078
Imbé,4310330
Imbé de Minas,3130556
Imbituba,4207304
Imbituva,4110102
Imbuia,4207403
Imigrante,4310363
Imperatriz,2105302
Inácio Martins,4110201
Inaciolândia,5209937
Inajá,2607000
Inajá,4110300
Inconfidentes,3130606
Indaiabira,3130655
Indaial,4207502
Indaiatuba,3520509
Independência,2305605
Independência,4310405
Indiana,3520608
Indianópolis,3130705
Indianópolis,4110409
Indiaporã,3520707
Indiara,5209952
Indiaroba,2802809
Indiavaí,5104500
Ingá,2506806
Ingaí,3130804
Ingazeira,2607109
Inhacorá,4310413
Inhambupe,2913705
Inhangapi,1503408
Inhapi,2703304
Inhapim,3130903
Inhaúma,3131000
Inhuma,2204709
Inhumas,5210000
Inimutaba,3131109
Inocência,5004403
Inúbia Paulista,3520806
Iomerê,4207577
Ipaba,3131158
Ipameri,5210109
Ipanema,3131208
Ipanguaçu,2404705
Ipaporanga,2305654
Ipatinga,3131307
Ipaumirim,2305704
Ipaussu,3520905
Ipê,4310439
Ipecaetá,2913804
Iperó,3521002
Ipeúna,3521101
Ipiaçu,3131406
Ipiaú,2913903
Ipiguá,3521150
Ipira,4207601
Ipirá,2914000
Ipiranga,4110508
Ipiranga de Goiás,5210158
Ipiranga do Norte,5104526
Ipiranga do Piauí,2204808
Ipiranga do Sul,4310462
Ipixuna,1301803
Ipixuna do Pará,1503457
Ipojuca,2607208
Iporá,5210208
Iporã,4110607
Iporã do Oeste,4207650
Iporanga,3521200
Ipu,2305803
Ipuã,3521309
Ipuaçu,4207684
Ipubi,2607307
Ipueira,2404804
Ipueiras,1709807
Ipueiras,2305902
Ipuiúna,3131505
Ipumirim,4207700
Ipupiara,2914109
Iracema,1400282
Iracema,2306009
Iracema do Oeste,4110656
Iracemápolis,3521408
Iraceminha,4207759
Iraí,4310504
Iraí de Minas,3131604
Irajuba,2914208
Iramaia,2914307
Iranduba,1301852
Irani,4207809
Irapuã,3521507
Irapuru,3521606
Iraquara,2914406
Irará,2914505
Irati,4110706
Irati,4207858
Irauçuba,2306108
Irecê,2914604
Iretama,4110805
Irineópolis,4207908
Irituia,1503507
Irupi,3202652
Isaías Coelho,2204907
Israelândia,5210307
Itá,4208005
Itaara,4310538
Itabaiana,2506905
Itabaiana,2802908
Itabaianinha,2803005
Itabela,2914653
Itaberá,3521705
Itaberaba,2914703
Itaberaí,5210406
Itabi,2803104
Itabira,3131703
Itabirinha,3131802
Itabirito,3131901
Itaboraí,3301900
Itabuna,2914802
Itacajá,1710508
Itacambira,3132008
Itacarambi,3132107
Itacaré,2914901
Itacoatiara,1301902
Itacuruba,2607406
Itacurubi,4310553
Itaeté,2915007
Itagi,2915106
Itagibá,2915205
Itagimirim,2915304
Itaguaçu,3202702
Itaguaçu da Bahia,2915353
Itaguaí,3302007
Itaguajé,4110904
Itaguara,3132206
Itaguari,5210562
Itaguaru,5210604
Itaguatins,1710706
Itaí,3521804
Itaíba,2607505
Itaiçaba,2306207
Itainópolis,2205003
Itaiópolis,4208104
Itaipava do Grajaú,2105351
Itaipé,3132305
Itaipulândia,4110953
Itaitinga,2306256
Itaituba,1503606
Itajá,2404853
Itajá,5210802
Itajaí,4208203
Itajobi,3521903
Itaju,3522000
Itaju do Colônia,2915403
Itajubá,3132404
Itajuípe,2915502
Italva,3302056
Itamaraju,2915601
Itamarandiba,3132503
Itamarati,1301951
Itamarati de Minas,3132602
Itamari,2915700
Itambacuri,3132701
Itambaracá,4111001
Itambé,2607653
Itambé,2915809
Itambé,4111100
Itambé do Mato Dentro,3132800
Itamogi,3132909
Itamonte,3133006
Itanagra,2915908
Itanhaém,3522109
Itanhandu,3133105
Itanhangá,5104542
Itanhém,2916005
Itanhomi,3133204
Itaobim,3133303
Itaóca,3522158
Itaocara,3302106
Itapaci,5210901
Itapagé,2306306
Itapagipe,3133402
Itaparica,2916104
Itapé,2916203
Itapebi,2916302
Itapecerica,3133501
Itapecerica da Serra,3522208
Itapecuru Mirim,2105401
Itapejara D'Oeste,4111209
Itapema,4208302
Itapemirim,3202801
Itaperuçu,4111258
Itaperuna,3302205
Itapetim,2607703
Itapetinga,2916401
Itapetininga,3522307
Itapeva,3133600
Itapeva,3522406
Itapevi,3522505
Itapicuru,2916500
Itapipoca,2306405
Itapira,3522604
Itapiranga,1302009
Itapiranga,4208401
Itapirapuã,5211008
Itapirapuã Paulista,3522653
Itapiratins,1710904
Itapissuma,2607752
Itapitanga,2916609
Itapiúna,2306504
Itapoá,4208450
Itápolis,3522703
Itaporã,5004502
Itaporã do Tocantins,1711100
Itaporanga,2507002
Itaporanga,3522802
Itaporanga D'Ajuda,2803203
Itapororoca,2507101
Itapuã do Oeste,1101104
Itapuca,4310579
Itapuí,3522901
Itapura,3523008
Itapuranga,5211206
Itaquaquecetuba,3523107
Itaquara,2916708
Itaqui,4310603
Itaquiraí,5004601
Itaquitinga,2607802
Itarana,3202900
Itarantim,2916807
Itararé,3523206
Itarema,2306553
Itariri,3523305
Itarumã,5211305
Itati,4310652
Itatiaia,3302254
Itatiaiuçu,3133709
Itatiba,3523404
Itatiba do Sul,4310702
Itatim,2916856
Itatinga,3523503
Itatira,2306603
Itatuba,2507200
Itaú,2404903
Itaú de Minas,3133758
Itaúba,5104559
Itaubal,1600253
Itauçu,5211404
Itaueira,2205102
Itaúna,3133808
Itaúna do Sul,4111308
Itaverava,3133907
Itinga,3134004
Itinga do Maranhão,2105427
Itiquira,5104609
Itirapina,3523602
Itirapuã,3523701
Itiruçu,2916906
Itiúba,2917003
Itobi,3523800
Itororó,2917102
Itu,3523909
Ituaçu,2917201
Ituberá,2917300
Itueta,3134103
Ituiutaba,3134202
Itumbiara,5211503
Itumirim,3134301
Itupeva,3524006
Itupiranga,1503705
Ituporanga,4208500
Iturama,3134400
Itutinga,3134509
Ituverava,3524105
Iuiú,2917334
Iúna,3203007
Ivaí,4111407
Ivaiporã,4111506
Ivaté,4111555
Ivatuba,4111605
Ivinhema,5004700
Ivolândia,5211602
Ivorá,4310751
Ivoti,4310801
Jaboatão dos Guararapes,2607901
Jaborá,4208609
Jaborandi,2917359
Jaborandi,3524204
Jaboti,4111704
Jaboticaba,4310850
Jaboticabal,3524303
Jaboticatubas,3134608
Jaçanã,2405009
Jacaraci,2917409
Jacaraú,2507309
Jacaré dos Homens,2703403
Jacareacanga,1503754
Jacareí,3524402
Jacarezinho,4111803
Jaci,3524501
Jaciara,5104807
Jacinto,3134707
Jacinto Machado,4208708
Jacobina,2917508
Jacobina do Piauí,2205151
Jacuí,3134806
Jacuípe,2703502
Jacuizinho,4310876
Jacundá,1503804
Jacupiranga,3524600
Jacutinga,3134905
Jacutinga,4310900
Jaguapitã,4111902
Jaguaquara,2917607
Jaguaraçu,3135001
Jaguarão,4311007
Jaguarari,2917706
Jaguaré,3203056
Jaguaretama,2306702
Jaguari,4311106
Jaguariaíva,4112009
Jaguaribara,2306801
Jaguaribe,2306900
Jaguaripe,2917805
Jaguariúna,3524709
Jaguaruana,2307007
Jaguaruna,4208807
Jaíba,3135050
Jaicós,2205201
Jales,3524808
Jambeiro,3524907
Jampruca,3135076
Janaúba,3135100
Jandaia,5211701
Jandaia do Sul,4112108
Jandaíra,2405108
Jandaíra,2917904
Jandira,3525003
Janduís,2405207
Jangada,5104906
Janiópolis,4112207
Januária,3135209
Januário Cicco,2405306
Japaraíba,3135308
Japaratinga,2703601
Japaratuba,2803302
Japeri,3302270
Japi,2405405
Japira,4112306
Japoatã,2803401
Japonvar,3135357
Japorã,5004809
Japurá,1302108
Japurá,4112405
Jaqueira,2607950
Jaquirana,4311122
Jaraguá,5211800
Jaraguá do Sul,4208906
Jaraguari,5004908
Jaramataia,2703700
Jardim,2307106
Jardim,5005004
Jardim Alegre,4112504
Jardim de Angicos,2405504
Jardim de Piranhas,2405603
Jardim do Mulato,2205250
Jardim do Seridó,2405702
Jardim Olinda,4112603
Jardinópolis,3525102
Jardinópolis,4208955
Jari,4311130
Jarinu,3525201
Jaru,1100114
Jataí,5211909
Jataizinho,4112702
Jataúba,2608008
Jateí,5005103
Jati,2307205
Jatobá,2105450
Jatobá,2608057
Jatobá do Piauí,2205276
Jaú,3525300
Jaú do Tocantins,1711506
Jaupaci,5212006
Jauru,5105002
Jeceaba,3135407
Jenipapo de Minas,3135456
Jenipapo dos Vieiras,2105476
Jequeri,3135506
Jequiá da Praia,2703759
Jequié,2918001
Jequitaí,3135605
Jequitibá,3135704
Jequitinhonha,3135803
Jeremoabo,2918100
Jericó,2507408
Jeriquara,3525409
Jerônimo Monteiro,3203106
Jerumenha,2205300
Jesuânia,3135902
Jesuítas,4112751
Jesúpolis,5212055
Jijoca de Jericoacoara,2307254
Ji-Paraná,1100122
Jiquiriçá,2918209
Jitaúna,2918308
Joaçaba,4209003
Joaíma,3136009
Joanésia,3136108
Joanópolis,3525508
João Alfredo,2608107
João Câmara,2405801
João Costa,2205359
João Dias,2405900
João Dourado,2918357
João Lisboa,2105500
João Monlevade,3136207
João Neiva,3203130
João Pessoa,2507507
João Pinheiro,3136306
João Ramalho,3525607
Joaquim Felício,3136405
Joaquim Gomes,2703809
Joaquim Nabuco,2608206
Joaquim Pires,2205409
Joaquim Távora,4112801
Joca Marques,2205458
Jóia,4311155
Joinville,4209102
Jordânia,3136504
Jordão,1200328
José Boiteux,4209151
José Bonifácio,3525706
José da Penha,2406007
José de Freitas,2205508
José Gonçalves de Minas,3136520
José Raydan,3136553
Joselândia,2105609
Josenópolis,3136579
Joviânia,5212105
Juara,5105101
Juarez Távora,2507606
Juarina,1711803
Juatuba,3136652
Juazeirinho,2507705
Juazeiro,2918407
Juazeiro do Norte,2307304
Juazeiro do Piauí,2205516
Jucás,2307403
Jucati,2608255
Jucuruçu,2918456
Jucurutu,2406106
Juína,5105150
Juiz de Fora,3136702
Júlio Borges,2205524
Júlio de Castilhos,4311205
Júlio Mesquita,3525805
Jumirim,3525854
Junco do Maranhão,2105658
Junco do Seridó,2507804
Jundiá,2406155
Jundiá,2703908
Jundiaí,3525904
Jundiaí do Sul,4112900
Junqueiro,2704005
Junqueirópolis,3526001
Jupi,2608305
Jupiá,4209177
Juquiá,3526100
Juquitiba,3526209
Juramento,3136801
Juranda,4112959
Jurema,2205532
Jurema,2608404
Juripiranga,2507903
Juru,2508000
Juruá,1302207
Juruaia,3136900
Juruena,5105176
Juruti,1503903
Juscimeira,5105200
Jussara,2918506
Jussara,4113007
Jussara,5212204
Jussari,2918555
Jussiape,2918605
Jutaí,1302306
Juti,5005152
Juvenília,3136959
Kaloré,4113106
Lábrea,1302405
Lacerdópolis,4209201
Ladainha,3137007
Ladário,5005202
Lafaiete Coutinho,2918704
Lagamar,3137106
Lagarto,2803500
Lages,4209300
Lago da Pedra,2105708
Lago do Junco,2105807
Lago dos Rodrigues,2105948
Lago Verde,2105906
Lagoa,2508109
Lagoa Alegre,2205557
Lagoa Bonita do Sul,4311239
Lagoa da Canoa,2704104
Lagoa da Confusão,1711902
Lagoa da Prata,3137205
Lagoa D'Anta,2406205
Lagoa de Dentro,2508208
Lagoa de Itaenga,2608503
Lagoa de Pedras,2406304
Lagoa de São Francisco,2205573
Lagoa de Velhos,2406403
Lagoa do Barro do Piauí,2205565
Lagoa do Carro,2608453
Lagoa do Mato,2105922
Lagoa do Ouro,2608602
Lagoa do Piauí,2205581
Lagoa do Sítio,2205599
Lagoa do Tocantins,1711951
Lagoa dos Gatos,2608701
Lagoa dos Patos,3137304
Lagoa dos Três Cantos,4311270
Lagoa Dourada,3137403
Lagoa Formosa,3137502
Lagoa Grande,2608750
Lagoa Grande,3137536
Lagoa Grande do Maranhão,2105963
Lagoa Nova,2406502
Lagoa Real,2918753
Lagoa Salgada,2406601
Lagoa Santa,3137601
Lagoa Santa,5212253
Lagoa Seca,2508307
Lagoa Vermelha,4311304
Lagoão,4311254
Lagoinha,3526308
Lagoinha do Piauí,2205540
Laguna,4209409
Laguna Carapã,5005251
Laje,2918803
Laje do Muriaé,3302304
Lajeado,1712009
Lajeado,4311403
Lajeado do Bugre,4311429
Lajeado Grande,4209458
Lajeado Novo,2105989
Lajedão,2918902
Lajedinho,2919009
Lajedo,2608800
Lajedo do Tabocal,2919058
Lajes,2406700
Lajes Pintadas,2406809
Lajinha,3137700
Lamarão,2919108
Lambari,3137809
Lambari D'Oeste,5105234
Lamim,3137908
Landri Sales,2205607
Lapa,4113205
Lapão,2919157
Laranja da Terra,3203163
Laranjal,3138005
Laranjal,4113254
Laranjal do Jari,1600279
Laranjal Paulista,3526407
Laranjeiras,2803609
Laranjeiras do Sul,4113304
Lassance,3138104
Lastro,2508406
Laurentino,4209508
Lauro de Freitas,2919207
Lauro Muller,4209607
Lavandeira,1712157
Lavínia,3526506
Lavras,3138203
Lavras da Mangabeira,2307502
Lavras do Sul,4311502
Lavrinhas,3526605
Leandro Ferreira,3138302
Lebon Régis,4209706
Leme,3526704
Leme do Prado,3138351
Lençóis,2919306
Lençóis Paulista,3526803
Leoberto Leal,4209805
Leopoldina,3138401
Leopoldo de Bulhões,5212303
Leópolis,4113403
Liberato Salzano,4311601
Liberdade,3138500
Licínio de Almeida,2919405
Lidianópolis,4113429
Lima Campos,2106003
Lima Duarte,3138609
Limeira,3526902
Limeira do Oeste,3138625
Limoeiro,2608909
Limoeiro de Anadia,2704203
Limoeiro do Ajuru,1504000
Limoeiro do Norte,2307601
Lindoeste,4113452
Lindóia,3527009
Lindóia do Sul,4209854
Lindolfo Collor,4311627
Linha Nova,4311643
Linhares,3203205
Lins,3527108
Livramento,2508505
Livramento de Nossa Senhora,2919504
Lizarda,1712405
Loanda,4113502
Lobato,4113601
Logradouro,2508554
Londrina,4113700
Lontra,3138658
Lontras,4209904
Lorena,3527207
Loreto,2106102
Lourdes,3527256
Louveira,3527306
Lucas do Rio Verde,5105259
Lucélia,3527405
Lucena,2508604
Lucianópolis,3527504
Luciara,5105309
Lucrécia,2406908
Luís Antônio,3527603
Luís Correia,2205706
Luís Domingues,2106201
Luís Eduardo Magalhães,2919553
Luís Gomes,2407005
Luisburgo,3138674
Luislândia,3138682
Luiz Alves,4210001
Luiziana,4113734
Luiziânia,3527702
Luminárias,3138708
Lunardelli,4113759
Lupércio,3527801
Lupionópolis,4113809
Lutécia,3527900
Luz,3138807
Luzerna,4210035
Luziânia,5212501
Luzilândia,2205805
Luzinópolis,1712454
Macaé,3302403
Macaíba,2407104
Macajuba,2919603
Maçambará,4311718
Macambira,2803708
Macapá,1600303
Macaparana,2609006
Macarani,2919702
Macatuba,3528007
Macau,2407203
Macaubal,3528106
Macaúbas,2919801
Macedônia,3528205
Maceió,2704302
Machacalis,3138906
Machadinho,4311700
Machadinho D'Oeste,1100130
Machado,3139003
Machados,2609105
Macieira,4210050
Macuco,3302452
Macururé,2919900
Madalena,2307635
Madeiro,2205854
Madre de Deus,2919926
Madre de Deus de Minas,3139102
Mãe D'Água,2508703
Mãe do Rio,1504059
Maetinga,2919959
Mafra,4210100
Magalhães Barata,1504109
Magalhães de Almeida,2106300
Magda,3528304
Magé,3302502
Maiquinique,2920007
Mairi,2920106
Mairinque,3528403
Mairiporã,3528502
Mairipotaba,5212600
Major Gercino,4210209
Major Isidoro,2704401
Major Sales,2407252
Major Vieira,4210308
Malacacheta,3139201
Malhada,2920205
Malhada de Pedras,2920304
Malhada dos Bois,2803807
Malhador,2803906
Mallet,4113908
Malta,2508802
Mamanguape,2508901
Mambaí,5212709
Mamborê,4114005
Mamonas,3139250
Mampituba,4311734
Manacapuru,1302504
Manaíra,2509008
Manaquiri,1302553
Manari,2609154
Manaus,1302603
Mâncio Lima,1200336
Mandaguaçu,4114104
Mandaguari,4114203
Mandirituba,4114302
Manduri,3528601
Manfrinópolis,4114351
Manga,3139300
Mangaratiba,3302601
Mangueirinha,4114401
Manhuaçu,3139409
Manhumirim,3139508
Manicoré,1302702
Manoel Emídio,2205904
Manoel Ribas,4114500
Manoel Urbano,1200344
Manoel Viana,4311759
Manoel Vitorino,2920403
Mansidão,2920452
Mantena,3139607
Mantenópolis,3203304
Maquiné,4311775
Mar de Espanha,3139805
Mar Vermelho,2704906
Mara Rosa,5212808
Maraã,1302801
Marabá,1504208
Marabá Paulista,3528700
Maracaçumé,2106326
Maracaí,3528809
Maracajá,4210407
Maracaju,5005400
Maracanã,1504307
Maracanaú,2307650
Maracás,2920502
Maragogi,2704500
Maragogipe,2920601
Maraial,2609204
Marajá do Sena,2106359
Maranguape,2307700
Maranhãozinho,2106375
Marapanim,1504406
Marapoama,3528858
Maratá,4311791
Marataízes,3203320
Marau,4311809
Maraú,2920700
Maravilha,2704609
Maravilha,4210506
Maravilhas,3139706
Marcação,2509057
Marcelândia,5105580
Marcelino Ramos,4311908
Marcelino Vieira,2407302
Marcionílio Souza,2920809
Marco,2307809
Marcolândia,2205953
Marcos Parente,2206001
Marechal Cândido Rondon,4114609
Marechal Deodoro,2704708
Marechal Floriano,3203346
Marechal Thaumaturgo,1200351
Marema,4210555
Mari,2509107
Maria da Fé,3139904
Maria Helena,4114708
Marialva,4114807
Mariana,3140001
Mariana Pimentel,4311981
Mariano Moro,4312005
Marianópolis do Tocantins,1712504
Mariápolis,3528908
Maribondo,2704807
Maricá,3302700
Marilac,3140100
Marilândia,3203353
Marilândia do Sul,4114906
Marilena,4115002
Marília,3529005
Mariluz,4115101
Maringá,4115200
Marinópolis,3529104
Mário Campos,3140159
Mariópolis,4115309
Maripá,4115358
Maripá de Minas,3140209
Marituba,1504422
Marizópolis,2509156
Marliéria,3140308
Marmeleiro,4115408
Marmelópolis,3140407
Marques de Souza,4312054
Marquinho,4115457
Martinho Campos,3140506
Martinópole,2307908
Martinópolis,3529203
Martins,2407401
Martins Soares,3140530
Maruim,2804003
Marumbi,4115507
Marzagão,5212907
Mascote,2920908
Massapê,2308005
Massapê do Piauí,2206050
Massaranduba,2509206
Massaranduba,4210605
Mata,4312104
Mata de São João,2921005
Mata Grande,2705002
Mata Roma,2106409
Mata Verde,3140555
Matão,3529302
Mataraca,2509305
Mateiros,1712702
Matelândia,4115606
Materlândia,3140605
Mateus Leme,3140704
Mathias Lobato,3171501
Matias Barbosa,3140803
Matias Cardoso,3140852
Matias Olímpio,2206100
Matina,2921054
Matinha,2106508
Matinhas,2509339
Matinhos,4115705
Matipó,3140902
Mato Castelhano,4312138
Mato Grosso,2509370
Mato Leitão,4312153
Mato Queimado,4312179
Mato Rico,4115739
Mato Verde,3141009
Matões,2106607
Matões do Norte,2106631
Matos Costa,4210704
Matozinhos,3141108
Matrinchã,5212956
Matriz de Camaragibe,2705101
Matupá,5105606
Maturéia,2509396
Matutina,3141207
Mauá,3529401
Mauá da Serra,4115754
Maués,1302900
Maurilândia,5213004
Maurilândia do Tocantins,1712801
Mauriti,2308104
Maxaranguape,2407500
Maximiliano de Almeida,4312203
Mazagão,1600402
Medeiros,3141306
Medeiros Neto,2921104
Medianeira,4115804
Medicilândia,1504455
Medina,3141405
Meleiro,4210803
Melgaço,1504505
Mendes,3302809
Mendes Pimentel,3141504
Mendonça,3529500
Mercedes,4115853
Mercês,3141603
Meridiano,3529609
Meruoca,2308203
Mesópolis,3529658
Mesquita,3141702
Mesquita,3302858
Messias,2705200
Messias Targino,2407609
Miguel Alves,2206209
Miguel Calmon,2921203
Miguel Leão,2206308
Miguel Pereira,3302908
Miguelópolis,3529708
Milagres,2308302
Milagres,2921302
Milagres do Maranhão,2106672
Milhã,2308351
Milton Brandão,2206357
Mimoso de Goiás,5213053
Mimoso do Sul,3203403
Minaçu,5213087
Minador do Negrão,2705309
Minas do Leão,4312252
Minas Novas,3141801
Minduri,3141900
Mineiros,5213103
Mineiros do Tietê,3529807
Ministro Andreazza,1101203
Mira Estrela,3530003
Mirabela,3142007
Miracatu,3529906
Miracema,3303005
Miracema do Tocantins,1713205
Mirador,2106706
Mirador,4115903
Miradouro,3142106
Miraguaí,4312302
Miraí,3142205
Miraíma,2308377
Miranda,5005608
Miranda do Norte,2106755
Mirandiba,2609303
Mirandópolis,3530102
Mirangaba,2921401
Miranorte,1713304
Mirante,2921450
Mirante da Serra,1101302
Mirante do Paranapanema,3530201
Miraselva,4116000
Mirassol,3530300
Mirassol D'Oeste,5105622
Mirassolândia,3530409
Miravânia,3142254
Mirim Doce,4210852
Mirinzal,2106805
Missal,4116059
Missão Velha,2308401
Mocajuba,1504604
Mococa,3530508
Modelo,4210902
Moeda,3142304
Moema,3142403
Mogeiro,2509404
Mogi das Cruzes,3530607
Mogi Guaçu,3530706
Moiporá,5213400
Moita Bonita,2804102
Moji Mirim,3530805
Moju,1504703
Mombaça,2308500
Mombuca,3530904
Monção,2106904
Monções,3531001
Mondaí,4211009
Mongaguá,3531100
Monjolos,3142502
Monsenhor Gil,2206407
Monsenhor Hipólito,2206506
Monsenhor Paulo,3142601
Monsenhor Tabosa,2308609
Montadas,2509503
Montalvânia,3142700
Montanha,3203502
Montanhas,2407708
Montauri,4312351
Monte Alegre,1504802
Monte Alegre,2407807
Monte Alegre de Goiás,5213509
Monte Alegre de Minas,3142809
Monte Alegre de Sergipe,2804201
Monte Alegre do Piauí,2206605
Monte Alegre do Sul,3531209
Monte Alegre dos Campos,4312377
Monte Alto,3531308
Monte Aprazível,3531407
Monte Azul,3142908
Monte Azul Paulista,3531506
Monte Belo,3143005
Monte Belo do Sul,4312385
Monte Carlo,4211058
Monte Carmelo,3143104
Monte Castelo,3531605
Monte Castelo,4211108
Monte das Gameleiras,2407906
Monte do Carmo,1713601
Monte Formoso,3143153
Monte Horebe,2509602
Monte Mor,3531803
Monte Negro,1101401
Monte Santo,2921500
Monte Santo de Minas,3143203
Monte Santo do Tocantins,1713700
Monte Sião,3143401
Monteiro,2509701
Monteiro Lobato,3531704
Monteirópolis,2705408
Montenegro,4312401
Montes Altos,2107001
Montes Claros,3143302
Montes Claros de Goiás,5213707
Montezuma,3143450
Montividiu,5213756
Montividiu do Norte,5213772
Morada Nova,2308708
Morada Nova de Minas,3143500
Moraújo,2308807
Moreilândia,2614303
Moreira Sales,4116109
Moreno,2609402
Mormaço,4312427
Morpará,2921609
Morretes,4116208
Morrinhos,2308906
Morrinhos,5213806
Morrinhos do Sul,4312443
Morro Agudo,3531902
Morro Agudo de Goiás,5213855
Morro Cabeça no Tempo,2206654
Morro da Fumaça,4211207
Morro da Garça,3143609
Morro do Chapéu,2921708
Morro do Chapéu do Piauí,2206670
Morro do Pilar,3143708
Morro Grande,4211256
Morro Redondo,4312450
Morro Reuter,4312476
Morros,2107100
Mortugaba,2921807
Morungaba,3532009
Mossâmedes,5213905
Mossoró,2408003
Mostardas,4312500
Motuca,3532058
Mozarlândia,5214002
Muaná,1504901
Mucajaí,1400308
Mucambo,2309003
Mucugê,2921906
Muçum,4312609
Mucuri,2922003
Mucurici,3203601
Muitos Capões,4312617
Muliterno,4312625
Mulungu,2309102
Mulungu,2509800
Mulungu do Morro,2922052
Mundo Novo,2922102
Mundo Novo,5005681
Mundo Novo,5214051
Munhoz,3143807
Munhoz de Melo,4116307
Muniz Ferreira,2922201
Muniz Freire,3203700
Muquém de São Francisco,2922250
Muqui,3203809
Muriaé,3143906
Muribeca,2804300
Murici,2705507
Murici dos Portelas,2206696
Muricilândia,1713957
Muritiba,2922300
Murutinga do Sul,3532108
Mutuípe,2922409
Mutum,3144003
Mutunópolis,5214101
Muzambinho,3144102
Nacip Raydan,3144201
Nantes,3532157
Nanuque,3144300
Não-Me-Toque,4312658
Naque,3144359
Narandiba,3532207
Natal,2408102
Natalândia,3144375
Natércia,3144409
Natividade,1714203
Natividade,3303104
Natividade da Serra,3532306
Natuba,2509909
Navegantes,4211306
Naviraí,5005707
Nazaré,1714302
Nazaré,2922508
Nazaré da Mata,2609501
Nazaré do Piauí,2206704
Nazaré Paulista,3532405
Nazareno,3144508
Nazarezinho,2510006
Nazária,2206720
Nazário,5214408
Neópolis,2804409
Nepomuceno,3144607
Nerópolis,5214507
Neves Paulista,3532504
Nhamundá,1303007
Nhandeara,3532603
Nicolau Vergueiro,4312674
Nilo Peçanha,2922607
Nilópolis,3303203
Nina Rodrigues,2107209
Ninheira,3144656
Nioaque,5005806
Nipoã,3532702
Niquelândia,5214606
Nísia Floresta,2408201
Niterói,3303302
Nobres,5105903
Nonoai,4312708
Nordestina,2922656
Normandia,1400407
Nortelândia,5106000
Nossa Senhora Aparecida,2804458
Nossa Senhora da Glória,2804508
Nossa Senhora das Dores,2804607
Nossa Senhora das Graças,4116406
Nossa Senhora de Lourdes,2804706
Nossa Senhora de Nazaré,2206753
Nossa Senhora do Livramento,5106109
Nossa Senhora do Socorro,2804805
Nossa Senhora dos Remédios,2206803
Nova Aliança,3532801
Nova Aliança do Ivaí,4116505
Nova Alvorada,4312757
Nova Alvorada do Sul,5006002
Nova América,5214705
Nova América da Colina,4116604
Nova Andradina,5006200
Nova Araçá,4312807
Nova Aurora,4116703
Nova Aurora,5214804
Nova Bandeirantes,5106158
Nova Bassano,4312906
Nova Belém,3144672
Nova Boa Vista,4312955
Nova Brasilândia,5106208
Nova Brasilândia D'Oeste,1100148
Nova Bréscia,4313003
Nova Campina,3532827
Nova Canaã,2922706
Nova Canaã do Norte,5106216
Nova Canaã Paulista,3532843
Nova Candelária,4313011
Nova Cantu,4116802
Nova Castilho,3532868
Nova Colinas,2107258
Nova Crixás,5214838
Nova Cruz,2408300
Nova Era,3144706
Nova Erechim,4211405
Nova Esperança,4116901
Nova Esperança do Piriá,1504950
Nova Esperança do Sudoeste,4116950
Nova Esperança do Sul,4313037
Nova Europa,3532900
Nova Fátima,2922730
Nova Fátima,4117008
Nova Floresta,2510105
Nova Friburgo,3303401
Nova Glória,5214861
Nova Granada,3533007
Nova Guarita,5108808
Nova Guataporanga,3533106
Nova Hartz,4313060
Nova Ibiá,2922755
Nova Iguaçu,3303500
Nova Iguaçu de Goiás,5214879
Nova Independência,3533205
Nova Iorque,2107308
Nova Ipixuna,1504976
Nova Itaberaba,4211454
Nova Itarana,2922805
Nova Lacerda,5106182
Nova Laranjeiras,4117057
Nova Lima,3144805
Nova Londrina,4117107
Nova Luzitânia,3533304
Nova Mamoré,1100338
Nova Marilândia,5108857
Nova Maringá,5108907
Nova Módica,3144904
Nova Monte Verde,5108956
Nova Mutum,5106224
Nova Nazaré,5106174
Nova Odessa,3533403
Nova Olímpia,4117206
Nova Olímpia,5106232
Nova Olinda,1714880
Nova Olinda,2309201
Nova Olinda,2510204
Nova Olinda do Maranhão,2107357
Nova Olinda do Norte,1303106
Nova Pádua,4313086
Nova Palma,4313102
Nova Palmeira,2510303
Nova Petrópolis,4313201
Nova Ponte,3145000
Nova Porteirinha,3145059
Nova Prata,4313300
Nova Prata do Iguaçu,4117255
Nova Ramada,4313334
Nova Redenção,2922854
Nova Resende,3145109
Nova Roma,5214903
Nova Roma do Sul,4313359
Nova Rosalândia,1715002
Nova Russas,2309300
Nova Santa Bárbara,4117214
Nova Santa Helena,5106190
Nova Santa Rita,2207959
Nova Santa Rita,4313375
Nova Santa Rosa,4117222
Nova Serrana,3145208
Nova Soure,2922904
Nova Tebas,4117271
Nova Timboteua,1505007
Nova Trento,4211504
Nova Ubiratã,5106240
Nova União,1101435
Nova União,3136603
Nova Venécia,3203908
Nova Veneza,4211603
Nova Veneza,5215009
Nova Viçosa,2923001
Nova Xavantina,5106257
Novais,3533254
Novo Acordo,1715101
Novo Airão,1303205
Novo Alegre,1715150
Novo Aripuanã,1303304
Novo Barreiro,4313490
Novo Brasil,5215207
Novo Cabrais,4313391
Novo Cruzeiro,3145307
Novo Gama,5215231
Novo Hamburgo,4313409
Novo Horizonte,2923035
Novo Horizonte,3533502
Novo Horizonte,4211652
Novo Horizonte do Norte,5106273
Novo Horizonte do Oeste,1100502
Novo Horizonte do Sul,5006259
Novo Itacolomi,4117297
Novo Jardim,1715259
Novo Lino,2705606
Novo Machado,4313425
Novo Mundo,5106265
Novo Oriente,2309409
Novo Oriente de Minas,3145356
Novo Oriente do Piauí,2206902
Novo Planalto,5215256
Novo Progresso,1505031
Novo Repartimento,1505064
Novo Santo Antônio,2206951
Novo Santo Antônio,5106315
Novo São Joaquim,5106281
Novo Tiradentes,4313441
Novo Triunfo,2923050
Novo Xingu,4313466
Novorizonte,3145372
Nuporanga,3533601
Óbidos,1505106
Ocara,2309458
Ocauçu,3533700
Oeiras,2207009
Oeiras do Pará,1505205
Oiapoque,1600501
Olaria,3145406
Óleo,3533809
Olho D'Água,2510402
Olho D'Água das Cunhãs,2107407
Olho D'Água das Flores,2705705
Olho D'Água do Casado,2705804
Olho D'Água do Piauí,2207108
Olho D'Água Grande,2705903
Olho-D'Água do Borges,2408409
Olhos-D'Água,3145455
Olímpia,3533908
Olímpio Noronha,3145505
Olinda,2609600
Olinda Nova do Maranhão,2107456
Olindina,2923100
Olivedos,2510501
Oliveira,3145604
Oliveira de Fátima,1715507
Oliveira dos Brejinhos,2923209
Oliveira Fortes,3145703
Olivença,2706000
Onça de Pitangui,3145802
Onda Verde,3534005
Oratórios,3145851
Oriente,3534104
Orindiúva,3534203
Oriximiná,1505304
Orizânia,3145877
Orizona,5215306
Orlândia,3534302
Orleans,4211702
Orobó,2609709
Orocó,2609808
Orós,2309508
Ortigueira,4117305
Osasco,3534401
Oscar Bressane,3534500
Osório,4313508
Osvaldo Cruz,3534609
Otacílio Costa,4211751
Ourém,1505403
Ouriçangas,2923308
Ouricuri,2609907
Ourilândia do Norte,1505437
Ourinhos,3534708
Ourizona,4117404
Ouro,4211801
Ouro Branco,2408508
Ouro Branco,2706109
Ouro Branco,3145901
Ouro Fino,3146008
Ouro Preto,3146107
Ouro Preto do Oeste,1100155
Ouro Velho,2510600
Ouro Verde,3534807
Ouro Verde,4211850
Ouro Verde de Goiás,5215405
Ouro Verde de Minas,3146206
Ouro Verde do Oeste,4117453
Ouroeste,3534757
Ourolândia,2923357
Ouvidor,5215504
Pacaembu,3534906
Pacajá,1505486
Pacajus,2309607
Pacaraima,1400456
Pacatuba,2309706
Pacatuba,2804904
Paço do Lumiar,2107506
Pacoti,2309805
Pacujá,2309904
Padre Bernardo,5215603
Padre Carvalho,3146255
Padre Marcos,2207207
Padre Paraíso,3146305
Paes Landim,2207306
Pai Pedro,3146552
Paial,4211876
Paiçandu,4117503
Paim Filho,4313607
Paineiras,3146404
Painel,4211892
Pains,3146503
Paiva,3146602
Pajeú do Piauí,2207355
Palestina,2706208
Palestina,3535002
Palestina de Goiás,5215652
Palestina do Pará,1505494
Palhano,2310001
Palhoça,4211900
Palma,3146701
Palma Sola,4212007
Palmácia,2310100
Palmares,2610004
Palmares do Sul,4313656
Palmares Paulista,3535101
Palmas,1721000
Palmas,4117602
Palmas de Monte Alto,2923407
Palmeira,4117701
Palmeira,4212056
Palmeira das Missões,4313706
Palmeira do Piauí,2207405
Palmeira D'Oeste,3535200
Palmeira dos Índios,2706307
Palmeirais,2207504
Palmeirândia,2107605
Palmeirante,1715705
Palmeiras,2923506
Palmeiras de Goiás,5215702
Palmeiras do Tocantins,1713809
Palmeirina,2610103
Palmeirópolis,1715754
Palmelo,5215801
Palminópolis,5215900
Palmital,3535309
Palmital,4117800
Palmitinho,4313805
Palmitos,4212106
Palmópolis,3146750
Palotina,4117909
Panamá,5216007
Panambi,4313904
Pancas,3204005
Panelas,2610202
Panorama,3535408
Pantano Grande,4313953
Pão de Açúcar,2706406
Papagaios,3146909
Papanduva,4212205
Paquetá,2207553
Pará de Minas,3147105
Paracambi,3303609
Paracatu,3147006
Paracuru,2310209
Paragominas,1505502
Paraguaçu,3147204
Paraguaçu Paulista,3535507
Paraí,4314001
Paraíba do Sul,3303708
Paraibano,2107704
Paraibuna,3535606
Paraipaba,2310258
Paraíso,3535705
Paraíso,4212239
Paraíso do Norte,4118006
Paraíso do Sul,4314027
Paraíso do Tocantins,1716109
Paraisópolis,3147303
Parambu,2310308
Paramirim,2923605
Paramoti,2310407
Paraná,2408607
Paranã,1716208
Paranacity,4118105
Paranaguá,4118204
Paranaíba,5006309
Paranaiguara,5216304
Paranaíta,5106299
Paranapanema,3535804
Paranapoema,4118303
Paranapuã,3535903
Paranatama,2610301
Paranatinga,5106307
Paranavaí,4118402
Paranhos,5006358
Paraopeba,3147402
Parapuã,3536000
Parari,2510659
Paratinga,2923704
Paraty,3303807
Paraú,2408706
Parauapebas,1505536
Paraúna,5216403
Parazinho,2408805
Pardinho,3536109
Pareci Novo,4314035
Parecis,1101450
Parelhas,2408904
Pariconha,2706422
Parintins,1303403
Paripiranga,2923803
Paripueira,2706448
Pariquera-Açu,3536208
Parisi,3536257
Parnaguá,2207603
Parnaíba,2207702
Parnamirim,2403251
Parnamirim,2610400
Parnarama,2107803
Parobé,4314050
Passa E Fica,2409100
Passa Quatro,3147600
Passa Sete,4314068
Passa Tempo,3147709
Passabém,3147501
Passagem,2409209
Passagem,2510709
Passagem Franca,2107902
Passagem Franca do Piauí,2207751
Passa-Vinte,3147808
Passira,2610509
Passo de Camaragibe,2706505
Passo de Torres,4212254
Passo do Sobrado,4314076
Passo Fundo,4314100
Passos,3147907
Passos Maia,4212270
Pastos Bons,2108009
Patis,3147956
Pato Bragado,4118451
Pato Branco,4118501
Patos,2510808
Patos de Minas,3148004
Patos do Piauí,2207777
Patrocínio,3148103
Patrocínio do Muriaé,3148202
Patrocínio Paulista,3536307
Patu,2409308
Paty do Alferes,3303856
Pau Brasil,2923902
Pau D'Arco,1505551
Pau D'Arco,1716307
Pau D'Arco do Piauí,2207793
Pau dos Ferros,2409407
Paudalho,2610608
Pauini,1303502
Paula Cândido,3148301
Paula Freitas,4118600
Paulicéia,3536406
Paulínia,3536505
Paulino Neves,2108058
Paulista,2510907
Paulista,2610707
Paulistana,2207801
Paulistânia,3536570
Paulistas,3148400
Paulo Afonso,2924009
Paulo Bento,4314134
Paulo de Faria,3536604
Paulo Frontin,4118709
Paulo Jacinto,2706604
Paulo Lopes,4212304
Paulo Ramos,2108108
Pavão,3148509
Paverama,4314159
Pavussu,2207850
Pé de Serra,2924058
Peabiru,4118808
Peçanha,3148608
Pederneiras,3536703
Pedra,2610806
Pedra Azul,3148707
Pedra Bela,3536802
Pedra Bonita,3148756
Pedra Branca,2310506
Pedra Branca,2511004
Pedra Branca do Amapari,1600154
Pedra do Anta,3148806
Pedra do Indaiá,3148905
Pedra Dourada,3149002
Pedra Grande,2409506
Pedra Lavrada,2511103
Pedra Mole,2805000
Pedra Preta,2409605
Pedra Preta,5106372
Pedralva,3149101
Pedranópolis,3536901
Pedrão,2924108
Pedras Altas,4314175
Pedras de Fogo,2511202
Pedras de Maria da Cruz,3149150
Pedras Grandes,4212403
Pedregulho,3537008
Pedreira,3537107
Pedreiras,2108207
Pedrinhas,2805109
Pedrinhas Paulista,3537156
Pedrinópolis,3149200
Pedro Afonso,1716505
Pedro Alexandre,2924207
Pedro Avelino,2409704
Pedro Canário,3204054
Pedro de Toledo,3537206
Pedro do Rosário,2108256
Pedro Gomes,5006408
Pedro Ii,2207900
Pedro Laurentino,2207934
Pedro Leopoldo,3149309
Pedro Osório,4314209
Pedro Régis,2512721
Pedro Teixeira,3149408
Pedro Velho,2409803
Peixe,1716604
Peixe-Boi,1505601
Peixoto de Azevedo,5106422
Pejuçara,4314308
Pelotas,4314407
Penaforte,2310605
Penalva,2108306
Penápolis,3537305
Pendências,2409902
Penedo,2706703
Penha,4212502
Pentecoste,2310704
Pequeri,3149507
Pequi,3149606
Pequizeiro,1716653
Perdigão,3149705
Perdizes,3149804
Perdões,3149903
Pereira Barreto,3537404
Pereiras,3537503
Pereiro,2310803
Peri Mirim,2108405
Periquito,3149952
Peritiba,4212601
Peritoró,2108454
Perobal,4118857
Pérola,4118907
Pérola D'Oeste,4119004
Perolândia,5216452
Peruíbe,3537602
Pescador,3150000
Pesqueira,2610905
Petrolândia,2611002
Petrolândia,4212700
Petrolina,2611101
Petrolina de Goiás,5216809
Petrópolis,3303906
Piaçabuçu,2706802
Piacatu,3537701
Piancó,2511301
Piatã,2924306
Piau,3150109
Picada Café,4314423
Piçarra,1505635
Picos,2208007
Picuí,2511400
Piedade,3537800
Piedade de Caratinga,3150158
Piedade de Ponte Nova,3150208
Piedade do Rio Grande,3150307
Piedade dos Gerais,3150406
Piên,4119103
Pilão Arcado,2924405
Pilar,2511509
Pilar,2706901
Pilar de Goiás,5216908
Pilar do Sul,3537909
Pilões,2410009
Pilões,2511608
Pilõezinhos,2511707
Pimenta,3150505
Pimenta Bueno,1100189
Pimenteiras,2208106
Pimenteiras do Oeste,1101468
Pindaí,2924504
Pindamonhangaba,3538006
Pindaré-Mirim,2108504
Pindoba,2707008
Pindobaçu,2924603
Pindorama,3538105
Pindorama do Tocantins,1717008
Pindoretama,2310852
Pingo-D'Água,3150539
Pinhais,4119152
Pinhal,4314456
Pinhal da Serra,4314464
Pinhal de São Bento,4119251
Pinhal Grande,4314472
Pinhalão,4119202
Pinhalzinho,3538204
Pinhalzinho,4212908
Pinhão,2805208
Pinhão,4119301
Pinheiral,3303955
Pinheirinho do Vale,4314498
Pinheiro,2108603
Pinheiro Machado,4314506
Pinheiro Preto,4213005
Pinheiros,3204104
Pintadas,2924652
Pintópolis,3150570
Pio Ix,2208205
Pio Xii,2108702
Piquerobi,3538303
Piquet Carneiro,2310902
Piquete,3538501
Piracaia,3538600
Piracanjuba,5217104
Piracema,3150604
Piracicaba,3538709
Piracuruca,2208304
Piraí,3304003
Piraí do Norte,2924678
Piraí do Sul,4119400
Piraju,3538808
Pirajuba,3150703
Pirajuí,3538907
Pirambu,2805307
Piranga,3150802
Pirangi,3539004
Piranguçu,3150901
Piranguinho,3151008
Piranhas,2707107
Piranhas,5217203
Pirapemas,2108801
Pirapetinga,3151107
Pirapó,4314555
Pirapora,3151206
Pirapora do Bom Jesus,3539103
Pirapozinho,3539202
Piraquara,4119509
Piraquê,1717206
Pirassununga,3539301
Piratini,4314605
Piratininga,3539400
Piratuba,4213104
Piraúba,3151305
Pirenópolis,5217302
Pires do Rio,5217401
Pires Ferreira,2310951
Piripá,2924702
Piripiri,2208403
Piritiba,2924801
Pirpirituba,2511806
Pitanga,4119608
Pitangueiras,3539509
Pitangueiras,4119657
Pitangui,3151404
Pitimbu,2511905
Pium,1717503
Piúma,3204203
Piumhi,3151503
Placas,1505650
Plácido de Castro,1200385
Planaltina,5217609
Planaltina do Paraná,4119707
Planaltino,2924900
Planalto,2925006
Planalto,3539608
Planalto,4119806
Planalto,4314704
Planalto Alegre,4213153
Planalto da Serra,5106455
Planura,3151602
Platina,3539707
Poá,3539806
Poção,2611200
Poção de Pedras,2108900
Pocinhos,2512002
Poço Branco,2410108
Poço Dantas,2512036
Poço das Antas,4314753
Poço das Trincheiras,2707206
Poço de José de Moura,2512077
Poço Fundo,3151701
Poço Redondo,2805406
Poço Verde,2805505
Poções,2925105
Poconé,5106505
Poços de Caldas,3151800
Pocrane,3151909
Pojuca,2925204
Poloni,3539905
Pombal,2512101
Pombos,2611309
Pomerode,4213203
Pompéia,3540002
Pompéu,3152006
Pongaí,3540101
Ponta de Pedras,1505700
Ponta Grossa,4119905
Ponta Porã,5006606
Pontal,3540200
Pontal do Araguaia,5106653
Pontal do Paraná,4119954
Pontalina,5217708
Pontalinda,3540259
Pontão,4314779
Ponte Alta,4213302
Ponte Alta do Bom Jesus,1717800
Ponte Alta do Norte,4213351
Ponte Alta do Tocantins,1717909
Ponte Branca,5106703
Ponte Nova,3152105
Ponte Preta,4314787
Ponte Serrada,4213401
Pontes E Lacerda,5106752
Pontes Gestal,3540309
Ponto Belo,3204252
Ponto Chique,3152131
Ponto dos Volantes,3152170
Ponto Novo,2925253
Populina,3540408
Poranga,2311009
Porangaba,3540507
Porangatu,5218003
Porciúncula,3304102
Porecatu,4120002
Portalegre,2410207
Portão,4314803
Porteirão,5218052
Porteiras,2311108
Porteirinha,3152204
Portel,1505809
Portelândia,5218102
Porto,2208502
Porto Acre,1200807
Porto Alegre,4314902
Porto Alegre do Norte,5106778
Porto Alegre do Piauí,2208551
Porto Alegre do Tocantins,1718006
Porto Amazonas,4120101
Porto Barreiro,4120150
Porto Belo,4213500
Porto Calvo,2707305
Porto da Folha,2805604
Porto de Moz,1505908
Porto de Pedras,2707404
Porto do Mangue,2410256
Porto dos Gaúchos,5106802
Porto Esperidião,5106828
Porto Estrela,5106851
Porto Feliz,3540606
Porto Ferreira,3540705
Porto Firme,3152303
Porto Franco,2109007
Porto Grande,1600535
Porto Lucena,4315008
Porto Mauá,4315057
Porto Murtinho,5006903
Porto Nacional,1718204
Porto Real,3304110
Porto Real do Colégio,2707503
Porto Rico,4120200
Porto Rico do Maranhão,2109056
Porto Seguro,2925303
Porto União,4213609
Porto Velho,1100205
Porto Vera Cruz,4315073
Porto Vitória,4120309
Porto Walter,1200393
Porto Xavier,4315107
Posse,5218300
Poté,3152402
Potengi,2311207
Potim,3540754
Potiraguá,2925402
Potirendaba,3540804
Potiretama,2311231
Pouso Alegre,3152501
Pouso Alto,3152600
Pouso Novo,4315131
Pouso Redondo,4213708
Poxoréo,5107008
Pracinha,3540853
Pracuúba,1600550
Prado,2925501
Prado Ferreira,4120333
Pradópolis,3540903
Prados,3152709
Praia Grande,3541000
Praia Grande,4213807
Praia Norte,1718303
Prainha,1506005
Pranchita,4120358
Prata,2512200
Prata,3152808
Prata do Piauí,2208601
Pratânia,3541059
Pratápolis,3152907
Pratinha,3153004
Presidente Alves,3541109
Presidente Bernardes,3153103
Presidente Bernardes,3541208
Presidente Castello Branco,4213906
Presidente Castelo Branco,4120408
Presidente Dutra,2109106
Presidente Dutra,2925600
Presidente Epitácio,3541307
Presidente Figueiredo,1303536
Presidente Getúlio,4214003
Presidente Jânio Quadros,2925709
Presidente Juscelino,2109205
Presidente Juscelino,2410306
Presidente Juscelino,3153202
Presidente Kennedy,1718402
Presidente Kennedy,3204302
Presidente Kubitschek,3153301
Presidente Lucena,4315149
Presidente Médici,1100254
Presidente Médici,2109239
Presidente Nereu,4214102
Presidente Olegário,3153400
Presidente Prudente,3541406
Presidente Sarney,2109270
Presidente Tancredo Neves,2925758
Presidente Vargas,2109304
Presidente Venceslau,3541505
Primavera,1506104
Primavera,2611408
Primavera de Rondônia,1101476
Primavera do Leste,5107040
Primeira Cruz,2109403
Primeiro de Maio,4120507
Princesa,4214151
Princesa Isabel,2512309
Professor Jamil,5218391
Progresso,4315156
Promissão,3541604
Propriá,2805703
Protásio Alves,4315172
Prudente de Morais,3153608
Prudentópolis,4120606
Pugmil,1718451
Pureza,2410405
Putinga,4315206
Puxinanã,2512408
Quadra,3541653
Quaraí,4315305
Quartel Geral,3153707
Quarto Centenário,4120655
Quatá,3541703
Quatiguá,4120705
Quatipuru,1506112
Quatis,3304128
Quatro Barras,4120804
Quatro Irmãos,4315313
Quatro Pontes,4120853
Quebrangulo,2707602
Quedas do Iguaçu,4120903
Queimada Nova,2208650
Queimadas,2512507
Queimadas,2925808
Queimados,3304144
Queiroz,3541802
Queluz,3541901
Queluzito,3153806
Querência,5107065
Querência do Norte,4121000
Quevedos,4315321
Quijingue,2925907
Quilombo,4214201
Quinta do Sol,4121109
Quintana,3542008
Quinze de Novembro,4315354
Quipapá,2611507
Quirinópolis,5218508
Quissamã,3304151
Quitandinha,4121208
Quiterianópolis,2311264
Quixaba,2611533
Quixabá,2512606
Quixabeira,2925931
Quixadá,2311306
Quixelô,2311355
Quixeramobim,2311405
Quixeré,2311504
Rafael Fernandes,2410504
Rafael Godeiro,2410603
Rafael Jambeiro,2925956
Rafard,3542107
Ramilândia,4121257
Rancharia,3542206
Rancho Alegre,4121307
Rancho Alegre D'Oeste,4121356
Rancho Queimado,4214300
Raposa,2109452
Raposos,3153905
Raul Soares,3154002
Realeza,4121406
Rebouças,4121505
Recife,2611606
Recreio,3154101
Recursolândia,1718501
Redenção,1506138
Redenção,2311603
Redenção da Serra,3542305
Redenção do Gurguéia,2208700
Redentora,4315404
Reduto,3154150
Regeneração,2208809
Regente Feijó,3542404
Reginópolis,3542503
Registro,3542602
Relvado,4315453
Remanso,2926004
Remígio,2512705
Renascença,4121604
Reriutaba,2311702
Resende,3304201
Resende Costa,3154200
Reserva,4121703
Reserva do Cabaçal,5107156
Reserva do Iguaçu,4121752
Resplendor,3154309
Ressaquinha,3154408
Restinga,3542701
Restinga Seca,4315503
Retirolândia,2926103
Riachão,2109502
Riachão,2512747
Riachão das Neves,2926202
Riachão do Bacamarte,2512754
Riachão do Dantas,2805802
Riachão do Jacuípe,2926301
Riachão do Poço,2512762
Riachinho,1718550
Riachinho,3154457
Riacho da Cruz,2410702
Riacho das Almas,2611705
Riacho de Santana,2410801
Riacho de Santana,2926400
Riacho de Santo Antônio,2512788
Riacho dos Cavalos,2512804
Riacho dos Machados,3154507
Riacho Frio,2208858
Riachuelo,2410900
Riachuelo,2805901
Rialma,5218607
Rianápolis,5218706
Ribamar Fiquene,2109551
Ribas do Rio Pardo,5007109
Ribeira,3542800
Ribeira do Amparo,2926509
Ribeira do Piauí,2208874
Ribeira do Pombal,2926608
Ribeirão,2611804
Ribeirão Bonito,3542909
Ribeirão Branco,3543006
Ribeirão Cascalheira,5107180
Ribeirão Claro,4121802
Ribeirão Corrente,3543105
Ribeirão das Neves,3154606
Ribeirão do Largo,2926657
Ribeirão do Pinhal,4121901
Ribeirão do Sul,3543204
Ribeirão dos Índios,3543238
Ribeirão Grande,3543253
Ribeirão Pires,3543303
Ribeirão Preto,3543402
Ribeirão Vermelho,3154705
Ribeirãozinho,5107198
Ribeiro Gonçalves,2208908
Ribeirópolis,2806008
Rifaina,3543600
Rincão,3543709
Rinópolis,3543808
Rio Acima,3154804
Rio Azul,4122008
Rio Bananal,3204351
Rio Bom,4122107
Rio Bonito,3304300
Rio Bonito do Iguaçu,4122156
Rio Branco,1200401
Rio Branco,5107206
Rio Branco do Ivaí,4122172
Rio Branco do Sul,4122206
Rio Brilhante,5007208
Rio Casca,3154903
Rio Claro,3304409
Rio Claro,3543907
Rio Crespo,1100262
Rio da Conceição,1718659
Rio das Antas,4214409
Rio das Flores,3304508
Rio das Ostras,3304524
Rio das Pedras,3544004
Rio de Contas,2926707
Rio de Janeiro,3304557
Rio do Antônio,2926806
Rio do Campo,4214508
Rio do Fogo,2408953
Rio do Oeste,4214607
Rio do Pires,2926905
Rio do Prado,3155108
Rio do Sul,4214805
Rio Doce,3155009
Rio dos Bois,1718709
Rio dos Cedros,4214706
Rio dos Índios,4315552
Rio Espera,3155207
Rio Formoso,2611903
Rio Fortuna,4214904
Rio Grande,4315602
Rio Grande da Serra,3544103
Rio Grande do Piauí,2209005
Rio Largo,2707701
Rio Manso,3155306
Rio Maria,1506161
Rio Negrinho,4215000
Rio Negro,4122305
Rio Negro,5007307
Rio Novo,3155405
Rio Novo do Sul,3204401
Rio Paranaíba,3155504
Rio Pardo,4315701
Rio Pardo de Minas,3155603
Rio Piracicaba,3155702
Rio Pomba,3155801
Rio Preto,3155900
Rio Preto da Eva,1303569
Rio Quente,5218789
Rio Real,2927002
Rio Rufino,4215059
Rio Sono,1718758
Rio Tinto,2512903
Rio Verde,5218805
Rio Verde de Mato Grosso,5007406
Rio Vermelho,3156007
Riolândia,3544202
Riozinho,4315750
Riqueza,4215075
Ritápolis,3156106
Riversul,3543501
Roca Sales,4315800
Rochedo,5007505
Rochedo de Minas,3156205
Rodeio,4215109
Rodeio Bonito,4315909
Rodeiro,3156304
Rodelas,2927101
Rodolfo Fernandes,2411007
Rodrigues Alves,1200427
Rolador,4315958
Rolândia,4122404
Rolante,4316006
Rolim de Moura,1100288
Romaria,3156403
Romelândia,4215208
Roncador,4122503
Ronda Alta,4316105
Rondinha,4316204
Rondolândia,5107578
Rondon,4122602
Rondon do Pará,1506187
Rondonópolis,5107602
Roque Gonzales,4316303
Rorainópolis,1400472
Rosana,3544251
Rosário,2109601
Rosário da Limeira,3156452
Rosário do Catete,2806107
Rosário do Ivaí,4122651
Rosário do Sul,4316402
Rosário Oeste,5107701
Roseira,3544301
Roteiro,2707800
Rubelita,3156502
Rubiácea,3544400
Rubiataba,5218904
Rubim,3156601
Rubinéia,3544509
Rurópolis,1506195
Russas,2311801
Ruy Barbosa,2411106
Ruy Barbosa,2927200
Sabará,3156700
Sabáudia,4122701
Sabino,3544608
Sabinópolis,3156809
Saboeiro,2311900
Sacramento,3156908
Sagrada Família,4316428
Sagres,3544707
Sairé,2612000
Saldanha Marinho,4316436
Sales,3544806
Sales Oliveira,3544905
Salesópolis,3545001
Salete,4215307
Salgadinho,2513000
Salgadinho,2612109
Salgado,2806206
Salgado de São Félix,2513109
Salgado Filho,4122800
Salgueiro,2612208
Salinas,3157005
Salinas da Margarida,2927309
Salinópolis,1506203
Salitre,2311959
Salmourão,3545100
Saloá,2612307
Saltinho,3545159
Saltinho,4215356
Salto,3545209
Salto da Divisa,3157104
Salto de Pirapora,3545308
Salto do Céu,5107750
Salto do Itararé,4122909
Salto do Jacuí,4316451
Salto do Lontra,4123006
Salto Grande,3545407
Salto Veloso,4215406
Salvador,2927408
Salvador das Missões,4316477
Salvador do Sul,4316501
Salvaterra,1506302
Sambaíba,2109700
Sampaio,1718808
Sananduva,4316600
Sanclerlândia,5219001
Sandolândia,1718840
Sandovalina,3545506
Sangão,4215455
Sanharó,2612406
Santa Adélia,3545605
Santa Albertina,3545704
Santa Amélia,4123105
Santa Bárbara,2927507
Santa Bárbara,3157203
Santa Bárbara de Goiás,5219100
Santa Bárbara do Leste,3157252
Santa Bárbara do Monte Verde,3157278
Santa Bárbara do Pará,1506351
Santa Bárbara do Sul,4316709
Santa Bárbara do Tugúrio,3157302
Santa Bárbara D'Oeste,3545803
Santa Branca,3546009
Santa Brígida,2927606
Santa Carmem,5107248
Santa Cecília,2513158
Santa Cecília,4215505
Santa Cecília do Pavão,4123204
Santa Cecília do Sul,4316733
Santa Clara do Sul,4316758
Santa Clara D'Oeste,3546108
Santa Cruz,2411205
Santa Cruz,2513208
Santa Cruz,2612455
Santa Cruz Cabrália,2927705
Santa Cruz da Baixa Verde,2612471
Santa Cruz da Conceição,3546207
Santa Cruz da Esperança,3546256
Santa Cruz da Vitória,2927804
Santa Cruz das Palmeiras,3546306
Santa Cruz de Goiás,5219209
Santa Cruz de Minas,3157336
Santa Cruz de Monte Castelo,4123303
Santa Cruz de Salinas,3157377
Santa Cruz do Arari,1506401
Santa Cruz do Capibaribe,2612505
Santa Cruz do Escalvado,3157401
Santa Cruz do Piauí,2209104
Santa Cruz do Rio Pardo,3546405
Santa Cruz do Sul,4316808
Santa Cruz do Xingu,5107743
Santa Cruz dos Milagres,2209153
Santa Efigênia de Minas,3157500
Santa Ernestina,3546504
Santa Fé,4123402
Santa Fé de Goiás,5219258
Santa Fé de Minas,3157609
Santa Fé do Araguaia,1718865
Santa Fé do Sul,3546603
Santa Filomena,2209203
Santa Filomena,2612554
Santa Filomena do Maranhão,2109759
Santa Gertrudes,3546702
Santa Helena,2109809
Santa Helena,2513307
Santa Helena,4123501
Santa Helena,4215554
Santa Helena de Goiás,5219308
Santa Helena de Minas,3157658
Santa Inês,2109908
Santa Inês,2513356
Santa Inês,2927903
Santa Inês,4123600
Santa Isabel,3546801
Santa Isabel,5219357
Santa Isabel do Ivaí,4123709
Santa Isabel do Pará,1506500
Santa Isabel do Rio Negro,1303601
Santa Izabel do Oeste,4123808
Santa Juliana,3157708
Santa Leopoldina,3204500
Santa Lúcia,3546900
Santa Lúcia,4123824
Santa Luz,2209302
Santa Luzia,2110005
Santa Luzia,2513406
Santa Luzia,2928059
Santa Luzia,3157807
Santa Luzia do Itanhy,2806305
Santa Luzia do Norte,2707909
Santa Luzia do Pará,1506559
Santa Luzia do Paruá,2110039
Santa Luzia D'Oeste,1100296
Santa Margarida,3157906
Santa Margarida do Sul,4316972
Santa Maria,2409332
Santa Maria,4316907
Santa Maria da Boa Vista,2612604
Santa Maria da Serra,3547007
Santa Maria da Vitória,2928109
Santa Maria das Barreiras,1506583
Santa Maria de Itabira,3158003
Santa Maria de Jetibá,3204559
Santa Maria do Cambucá,2612703
Santa Maria do Herval,4316956
Santa Maria do Oeste,4123857
Santa Maria do Pará,1506609
Santa Maria do Salto,3158102
Santa Maria do Suaçuí,3158201
Santa Maria do Tocantins,1718881
Santa Maria Madalena,3304607
Santa Mariana,4123907
Santa Mercedes,3547106
Santa Mônica,4123956
Santa Quitéria,2312205
Santa Quitéria do Maranhão,2110104
Santa Rita,2110203
Santa Rita,2513703
Santa Rita de Caldas,3159209
Santa Rita de Cássia,2928406
Santa Rita de Ibitipoca,3159407
Santa Rita de Jacutinga,3159308
Santa Rita de Minas,3159357
Santa Rita do Araguaia,5219407
Santa Rita do Itueto,3159506
Santa Rita do Novo Destino,5219456
Santa Rita do Pardo,5007554
Santa Rita do Passa Quatro,3547502
Santa Rita do Sapucaí,3159605
Santa Rita do Tocantins,1718899
Santa Rita do Trivelato,5107768
Santa Rita D'Oeste,3547403
Santa Rosa,4317202
Santa Rosa da Serra,3159704
Santa Rosa de Goiás,5219506
Santa Rosa de Lima,2806503
Santa Rosa de Lima,4215604
Santa Rosa de Viterbo,3547601
Santa Rosa do Piauí,2209377
Santa Rosa do Purus,1200435
Santa Rosa do Sul,4215653
Santa Rosa do Tocantins,1718907
Santa Salete,3547650
Santa Teresa,3204609
Santa Teresinha,2513802
Santa Teresinha,2928505
Santa Tereza,4317251
Santa Tereza de Goiás,5219605
Santa Tereza do Oeste,4124020
Santa Tereza do Tocantins,1719004
Santa Terezinha,2612802
Santa Terezinha,4215679
Santa Terezinha,5107776
Santa Terezinha de Goiás,5219704
Santa Terezinha de Itaipu,4124053
Santa Terezinha do Progresso,4215687
Santa Terezinha do Tocantins,1720002
Santa Vitória,3159803
Santa Vitória do Palmar,4317301
Santaluz,2928000
Santana,1600600
Santana,2928208
Santana da Boa Vista,4317004
Santana da Ponte Pensa,3547205
Santana da Vargem,3158300
Santana de Cataguases,3158409
Santana de Mangueira,2513505
Santana de Parnaíba,3547304
Santana de Pirapama,3158508
Santana do Acaraú,2312007
Santana do Araguaia,1506708
Santana do Cariri,2312106
Santana do Deserto,3158607
Santana do Garambéu,3158706
Santana do Ipanema,2708006
Santana do Itararé,4124004
Santana do Jacaré,3158805
Sant'Ana do Livramento,4317103
Santana do Manhuaçu,3158904
Santana do Maranhão,2110237
Santana do Matos,2411403
Santana do Mundaú,2708105
Santana do Paraíso,3158953
Santana do Piauí,2209351
Santana do Riacho,3159001
Santana do São Francisco,2806404
Santana do Seridó,2411429
Santana dos Garrotes,2513604
Santana dos Montes,3159100
Santanópolis,2928307
Santarém,1506807
Santarém,2513653
Santarém Novo,1506906
Santiago,4317400
Santiago do Sul,4215695
Santo Afonso,5107263
Santo Amaro,2928604
Santo Amaro da Imperatriz,4215703
Santo Amaro das Brotas,2806602
Santo Amaro do Maranhão,2110278
Santo Anastácio,3547700
Santo André,2513851
Santo André,3547809
Santo Ângelo,4317509
Santo Antônio,2411502
Santo Antônio da Alegria,3547908
Santo Antônio da Barra,5219712
Santo Antônio da Patrulha,4317608
Santo Antônio da Platina,4124103
Santo Antônio das Missões,4317707
Santo Antônio de Goiás,5219738
Santo Antônio de Jesus,2928703
Santo Antônio de Lisboa,2209401
Santo Antônio de Pádua,3304706
Santo Antônio de Posse,3548005
Santo Antônio do Amparo,3159902
Santo Antônio do Aracanguá,3548054
Santo Antônio do Aventureiro,3160009
Santo Antônio do Caiuá,4124202
Santo Antônio do Descoberto,5219753
Santo Antônio do Grama,3160108
Santo Antônio do Içá,1303700
Santo Antônio do Itambé,3160207
Santo Antônio do Jacinto,3160306
Santo Antônio do Jardim,3548104
Santo Antônio do Leste,5107792
Santo Antônio do Leverger,5107800
Santo Antônio do Monte,3160405
Santo Antônio do Palma,4317558
Santo Antônio do Paraíso,4124301
Santo Antônio do Pinhal,3548203
Santo Antônio do Planalto,4317756
Santo Antônio do Retiro,3160454
Santo Antônio do Rio Abaixo,3160504
Santo Antônio do Sudoeste,4124400
Santo Antônio do Tauá,1507003
Santo Antônio dos Lopes,2110302
Santo Antônio dos Milagres,2209450
Santo Augusto,4317806
Santo Cristo,4317905
Santo Estêvão,2928802
Santo Expedito,3548302
Santo Expedito do Sul,4317954
Santo Hipólito,3160603
Santo Inácio,4124509
Santo Inácio do Piauí,2209500
Santópolis do Aguapeí,3548401
Santos,3548500
Santos Dumont,3160702
São Benedito,2312304
São Benedito do Rio Preto,2110401
São Benedito do Sul,2612901
São Bentinho,2513927
São Bento,2110500
São Bento,2513901
São Bento Abade,3160801
São Bento do Norte,2411601
São Bento do Sapucaí,3548609
São Bento do Sul,4215802
São Bento do Tocantins,1720101
São Bento do Trairí,2411700
São Bento do Una,2613008
São Bernardino,4215752
São Bernardo,2110609
São Bernardo do Campo,3548708
São Bonifácio,4215901
São Borja,4318002
São Brás,2708204
São Brás do Suaçuí,3160900
São Braz do Piauí,2209559
São Caetano de Odivelas,1507102
São Caetano do Sul,3548807
São Caitano,2613107
São Carlos,3548906
São Carlos,4216008
São Carlos do Ivaí,4124608
São Cristóvão,2806701
São Cristovão do Sul,4216057
São Desidério,2928901
São Domingos,2513968
São Domingos,2806800
São Domingos,2928950
São Domingos,4216107
São Domingos,5219803
São Domingos das Dores,3160959
São Domingos do Araguaia,1507151
São Domingos do Azeitão,2110658
São Domingos do Capim,1507201
São Domingos do Cariri,2513943
São Domingos do Maranhão,2110708
São Domingos do Norte,3204658
São Domingos do Prata,3161007
São Domingos do Sul,4318051
São Felipe,2929107
São Felipe D'Oeste,1101484
São Félix,2929008
São Félix de Balsas,2110807
São Félix de Minas,3161056
São Félix do Araguaia,5107859
São Félix do Coribe,2929057
São Félix do Piauí,2209609
São Félix do Tocantins,1720150
São Félix do Xingu,1507300
São Fernando,2411809
São Fidélis,3304805
São Francisco,2513984
São Francisco,2806909
São Francisco,3161106
São Francisco,3549003
São Francisco de Assis,4318101
São Francisco de Assis do Piauí,2209658
São Francisco de Goiás,5219902
São Francisco de Itabapoana,3304755
São Francisco de Paula,3161205
São Francisco de Paula,4318200
São Francisco de Sales,3161304
São Francisco do Brejão,2110856
São Francisco do Conde,2929206
São Francisco do Glória,3161403
São Francisco do Guaporé,1101492
São Francisco do Maranhão,2110906
São Francisco do Oeste,2411908
São Francisco do Pará,1507409
São Francisco do Piauí,2209708
São Francisco do Sul,4216206
São Gabriel,2929255
São Gabriel,4318309
São Gabriel da Cachoeira,1303809
São Gabriel da Palha,3204708
São Gabriel do Oeste,5007695
São Geraldo,3161502
São Geraldo da Piedade,3161601
São Geraldo do Araguaia,1507458
São Geraldo do Baixio,3161650
São Gonçalo,3304904
São Gonçalo do Abaeté,3161700
São Gonçalo do Amarante,2312403
São Gonçalo do Amarante,2412005
São Gonçalo do Gurguéia,2209757
São Gonçalo do Pará,3161809
São Gonçalo do Piauí,2209807
São Gonçalo do Rio Abaixo,3161908
São Gonçalo do Rio Preto,3125507
São Gonçalo do Sapucaí,3162005
São Gonçalo dos Campos,2929305
São Gotardo,3162104
São Jerônimo,4318408
São Jerônimo da Serra,4124707
São João,2613206
São João,4124806
São João Batista,2111003
São João Batista,4216305
São João Batista do Glória,3162203
São João da Baliza,1400506
São João da Barra,3305000
São João da Boa Vista,3549102
São João da Canabrava,2209856
São João da Fronteira,2209872
São João da Lagoa,3162252
São João da Mata,3162302
São João da Paraúna,5220058
São João da Ponta,1507466
São João da Ponte,3162401
São João da Serra,2209906
São João da Urtiga,4318424
São João da Varjota,2209955
São João D'Aliança,5220009
São João das Duas Pontes,3549201
São João das Missões,3162450
São João de Iracema,3549250
São João de Meriti,3305109
São João de Pirabas,1507474
São João Del Rei,3162500
São João do Araguaia,1507508
São João do Arraial,2209971
São João do Caiuá,4124905
São João do Cariri,2514008
São João do Carú,2111029
São João do Itaperiú,4216354
São João do Ivaí,4125001
São João do Jaguaribe,2312502
São João do Manhuaçu,3162559
São João do Manteninha,3162575
São João do Oeste,4216255
São João do Oriente,3162609
São João do Pacuí,3162658
São João do Paraíso,2111052
São João do Paraíso,3162708
São João do Pau D'Alho,3549300
São João do Piauí,2210003
São João do Polêsine,4318432
São João do Rio do Peixe,2500700
São João do Sabugi,2412104
São João do Soter,2111078
São João do Sul,4216404
São João do Tigre,2514107
São João do Triunfo,4125100
São João dos Patos,2111102
São João Evangelista,3162807
São João Nepomuceno,3162906
São Joaquim,4216503
São Joaquim da Barra,3549409
São Joaquim de Bicas,3162922
São Joaquim do Monte,2613305
São Jorge,4318440
São Jorge do Ivaí,4125308
São Jorge do Patrocínio,4125357
São Jorge D'Oeste,4125209
São José,4216602
São José da Barra,3162948
São José da Bela Vista,3549508
São José da Boa Vista,4125407
São José da Coroa Grande,2613404
São José da Lagoa Tapada,2514206
São José da Laje,2708303
São José da Lapa,3162955
São José da Safira,3163003
São José da Tapera,2708402
São José da Varginha,3163102
São José da Vitória,2929354
São José das Missões,4318457
São José das Palmeiras,4125456
São José de Caiana,2514305
São José de Espinharas,2514404
São José de Mipibu,2412203
São José de Piranhas,2514503
São José de Princesa,2514552
São José de Ribamar,2111201
São José de Ubá,3305133
São José do Alegre,3163201
São José do Barreiro,3549607
São José do Belmonte,2613503
São José do Bonfim,2514602
São José do Brejo do Cruz,2514651
São José do Calçado,3204807
São José do Campestre,2412302
São José do Cedro,4216701
São José do Cerrito,4216800
São José do Divino,2210052
São José do Divino,3163300
São José do Egito,2613602
São José do Goiabal,3163409
São José do Herval,4318465
São José do Hortêncio,4318481
São José do Inhacorá,4318499
São José do Jacuípe,2929370
São José do Jacuri,3163508
São José do Mantimento,3163607
São José do Norte,4318507
São José do Ouro,4318606
São José do Peixe,2210102
São José do Piauí,2210201
São José do Povo,5107297
São José do Rio Claro,5107305
São José do Rio Pardo,3549706
São José do Rio Preto,3549805
São José do Sabugi,2514701
São José do Seridó,2412401
São José do Sul,4318614
São José do Vale do Rio Preto,3305158
São José do Xingu,5107354
São José dos Ausentes,4318622
São José dos Basílios,2111250
São José dos Campos,3549904
São José dos Cordeiros,2514800
São José dos Pinhais,4125506
São José dos Quatro Marcos,5107107
São José dos Ramos,2514453
São Julião,2210300
São Leopoldo,4318705
São Lourenço,3163706
São Lourenço da Mata,2613701
São Lourenço da Serra,3549953
São Lourenço do Oeste,4216909
São Lourenço do Piauí,2210359
São Lourenço do Sul,4318804
São Ludgero,4217006
São Luís,2111300
São Luís de Montes Belos,5220108
São Luís do Curu,2312601
São Luís do Paraitinga,3550001
São Luis do Piauí,2210375
São Luís do Quitunde,2708501
São Luís Gonzaga do Maranhão,2111409
São Luiz,1400605
São Luíz do Norte,5220157
São Luiz Gonzaga,4318903
São Mamede,2514909
São Manoel do Paraná,4125555
São Manuel,3550100
São Marcos,4319000
São Martinho,4217105
São Martinho,4319109
São Martinho da Serra,4319125
São Mateus,3204906
São Mateus do Maranhão,2111508
São Mateus do Sul,4125605
São Miguel,2412500
São Miguel Arcanjo,3550209
São Miguel da Baixa Grande,2210383
São Miguel da Boa Vista,4217154
São Miguel das Matas,2929404
São Miguel das Missões,4319158
São Miguel de Taipu,2515005
São Miguel do Aleixo,2807006
São Miguel do Anta,3163805
São Miguel do Araguaia,5220207
São Miguel do Fidalgo,2210391
São Miguel do Gostoso,2412559
São Miguel do Guamá,1507607
São Miguel do Guaporé,1100320
São Miguel do Iguaçu,4125704
São Miguel do Oeste,4217204
São Miguel do Passa Quatro,5220264
São Miguel do Tapuio,2210409
São Miguel do Tocantins,1720200
São Miguel dos Campos,2708600
São Miguel dos Milagres,2708709
São Nicolau,4319208
São Patrício,5220280
São Paulo,3550308
São Paulo das Missões,4319307
São Paulo de Olivença,1303908
São Paulo do Potengi,2412609
São Pedro,2412708
São Pedro,3550407
São Pedro da Água Branca,2111532
São Pedro da Aldeia,3305208
São Pedro da Cipa,5107404
São Pedro da Serra,4319356
São Pedro da União,3163904
São Pedro das Missões,4319364
São Pedro de Alcântara,4217253
São Pedro do Butiá,4319372
São Pedro do Iguaçu,4125753
São Pedro do Ivaí,4125803
São Pedro do Paraná,4125902
São Pedro do Piauí,2210508
São Pedro do Suaçuí,3164100
São Pedro do Sul,4319406
São Pedro do Turvo,3550506
São Pedro dos Crentes,2111573
São Pedro dos Ferros,3164001
São Rafael,2412807
São Raimundo das Mangabeiras,2111607
São Raimundo do Doca Bezerra,2111631
São Raimundo Nonato,2210607
São Roberto,2111672
São Romão,3164209
São Roque,3550605
São Roque de Minas,3164308
São Roque do Canaã,3204955
São Salvador do Tocantins,1720259
São Sebastião,2708808
São Sebastião,3550704
São Sebastião da Amoreira,4126009
São Sebastião da Bela Vista,3164407
São Sebastião da Boa Vista,1507706
São Sebastião da Grama,3550803
São Sebastião da Vargem Alegre,3164431
São Sebastião de Lagoa de Roça,2515104
São Sebastião do Alto,3305307
São Sebastião do Anta,3164472
São Sebastião do Caí,4319505
São Sebastião do Maranhão,3164506
São Sebastião do Oeste,3164605
São Sebastião do Paraíso,3164704
São Sebastião do Passé,2929503
São Sebastião do Rio Preto,3164803
São Sebastião do Rio Verde,3164902
São Sebastião do Tocantins,1720309
São Sebastião do Uatumã,1303957
São Sebastião do Umbuzeiro,2515203
São Sepé,4319604
São Simão,3550902
São Simão,5220405
São Thomé das Letras,3165206
São Tiago,3165008
São Tomás de Aquino,3165107
São Tomé,2412906
São Tomé,4126108
São Valentim,4319703
São Valentim do Sul,4319711
São Valério,1720499
São Valério do Sul,4319737
São Vendelino,4319752
São Vicente,2413003
São Vicente,3551009
São Vicente de Minas,3165305
São Vicente do Sul,4319802
São Vicente Ferrer,2111706
São Vicente Ferrer,2613800
Sapé,2515302
Sapeaçu,2929602
Sapezal,5107875
Sapiranga,4319901
Sapopema,4126207
Sapucaia,1507755
Sapucaia,3305406
Sapucaia do Sul,4320008
Sapucaí-Mirim,3165404
Saquarema,3305505
Sarandi,4126256
Sarandi,4320107
Sarapuí,3551108
Sardoá,3165503
Sarutaiá,3551207
Sarzedo,3165537
Sátiro Dias,2929701
Satuba,2708907
Satubinha,2111722
Saubara,2929750
Saudade do Iguaçu,4126272
Saudades,4217303
Saúde,2929800
Schroeder,4217402
Seabra,2929909
Seara,4217501
Sebastianópolis do Sul,3551306
Sebastião Barros,2210623
Sebastião Laranjeiras,2930006
Sebastião Leal,2210631
Seberi,4320206
Sede Nova,4320230
Segredo,4320263
Selbach,4320305
Selvíria,5007802
Sem-Peixe,3165560
Sena Madureira,1200500
Senador Alexandre Costa,2111748
Senador Amaral,3165578
Senador Canedo,5220454
Senador Cortes,3165602
Senador Elói de Souza,2413102
Senador Firmino,3165701
Senador Georgino Avelino,2413201
Senador Guiomard,1200450
Senador José Bento,3165800
Senador José Porfírio,1507805
Senador La Rocque,2111763
Senador Modestino Gonçalves,3165909
Senador Pompeu,2312700
Senador Rui Palmeira,2708956
Senador Sá,2312809
Senador Salgado Filho,4320321
Sengés,4126306
Senhor do Bonfim,2930105
Senhora de Oliveira,3166006
Senhora do Porto,3166105
Senhora dos Remédios,3166204
Sentinela do Sul,4320354
Sento Sé,2930204
Serafina Corrêa,4320404
Sericita,3166303
Seridó,2515401
Seringueiras,1101500
Sério,4320453
Seritinga,3166402
Seropédica,3305554
Serra,3205002
Serra Alta,4217550
Serra Azul,3551405
Serra Azul de Minas,3166501
Serra Branca,2515500
Serra da Raiz,2515609
Serra da Saudade,3166600
Serra de São Bento,2413300
Serra do Mel,2413359
Serra do Navio,1600055
Serra do Ramalho,2930154
Serra do Salitre,3166808
Serra dos Aimorés,3166709
Serra Dourada,2930303
Serra Grande,2515708
Serra Negra,3551603
Serra Negra do Norte,2413409
Serra Nova Dourada,5107883
Serra Preta,2930402
Serra Redonda,2515807
Serra Talhada,2613909
Serrana,3551504
Serrania,3166907
Serrano do Maranhão,2111789
Serranópolis,5220504
Serranópolis de Minas,3166956
Serranópolis do Iguaçu,4126355
Serranos,3167004
Serraria,2515906
Serrinha,2413508
Serrinha,2930501
Serrinha dos Pintos,2413557
Serrita,2614006
Serro,3167103
Serrolândia,2930600
Sertaneja,4126405
Sertânia,2614105
Sertanópolis,4126504
Sertão,4320503
Sertão Santana,4320552
Sertãozinho,2515930
Sertãozinho,3551702
Sete Barras,3551801
Sete de Setembro,4320578
Sete Lagoas,3167202
Sete Quedas,5007703
Setubinha,3165552
Severiano de Almeida,4320602
Severiano Melo,2413607
Severínia,3551900
Siderópolis,4217600
Sidrolândia,5007901
Sigefredo Pacheco,2210656
Silva Jardim,3305604
Silvânia,5220603
Silvanópolis,1720655
Silveira Martins,4320651
Silveirânia,3167301
Silveiras,3552007
Silves,1304005
Silvianópolis,3167400
Simão Dias,2807105
Simão Pereira,3167509
Simões,2210706
Simões Filho,2930709
Simolândia,5220686
Simonésia,3167608
Simplício Mendes,2210805
Sinimbu,4320677
Sinop,5107909
Siqueira Campos,4126603
Sirinhaém,2614204
Siriri,2807204
Sítio D'Abadia,5220702
Sítio do Mato,2930758
Sítio do Quinto,2930766
Sítio Novo,2111805
Sítio Novo,2413706
Sítio Novo do Tocantins,1720804
Sobradinho,2930774
Sobradinho,4320701
Sobrado,2515971
Sobral,2312908
Sobrália,3167707
Socorro,3552106
Socorro do Piauí,2210904
Solânea,2516003
Soledade,2516102
Soledade,4320800
Soledade de Minas,3167806
Solidão,2614402
Solonópole,2313005
Sombrio,4217709
Sonora,5007935
Sooretama,3205010
Sorocaba,3552205
Sorriso,5107925
Sossêgo,2516151
Soure,1507904
Sousa,2516201
Souto Soares,2930808
Sucupira,1720853
Sucupira do Norte,2111904
Sucupira do Riachão,2111953
Sud Mennucci,3552304
Sul Brasil,4217758
Sulina,4126652
Sumaré,3552403
Sumé,2516300
Sumidouro,3305703
Surubim,2614501
Sussuapara,2210938
Suzanápolis,3552551
Suzano,3552502
Tabaí,4320859
Tabaporã,5107941
Tabapuã,3552601
Tabatinga,1304062
Tabatinga,3552700
Tabira,2614600
Taboão da Serra,3552809
Tabocas do Brejo Velho,2930907
Taboleiro Grande,2413805
Tabuleiro,3167905
Tabuleiro do Norte,2313104
Tacaimbó,2614709
Tacaratu,2614808
Taciba,3552908
Tacima,2516409
Tacuru,5007950
Taguaí,3553005
Taguatinga,1720903
Taiaçu,3553104
Tailândia,1507953
Taió,4217808
Taiobeiras,3168002
Taipas do Tocantins,1720937
Taipu,2413904
Taiúva,3553203
Talismã,1720978
Tamandaré,2614857
Tamarana,4126678
Tambaú,3553302
Tamboara,4126702
Tamboril,2313203
Tamboril do Piauí,2210953
Tanabi,3553401
Tangará,2414001
Tangará,4217907
Tangará da Serra,5107958
Tanguá,3305752
Tanhaçu,2931004
Tanque D'Arca,2709004
Tanque do Piauí,2210979
Tanque Novo,2931053
Tanquinho,2931103
Taparuba,3168051
Tapauá,1304104
Tapejara,4126801
Tapejara,4320909
Tapera,4321006
Taperoá,2516508
Taperoá,2931202
Tapes,4321105
Tapira,3168101
Tapira,4126900
Tapiraí,3168200
Tapiraí,3553500
Tapiramutá,2931301
Tapiratiba,3553609
Tapurah,5108006
Taquara,4321204
Taquaraçu de Minas,3168309
Taquaral,3553658
Taquaral de Goiás,5221007
Taquarana,2709103
Taquari,4321303
Taquaritinga,3553708
Taquaritinga do Norte,2615003
Taquarituba,3553807
Taquarivaí,3553856
Taquaruçu do Sul,4321329
Taquarussu,5007976
Tarabai,3553906
Tarauacá,1200609
Tarrafas,2313252
Tartarugalzinho,1600709
Tarumã,3553955
Tarumirim,3168408
Tasso Fragoso,2112001
Tatuí,3554003
Tauá,2313302
Taubaté,3554102
Tavares,2516607
Tavares,4321352
Tefé,1304203
Teixeira,2516706
Teixeira de Freitas,2931350
Teixeira Soares,4127007
Teixeiras,3168507
Teixeirópolis,1101559
Tejuçuoca,2313351
Tejupá,3554201
Telêmaco Borba,4127106
Telha,2807303
Tenente Ananias,2414100
Tenente Laurentino Cruz,2414159
Tenente Portela,4321402
Tenório,2516755
Teodoro Sampaio,2931400
Teodoro Sampaio,3554300
Teofilândia,2931509
Teófilo Otoni,3168606
Teolândia,2931608
Teotônio Vilela,2709152
Terenos,5008008
Teresina,2211001
Teresina de Goiás,5221080
Teresópolis,3305802
Terezinha,2615102
Terezópolis de Goiás,5221197
Terra Alta,1507961
Terra Boa,4127205
Terra de Areia,4321436
Terra Nova,2615201
Terra Nova,2931707
Terra Nova do Norte,5108055
Terra Rica,4127304
Terra Roxa,3554409
Terra Roxa,4127403
Terra Santa,1507979
Tesouro,5108105
Teutônia,4321451
Theobroma,1101609
Tianguá,2313401
Tibagi,4127502
Tibau,2411056
Tibau do Sul,2414209
Tietê,3554508
Tigrinhos,4217956
Tijucas,4218004
Tijucas do Sul,4127601
Timbaúba,2615300
Timbaúba dos Batistas,2414308
Timbé do Sul,4218103
Timbiras,2112100
Timbó,4218202
Timbó Grande,4218251
Timburi,3554607
Timon,2112209
Timóteo,3168705
Tio Hugo,4321469
Tiradentes,3168804
Tiradentes do Sul,4321477
Tiros,3168903
Tobias Barreto,2807402
Tocantínia,1721109
Tocantinópolis,1721208
Tocantins,3169000
Tocos do Moji,3169059
Toledo,3169109
Toledo,4127700
Tomar do Geru,2807501
Tomazina,4127809
Tombos,3169208
Tomé-Açu,1508001
Tonantins,1304237
Toritama,2615409
Torixoréu,5108204
Toropi,4321493
Torre de Pedra,3554656
Torres,4321501
Torrinha,3554706
Touros,2414407
Trabiju,3554755
Tracuateua,1508035
Tracunhaém,2615508
Traipu,2709202
Trairão,1508050
Trairi,2313500
Trajano de Moraes,3305901
Tramandaí,4321600
Travesseiro,4321626
Tremedal,2931806
Tremembé,3554805
Três Arroios,4321634
Três Barras,4218301
Três Barras do Paraná,4127858
Três Cachoeiras,4321667
Três Corações,3169307
Três Coroas,4321709
Três de Maio,4321808
Três Forquilhas,4321832
Três Fronteiras,3554904
Três Lagoas,5008305
Três Marias,3169356
Três Palmeiras,4321857
Três Passos,4321907
Três Pontas,3169406
Três Ranchos,5221304
Três Rios,3306008
Treviso,4218350
Treze de Maio,4218400
Treze Tílias,4218509
Trindade,2615607
Trindade,5221403
Trindade do Sul,4321956
Triunfo,2516805
Triunfo,2615706
Triunfo,4322004
Triunfo Potiguar,2414456
Trizidela do Vale,2112233
Trombas,5221452
Trombudo Central,4218608
Tubarão,4218707
Tucano,2931905
Tucumã,1508084
Tucunduva,4322103
Tucuruí,1508100
Tufilândia,2112274
Tuiuti,3554953
Tumiritinga,3169505
Tunápolis,4218756
Tunas,4322152
Tunas do Paraná,4127882
Tuneiras do Oeste,4127908
Tuntum,2112308
Tupã,3555000
Tupaciguara,3169604
Tupanatinga,2615805
Tupanci do Sul,4322186
Tupanciretã,4322202
Tupandi,4322251
Tuparendi,4322301
Tuparetama,2615904
Tupãssi,4127957
Tupi Paulista,3555109
Tupirama,1721257
Tupiratins,1721307
Turiaçu,2112407
Turilândia,2112456
Turiúba,3555208
Turmalina,3169703
Turmalina,3555307
Turuçu,4322327
Tururu,2313559
Turvânia,5221502
Turvelândia,5221551
Turvo,4127965
Turvo,4218806
Turvolândia,3169802
Tutóia,2112506
Uarini,1304260
Uauá,2932002
Ubá,3169901
Ubaí,3170008
Ubaíra,2932101
Ubaitaba,2932200
Ubajara,2313609
Ubaporanga,3170057
Ubarana,3555356
Ubatã,2932309
Ubatuba,3555406
Uberaba,3170107
Uberlândia,3170206
Ubirajara,3555505
Ubiratã,4128005
Ubiretama,4322343
Uchoa,3555604
Uibaí,2932408
Uiramutã,1400704
Uirapuru,5221577
Uiraúna,2516904
Ulianópolis,1508126
Umari,2313708
Umarizal,2414506
Umbaúba,2807600
Umburanas,2932457
Umburatiba,3170305
Umbuzeiro,2517001
Umirim,2313757
Umuarama,4128104
Una,2932507
Unaí,3170404
União,2211100
União da Serra,4322350
União da Vitória,4128203
União de Minas,3170438
União do Oeste,4218855
União do Sul,5108303
União dos Palmares,2709301
União Paulista,3555703
Uniflor,4128302
Unistalda,4322376
Upanema,2414605
Uraí,4128401
Urandi,2932606
Urânia,3555802
Urbano Santos,2112605
Uru,3555901
Uruaçu,5221601
Uruana,5221700
Uruana de Minas,3170479
Uruará,1508159
Urubici,4218905
Uruburetama,2313807
Urucânia,3170503
Urucará,1304302
Uruçuca,2932705
Uruçuí,2211209
Urucuia,3170529
Urucurituba,1304401
Uruguaiana,4322400
Uruoca,2313906
Urupá,1101708
Urupema,4218954
Urupês,3556008
Urussanga,4219002
Urutaí,5221809
Utinga,2932804
Vacaria,4322509
Vale de São Domingos,5108352
Vale do Anari,1101757
Vale do Paraíso,1101807
Vale do Sol,4322533
Vale Real,4322541
Vale Verde,4322525
Valença,2932903
Valença,3306107
Valença do Piauí,2211308
Valente,2933000
Valentim Gentil,3556107
Valinhos,3556206
Valparaíso,3556305
Valparaíso de Goiás,5221858
Vanini,4322558
Vargeão,4219101
Vargem,3556354
Vargem,4219150
Vargem Alegre,3170578
Vargem Alta,3205036
Vargem Bonita,3170602
Vargem Bonita,4219176
Vargem Grande,2112704
Vargem Grande do Rio Pardo,3170651
Vargem Grande do Sul,3556404
Vargem Grande Paulista,3556453
Varginha,3170701
Varjão,5221908
Varjão de Minas,3170750
Varjota,2313955
Varre-Sai,3306156
Várzea,2414704
Várzea,2517100
Várzea Alegre,2314003
Várzea Branca,2211357
Várzea da Palma,3170800
Várzea da Roça,2933059
Várzea do Poço,2933109
Várzea Grande,2211407
Várzea Grande,5108402
Várzea Nova,2933158
Várzea Paulista,3556503
Varzedo,2933174
Varzelândia,3170909
Vassouras,3306206
Vazante,3171006
Venâncio Aires,4322608
Venda Nova do Imigrante,3205069
Venha-Ver,2414753
Ventania,4128534
Venturosa,2616001
Vera,5108501
Vera Cruz,2414803
Vera Cruz,2933208
Vera Cruz,3556602
Vera Cruz,4322707
Vera Cruz do Oeste,4128559
Vera Mendes,2211506
Veranópolis,4322806
Verdejante,2616100
Verdelândia,3171030
Verê,4128609
Vereda,2933257
Veredinha,3171071
Veríssimo,3171105
Vermelho Novo,3171154
Vertente do Lério,2616183
Vertentes,2616209
Vespasiano,3171204
Vespasiano Correa,4322855
Viadutos,4322905
Viamão,4323002
Viana,2112803
Viana,3205101
Vianópolis,5222005
Vicência,2616308
Vicente Dutra,4323101
Vicentina,5008404
Vicentinópolis,5222054
Viçosa,2414902
Viçosa,2709400
Viçosa,3171303
Viçosa do Ceará,2314102
Victor Graeff,4323200
Vidal Ramos,4219200
Videira,4219309
Vieiras,3171402
Vieirópolis,2517209
Vigia,1508209
Vila Bela da Santíssima Trindade,5105507
Vila Boa,5222203
Vila Flor,2415008
Vila Flores,4323309
Vila Lângaro,4323358
Vila Maria,4323408
Vila Nova do Piauí,2211605
Vila Nova do Sul,4323457
Vila Nova dos Martírios,2112852
Vila Pavão,3205150
Vila Propício,5222302
Vila Rica,5108600
Vila Valério,3205176
Vila Velha,3205200
Vilhena,1100304
Vinhedo,3556701
Viradouro,3556800
Virgem da Lapa,3171600
Virgínia,3171709
Virginópolis,3171808
Virgolândia,3171907
Virmond,4128658
Visconde do Rio Branco,3172004
Viseu,1508308
Vista Alegre,4323507
Vista Alegre do Alto,3556909
Vista Alegre do Prata,4323606
Vista Gaúcha,4323705
Vista Serrana,2505501
Vitor Meireles,4219358
Vitória,3205309
Vitória Brasil,3556958
Vitória da Conquista,2933307
Vitória das Missões,4323754
Vitória de Santo Antão,2616407
Vitória do Jari,1600808
Vitória do Mearim,2112902
Vitória do Xingu,1508357
Vitorino,4128708
Vitorino Freire,2113009
Volta Grande,3172103
Volta Redonda,3306305
Votorantim,3557006
Votuporanga,3557105
Wagner,2933406
Wall Ferraz,2211704
Wanderlândia,1722081
Wanderley,2933455
Wenceslau Braz,3172202
Wenceslau Braz,4128500
Wenceslau Guimarães,2933505
Westfalia,4323770
Witmarsum,4219408
Xambioá,1722107
Xambrê,4128807
Xangri-Lá,4323804
Xanxerê,4219507
Xapuri,1200708
Xavantina,4219606
Xaxim,4219705
Xexéu,2616506
Xinguara,1508407
Xique-Xique,2933604
Zabelê,2517407
Zacarias,3557154
Zé Doca,2114007
Zortéa,4219853