CODMUNRES,NOME,POPRE_T
11,Rondônia,1768204
1100015,Alta Floresta D'Oeste (RO),25578
1100023,Ariquemes (RO),104401
1100031,Cabixi (RO),6355
1100049,Cacoal (RO),87226
1100056,Cerejeiras (RO),17986
1100064,Colorado do Oeste (RO),18817
1100072,Corumbiara (RO),8842
1100080,Costa Marques (RO),16651
1100098,Espigão D'Oeste (RO),32385
1100106,Guajará-Mirim (RO),46632
1100114,Jaru (RO),55738
1100122,Ji-Paraná (RO),130419
1100130,Machadinho D'Oeste (RO),37167
1100148,Nova Brasilândia D'Oeste (RO),21592
1100155,Ouro Preto do Oeste (RO),39924
1100189,Pimenta Bueno (RO),37512
1100205,Porto Velho (RO),502748
1100254,Presidente Médici (RO),22557
1100262,Rio Crespo (RO),3750
1100288,Rolim de Moura (RO),56242
1100296,Santa Luzia D'Oeste (RO),8532
1100304,Vilhena (RO),91801
1100320,São Miguel do Guaporé (RO),23933
1100338,Nova Mamoré (RO),27600
1100346,Alvorada D'Oeste (RO),17063
1100379,Alto Alegre dos Parecis (RO),13940
1100403,Alto Paraíso (RO),20210
1100452,Buritis (RO),37838
1100502,Novo Horizonte do Oeste (RO),10276
1100601,Cacaulândia (RO),6367
1100700,Campo Novo de Rondônia (RO),14220
1100809,Candeias do Jamari (RO),24155
1100908,Castanheiras (RO),3617
1100924,Chupinguaia (RO),10129
1100940,Cujubim (RO),20974
1101005,Governador Jorge Teixeira (RO),10127
1101104,Itapuã do Oeste (RO),9995
1101203,Ministro Andreazza (RO),10823
1101302,Mirante da Serra (RO),12360
1101401,Monte Negro (RO),15873
1101435,Nova União (RO),7824
1101450,Parecis (RO),5697
1101468,Pimenteiras do Oeste (RO),2424
1101476,Primavera de Rondônia (RO),3501
1101484,São Felipe D'Oeste (RO),6103
1101492,São Francisco do Guaporé (RO),19002
1101500,Seringueiras (RO),12581
1101559,Teixeirópolis (RO),5003
1101609,Theobroma (RO),11347
1101708,Urupá (RO),13293
1101757,Vale do Anari (RO),10843
1101807,Vale do Paraíso (RO),8231
12,Acre,803513
1200013,Acrelândia (AC),13869
1200054,Assis Brasil (AC),6738
1200104,Brasiléia (AC),23849
1200138,Bujari (AC),9339
1200179,Capixaba (AC),10498
1200203,Cruzeiro do Sul (AC),81519
1200252,Epitaciolândia (AC),16731
1200302,Feijó (AC),32385
1200328,Jordão (AC),7509
1200336,Mâncio Lima (AC),17173
1200344,Manoel Urbano (AC),8641
1200351,Marechal Thaumaturgo (AC),16895
1200385,Plácido de Castro (AC),18159
1200393,Porto Walter (AC),10759
1200401,Rio Branco (AC),370550
1200427,Rodrigues Alves (AC),16974
1200435,Santa Rosa do Purus (AC),5809
1200450,Senador Guiomard (AC),21182
1200500,Sena Madureira (AC),41750
1200609,Tarauacá (AC),38819
1200708,Xapuri (AC),17608
1200807,Porto Acre (AC),16757
13,Amazonas,3938336
1300029,Alvarães (AM),15545
1300060,Amaturá (AM),10847
1300086,Anamã (AM),12320
1300102,Anori (AM),19292
1300144,Apuí (AM),20648
1300201,Atalaia do Norte (AM),18133
1300300,Autazes (AM),37033
1300409,Barcelos (AM),27433
1300508,Barreirinha (AM),30658
1300607,Benjamin Constant (AM),39484
1300631,Beruri (AM),18171
1300680,Boa Vista do Ramos (AM),17668
1300706,Boca do Acre (AM),33498
1300805,Borba (AM),39292
1300839,Caapiranga (AM),12420
1300904,Canutama (AM),15130
1301001,Carauari (AM),27880
1301100,Careiro (AM),36435
1301159,Careiro da Várzea (AM),27981
1301209,Coari (AM),83078
1301308,Codajás (AM),26777
1301407,Eirunepé (AM),34025
1301506,Envira (AM),18786
1301605,Fonte Boa (AM),20742
1301654,Guajará (AM),15826
1301704,Humaitá (AM),51302
1301803,Ipixuna (AM),26860
1301852,Iranduba (AM),45984
1301902,Itacoatiara (AM),97122
1301951,Itamarati (AM),8179
1302009,Itapiranga (AM),8953
1302108,Japurá (AM),5125
1302207,Juruá (AM),13198
1302306,Jutaí (AM),16585
1302405,Lábrea (AM),43263
1302504,Manacapuru (AM),94175
1302553,Manaquiri (AM),28413
1302603,Manaus (AM),2057711
1302702,Manicoré (AM),53053
1302801,Maraã (AM),18423
1302900,Maués (AM),59983
1303007,Nhamundá (AM),20358
1303106,Nova Olinda do Norte (AM),35156
1303205,Novo Airão (AM),17671
1303304,Novo Aripuanã (AM),24315
1303403,Parintins (AM),111575
1303502,Pauini (AM),19378
1303536,Presidente Figueiredo (AM),32812
1303569,Rio Preto da Eva (AM),30530
1303601,Santa Isabel do Rio Negro (AM),22404
1303700,Santo Antônio do Içá (AM),23688
1303809,São Gabriel da Cachoeira (AM),43094
1303908,São Paulo de Olivença (AM),36536
1303957,São Sebastião do Uatumã (AM),12781
1304005,Silves (AM),9081
1304062,Tabatinga (AM),61028
1304104,Tapauá (AM),18152
1304203,Tefé (AM),62444
1304237,Tonantins (AM),18478
1304260,Uarini (AM),13121
1304302,Urucará (AM),17163
1304401,Urucurituba (AM),21140
14,Roraima,505665
1400027,Amajari (RR),11006
1400050,Alto Alegre (RR),16176
1400100,Boa Vista (RR),320714
1400159,Bonfim (RR),11739
1400175,Cantá (RR),16149
1400209,Caracaraí (RR),20261
1400233,Caroebe (RR),9165
1400282,Iracema (RR),10320
1400308,Mucajaí (RR),16380
1400407,Normandia (RR),10148
1400456,Pacaraima (RR),11908
1400472,Rorainópolis (RR),27288
1400506,São João da Baliza (RR),7516
1400605,São Luiz (RR),7407
1400704,Uiramutã (RR),9488
15,Pará,8175113
1500107,Abaetetuba (PA),150431
1500131,Abel Figueiredo (PA),7126
1500206,Acará (PA),54064
1500305,Afuá (PA),37398
1500347,Água Azul do Norte (PA),26305
1500404,Alenquer (PA),54662
1500503,Almeirim (PA),33372
1500602,Altamira (PA),108382
1500701,Anajás (PA),27540
1500800,Ananindeua (PA),505404
1500859,Anapu (PA),25414
1500909,Augusto Corrêa (PA),43700
1500958,Aurora do Pará (PA),29492
1501006,Aveiro (PA),15953
1501105,Bagre (PA),28292
1501204,Baião (PA),43757
1501253,Bannach (PA),3267
1501303,Barcarena (PA),115779
1501402,Belém (PA),1439561
1501451,Belterra (PA),17036
1501501,Benevides (PA),58637
1501576,Bom Jesus do Tocantins (PA),16227
1501600,Bonito (PA),15282
1501709,Bragança (PA),121528
1501725,Brasil Novo (PA),14984
1501758,Brejo Grande do Araguaia (PA),7232
1501782,Breu Branco (PA),61222
1501808,Breves (PA),98231
1501907,Bujaru (PA),27689
1501956,Cachoeira do Piriá (PA),31300
1502004,Cachoeira do Arari (PA),22449
1502103,Cametá (PA),130868
1502152,Canaã dos Carajás (PA),33632
1502202,Capanema (PA),66353
1502301,Capitão Poço (PA),52693
1502400,Castanhal (PA),189784
1502509,Chaves (PA),22566
1502608,Colares (PA),11682
1502707,Conceição do Araguaia (PA),46395
1502756,Concórdia do Pará (PA),31352
1502764,Cumaru do Norte (PA),12423
1502772,Curionópolis (PA),17709
1502806,Curralinho (PA),32248
1502855,Curuá (PA),13562
1502905,Curuçá (PA),37800
1502939,Dom Eliseu (PA),56398
1502954,Eldorado do Carajás (PA),32664
1503002,Faro (PA),7333
1503044,Floresta do Araguaia (PA),19261
1503077,Garrafão do Norte (PA),25326
1503093,Goianésia do Pará (PA),37975
1503101,Gurupá (PA),31623
1503200,Igarapé-Açu (PA),37333
1503309,Igarapé-Miri (PA),60343
1503408,Inhangapi (PA),11053
1503457,Ipixuna do Pará (PA),58558
1503507,Irituia (PA),31654
1503606,Itaituba (PA),98446
1503705,Itupiranga (PA),51775
1503754,Jacareacanga (PA),9677
1503804,Jacundá (PA),56006
1503903,Juruti (PA),53989
1504000,Limoeiro do Ajuru (PA),27368
1504059,Mãe do Rio (PA),28959
1504109,Magalhães Barata (PA),8279
1504208,Marabá (PA),262085
1504307,Maracanã (PA),28656
1504406,Marapanim (PA),27368
1504422,Marituba (PA),122916
1504455,Medicilândia (PA),29887
1504505,Melgaço (PA),26397
1504604,Mocajuba (PA),29398
1504703,Moju (PA),77385
1504752,Mojuí dos Campos (PA),15446
1504802,Monte Alegre (PA),56312
1504901,Muaná (PA),37977
1504950,Nova Esperança do Piriá (PA),20663
1504976,Nova Ipixuna (PA),15836
1505007,Nova Timboteua (PA),14635
1505031,Novo Progresso (PA),25135
1505064,Novo Repartimento (PA),70835
1505106,Óbidos (PA),50459
1505205,Oeiras do Pará (PA),30880
1505304,Oriximiná (PA),69024
1505403,Ourém (PA),17114
1505437,Ourilândia do Norte (PA),30776
1505486,Pacajá (PA),44778
1505494,Palestina do Pará (PA),7424
1505502,Paragominas (PA),107010
1505536,Parauapebas (PA),189921
1505551,Pau D'Arco (PA),5535
1505601,Peixe-Boi (PA),7874
1505635,Piçarra (PA),12675
1505650,Placas (PA),28533
1505700,Ponta de Pedras (PA),29160
1505809,Portel (PA),58282
1505908,Porto de Moz (PA),38471
1506005,Prainha (PA),29200
1506104,Primavera (PA),10485
1506112,Quatipuru (PA),13044
1506138,Redenção (PA),80797
1506161,Rio Maria (PA),17738
1506187,Rondon do Pará (PA),49977
1506195,Rurópolis (PA),46804
1506203,Salinópolis (PA),39078
1506302,Salvaterra (PA),22370
1506351,Santa Bárbara do Pará (PA),19645
1506401,Santa Cruz do Arari (PA),9417
1506500,Santa Izabel do Pará (PA),66490
1506559,Santa Luzia do Pará (PA),19383
1506583,Santa Maria das Barreiras (PA),19925
1506609,Santa Maria do Pará (PA),23927
1506708,Santana do Araguaia (PA),67033
1506807,Santarém (PA),292520
1506906,Santarém Novo (PA),6437
1507003,Santo Antônio do Tauá (PA),29629
1507102,São Caetano de Odivelas (PA),17420
1507151,São Domingos do Araguaia (PA),24451
1507201,São Domingos do Capim (PA),30847
1507300,São Félix do Xingu (PA),116186
1507409,São Francisco do Pará (PA),15380
1507458,São Geraldo do Araguaia (PA),24607
1507466,São João da Ponta (PA),5795
1507474,São João de Pirabas (PA),21991
1507508,São João do Araguaia (PA),13521
1507607,São Miguel do Guamá (PA),55942
1507706,São Sebastião da Boa Vista (PA),25161
1507755,Sapucaia (PA),5587
1507805,Senador José Porfírio (PA),11827
1507904,Soure (PA),24286
1507953,Tailândia (PA),97161
1507961,Terra Alta (PA),11120
1507979,Terra Santa (PA),17946
1508001,Tomé-Açu (PA),60456
1508035,Tracuateua (PA),29465
1508050,Trairão (PA),18084
1508084,Tucumã (PA),37308
1508100,Tucuruí (PA),107189
1508126,Ulianópolis (PA),53881
1508159,Uruará (PA),44486
1508209,Vigia (PA),51173
1508308,Viseu (PA),59054
1508357,Vitória do Xingu (PA),14407
1508407,Xinguara (PA),42833
16,Amapá,766679
1600055,Serra do Navio (AP),4938
1600105,Amapá (AP),8622
1600154,Pedra Branca do Amapari (AP),13988
1600204,Calçoene (AP),10163
1600212,Cutias (AP),5407
1600238,Ferreira Gomes (AP),6901
1600253,Itaubal (AP),4949
1600279,Laranjal do Jari (AP),45712
1600303,Macapá (AP),456171
1600402,Mazagão (AP),19571
1600501,Oiapoque (AP),24263
1600535,Porto Grande (AP),19669
1600550,Pracuúba (AP),4531
1600600,Santana (AP),112218
1600709,Tartarugalzinho (AP),15212
1600808,Vitória do Jari (AP),14364
17,Tocantins,1515126
1700251,Abreulândia (TO),2539
1700301,Aguiarnópolis (TO),6149
1700350,Aliança do Tocantins (TO),5605
1700400,Almas (TO),7409
1700707,Alvorada (TO),8536
1701002,Ananás (TO),9848
1701051,Angico (TO),3379
1701101,Aparecida do Rio Negro (TO),4618
1701309,Aragominas (TO),5910
1701903,Araguacema (TO),6863
1702000,Araguaçu (TO),8777
1702109,Araguaína (TO),170183
1702158,Araguanã (TO),5515
1702208,Araguatins (TO),34392
1702307,Arapoema (TO),6799
1702406,Arraias (TO),10778
1702554,Augustinópolis (TO),17627
1702703,Aurora do Tocantins (TO),3682
1702901,Axixá do Tocantins (TO),9706
1703008,Babaçulândia (TO),10736
1703057,Bandeirantes do Tocantins (TO),3420
1703073,Barra do Ouro (TO),4460
1703107,Barrolândia (TO),5601
1703206,Bernardo Sayão (TO),4532
1703305,Bom Jesus do Tocantins (TO),4477
1703602,Brasilândia do Tocantins (TO),2177
1703701,Brejinho de Nazaré (TO),5451
1703800,Buriti do Tocantins (TO),10837
1703826,Cachoeirinha (TO),2256
1703842,Campos Lindos (TO),9408
1703867,Cariri do Tocantins (TO),4178
1703883,Carmolândia (TO),2507
1703891,Carrasco Bonito (TO),3983
1703909,Caseara (TO),5119
1704105,Centenário (TO),2803
1704600,Chapada de Areia (TO),1397
1705102,Chapada da Natividade (TO),3363
1705508,Colinas do Tocantins (TO),33981
1705557,Combinado (TO),4851
1705607,Conceição do Tocantins (TO),4209
1706001,Couto Magalhães (TO),5424
1706100,Cristalândia (TO),7386
1706258,Crixás do Tocantins (TO),1680
1706506,Darcinópolis (TO),5833
1707009,Dianópolis (TO),21167
1707108,Divinópolis do Tocantins (TO),6777
1707207,Dois Irmãos do Tocantins (TO),7302
1707306,Dueré (TO),4722
1707405,Esperantina (TO),10506
1707553,Fátima (TO),3886
1707652,Figueirópolis (TO),5386
1707702,Filadélfia (TO),8848
1708205,Formoso do Araguaia (TO),18742
1708254,Tabocão (TO),2556
1708304,Goianorte (TO),5135
1709005,Goiatins (TO),12813
1709302,Guaraí (TO),25149
1709500,Gurupi (TO),83707
1709807,Ipueiras (TO),1881
1710508,Itacajá (TO),7411
1710706,Itaguatins (TO),6035
1710904,Itapiratins (TO),3732
1711100,Itaporã do Tocantins (TO),2476
1711506,Jaú do Tocantins (TO),3761
1711803,Juarina (TO),2245
1711902,Lagoa da Confusão (TO),12184
1711951,Lagoa do Tocantins (TO),4037
1712009,Lajeado (TO),3026
1712157,Lavandeira (TO),1814
1712405,Lizarda (TO),3796
1712454,Luzinópolis (TO),2945
1712504,Marianópolis do Tocantins (TO),4896
1712702,Mateiros (TO),2524
1712801,Maurilândia do Tocantins (TO),3362
1713205,Miracema do Tocantins (TO),19634
1713304,Miranorte (TO),13298
1713601,Monte do Carmo (TO),7535
1713700,Monte Santo do Tocantins (TO),2231
1713809,Palmeiras do Tocantins (TO),6362
1713957,Muricilândia (TO),3433
1714203,Natividade (TO),9291
1714302,Nazaré (TO),4177
1714880,Nova Olinda (TO),11513
1715002,Nova Rosalândia (TO),4113
1715101,Novo Acordo (TO),4158
1715150,Novo Alegre (TO),2351
1715259,Novo Jardim (TO),2650
1715507,Oliveira de Fátima (TO),1098
1715705,Palmeirante (TO),5651
1715754,Palmeirópolis (TO),7645
1716109,Paraíso do Tocantins (TO),49076
1716208,Paranã (TO),10573
1716307,Pau D'Arco (TO),4814
1716505,Pedro Afonso (TO),12900
1716604,Peixe (TO),11340
1716653,Pequizeiro (TO),5381
1716703,Colméia (TO),8522
1717008,Pindorama do Tocantins (TO),4547
1717206,Piraquê (TO),3031
1717503,Pium (TO),7357
1717800,Ponte Alta do Bom Jesus (TO),4649
1717909,Ponte Alta do Tocantins (TO),7793
1718006,Porto Alegre do Tocantins (TO),3039
1718204,Porto Nacional (TO),52182
1718303,Praia Norte (TO),8229
1718402,Presidente Kennedy (TO),3744
1718451,Pugmil (TO),2591
1718501,Recursolândia (TO),4132
1718550,Riachinho (TO),4520
1718659,Rio da Conceição (TO),1980
1718709,Rio dos Bois (TO),2764
1718758,Rio Sono (TO),6486
1718808,Sampaio (TO),4415
1718840,Sandolândia (TO),3410
1718865,Santa Fé do Araguaia (TO),7232
1718881,Santa Maria do Tocantins (TO),3252
1718899,Santa Rita do Tocantins (TO),2300
1718907,Santa Rosa do Tocantins (TO),4794
1719004,Santa Tereza do Tocantins (TO),2762
1720002,Santa Terezinha do Tocantins (TO),2547
1720101,São Bento do Tocantins (TO),5096
1720150,São Félix do Tocantins (TO),1545
1720200,São Miguel do Tocantins (TO),11597
1720259,São Salvador do Tocantins (TO),3058
1720309,São Sebastião do Tocantins (TO),4654
1720499,São Valério (TO),4214
1720655,Silvanópolis (TO),5345
1720804,Sítio Novo do Tocantins (TO),9243
1720853,Sucupira (TO),1900
1720903,Taguatinga (TO),16238
1720937,Taipas do Tocantins (TO),2094
1720978,Talismã (TO),2737
1721000,Palmas (TO),272726
1721109,Tocantínia (TO),7313
1721208,Tocantinópolis (TO),23141
1721257,Tupirama (TO),1782
1721307,Tupiratins (TO),2461
1722081,Wanderlândia (TO),11566
1722107,Xambioá (TO),11709
21,Maranhão,6904241
2100055,Açailândia (MA),109685
2100105,Afonso Cunha (MA),6351
2100154,Água Doce do Maranhão (MA),12257
2100204,Alcântara (MA),21659
2100303,Aldeias Altas (MA),25823
2100402,Altamira do Maranhão (MA),11616
2100436,Alto Alegre do Maranhão (MA),26348
2100477,Alto Alegre do Pindaré (MA),31287
2100501,Alto Parnaíba (MA),10956
2100550,Amapá do Maranhão (MA),6789
2100600,Amarante do Maranhão (MA),40378
2100709,Anajatuba (MA),26880
2100808,Anapurus (MA),15286
2100832,Apicum-Açu (MA),17948
2100873,Araguanã (MA),15018
2100907,Araioses (MA),45255
2100956,Arame (MA),32015
2101004,Arari (MA),29200
2101103,Axixá (MA),11850
2101202,Bacabal (MA),102656
2101251,Bacabeira (MA),16553
2101301,Bacuri (MA),17335
2101350,Bacurituba (MA),5511
2101400,Balsas (MA),92144
2101509,Barão de Grajaú (MA),18365
2101608,Barra do Corda (MA),86151
2101707,Barreirinhas (MA),60588
2101731,Belágua (MA),7273
2101772,Bela Vista do Maranhão (MA),10931
2101806,Benedito Leite (MA),5519
2101905,Bequimão (MA),20853
2101939,Bernardo do Mearim (MA),5900
2101970,Boa Vista do Gurupi (MA),8996
2102002,Bom Jardim (MA),40660
2102036,Bom Jesus das Selvas (MA),32900
2102077,Bom Lugar (MA),15855
2102101,Brejo (MA),35473
2102150,Brejo de Areia (MA),9166
2102200,Buriti (MA),28022
2102309,Buriti Bravo (MA),23375
2102325,Buriticupu (MA),70417
2102358,Buritirana (MA),15100
2102374,Cachoeira Grande (MA),8822
2102408,Cajapió (MA),10927
2102507,Cajari (MA),18943
2102556,Campestre do Maranhão (MA),14028
2102606,Cândido Mendes (MA),19702
2102705,Cantanhede (MA),21464
2102754,Capinzal do Norte (MA),10720
2102804,Carolina (MA),23866
2102903,Carutapera (MA),23219
2103000,Caxias (MA),161137
2103109,Cedral (MA),10455
2103125,Central do Maranhão (MA),8447
2103158,Centro do Guilherme (MA),13015
2103174,Centro Novo do Maranhão (MA),21013
2103208,Chapadinha (MA),77684
2103257,Cidelândia (MA),14346
2103307,Codó (MA),120265
2103406,Coelho Neto (MA),48320
2103505,Colinas (MA),40268
2103554,Conceição do Lago-Açu (MA),15782
2103604,Coroatá (MA),63821
2103703,Cururupu (MA),30913
2103752,Davinópolis (MA),12653
2103802,Dom Pedro (MA),22881
2103901,Duque Bacelar (MA),11084
2104008,Esperantinópolis (MA),17029
2104057,Estreito (MA),40629
2104073,Feira Nova do Maranhão (MA),8321
2104081,Fernando Falcão (MA),10073
2104099,Formosa da Serra Negra (MA),18573
2104107,Fortaleza dos Nogueiras (MA),12375
2104206,Fortuna (MA),15239
2104305,Godofredo Viana (MA),11464
2104404,Gonçalves Dias (MA),17579
2104503,Governador Archer (MA),10591
2104552,Governador Edison Lobão (MA),17747
2104602,Governador Eugênio Barros (MA),16456
2104628,Governador Luiz Rocha (MA),7626
2104651,Governador Newton Bello (MA),10011
2104677,Governador Nunes Freire (MA),25117
2104701,Graça Aranha (MA),6142
2104800,Grajaú (MA),67626
2104909,Guimarães (MA),11827
2105005,Humberto de Campos (MA),27976
2105104,Icatu (MA),26452
2105153,Igarapé do Meio (MA),13774
2105203,Igarapé Grande (MA),11628
2105302,Imperatriz (MA),253123
2105351,Itaipava do Grajaú (MA),15609
2105401,Itapecuru Mirim (MA),66433
2105427,Itinga do Maranhão (MA),25440
2105450,Jatobá (MA),9819
2105476,Jenipapo dos Vieiras (MA),16124
2105500,João Lisboa (MA),23232
2105609,Joselândia (MA),15827
2105658,Junco do Maranhão (MA),3431
2105708,Lago da Pedra (MA),48992
2105807,Lago do Junco (MA),10602
2105906,Lago Verde (MA),15893
2105922,Lagoa do Mato (MA),11020
2105948,Lago dos Rodrigues (MA),8716
2105963,Lagoa Grande do Maranhão (MA),11111
2105989,Lajeado Novo (MA),7359
2106003,Lima Campos (MA),11642
2106102,Loreto (MA),11871
2106201,Luís Domingues (MA),6788
2106300,Magalhães de Almeida (MA),19267
2106326,Maracaçumé (MA),20815
2106359,Marajá do Sena (MA),7658
2106375,Maranhãozinho (MA),15734
2106409,Mata Roma (MA),16375
2106508,Matinha (MA),22822
2106607,Matões (MA),32988
2106631,Matões do Norte (MA),16169
2106672,Milagres do Maranhão (MA),8284
2106706,Mirador (MA),20596
2106755,Miranda do Norte (MA),27507
2106805,Mirinzal (MA),14632
2106904,Monção (MA),32833
2107001,Montes Altos (MA),9026
2107100,Morros (MA),18938
2107209,Nina Rodrigues (MA),14012
2107258,Nova Colinas (MA),5243
2107308,Nova Iorque (MA),4592
2107357,Nova Olinda do Maranhão (MA),20393
2107407,Olho d'Água das Cunhãs (MA),19080
2107456,Olinda Nova do Maranhão (MA),14299
2107506,Paço do Lumiar (MA),117877
2107605,Palmeirândia (MA),19288
2107704,Paraibano (MA),20892
2107803,Parnarama (MA),34146
2107902,Passagem Franca (MA),18549
2108009,Pastos Bons (MA),18999
2108058,Paulino Neves (MA),15609
2108108,Paulo Ramos (MA),20612
2108207,Pedreiras (MA),38506
2108256,Pedro do Rosário (MA),24475
2108306,Penalva (MA),37255
2108405,Peri Mirim (MA),14019
2108454,Peritoró (MA),22602
2108504,Pindaré-Mirim (MA),32198
2108603,Pinheiro (MA),81438
2108702,Pio XII (MA),21164
2108801,Pirapemas (MA),18182
2108900,Poção de Pedras (MA),17773
2109007,Porto Franco (MA),23243
2109056,Porto Rico do Maranhão (MA),5877
2109106,Presidente Dutra (MA),46680
2109205,Presidente Juscelino (MA),12398
2109239,Presidente Médici (MA),6831
2109270,Presidente Sarney (MA),18420
2109304,Presidente Vargas (MA),11302
2109403,Primeira Cruz (MA),14918
2109452,Raposa (MA),29755
2109502,Riachão (MA),19846
2109551,Ribamar Fiquene (MA),7609
2109601,Rosário (MA),41694
2109700,Sambaíba (MA),5554
2109759,Santa Filomena do Maranhão (MA),7576
2109809,Santa Helena (MA),41009
2109908,Santa Inês (MA),83238
2110005,Santa Luzia (MA),71067
2110039,Santa Luzia do Paruá (MA),24663
2110104,Santa Quitéria do Maranhão (MA),25041
2110203,Santa Rita (MA),35980
2110237,Santana do Maranhão (MA),12987
2110278,Santo Amaro do Maranhão (MA),15375
2110302,Santo Antônio dos Lopes (MA),14253
2110401,São Benedito do Rio Preto (MA),18256
2110500,São Bento (MA),45044
2110609,São Bernardo (MA),27817
2110658,São Domingos do Azeitão (MA),7224
2110708,São Domingos do Maranhão (MA),33707
2110807,São Félix de Balsas (MA),4518
2110856,São Francisco do Brejão (MA),11444
2110906,São Francisco do Maranhão (MA),11966
2111003,São João Batista (MA),20235
2111029,São João do Carú (MA),15520
2111052,São João do Paraíso (MA),10949
2111078,São João do Soter (MA),18095
2111102,São João dos Patos (MA),25371
2111201,São José de Ribamar (MA),174267
2111250,São José dos Basílios (MA),7495
2111300,São Luís (MA),1073893
2111409,São Luís Gonzaga do Maranhão (MA),18607
2111508,São Mateus do Maranhão (MA),40574
2111532,São Pedro da Água Branca (MA),12407
2111573,São Pedro dos Crentes (MA),4563
2111607,São Raimundo das Mangabeiras (MA),18406
2111631,São Raimundo do Doca Bezerra (MA),5230
2111672,São Roberto (MA),6529
2111706,São Vicente Ferrer (MA),20678
2111722,Satubinha (MA),13487
2111748,Senador Alexandre Costa (MA),10862
2111763,Senador La Rocque (MA),14081
2111789,Serrano do Maranhão (MA),10859
2111805,Sítio Novo (MA),17663
2111904,Sucupira do Norte (MA),10434
2111953,Sucupira do Riachão (MA),5537
2112001,Tasso Fragoso (MA),8303
2112100,Timbiras (MA),28511
2112209,Timon (MA),164869
2112233,Trizidela do Vale (MA),20891
2112274,Tufilândia (MA),5716
2112308,Tuntum (MA),40844
2112407,Turiaçu (MA),34826
2112456,Turilândia (MA),24907
2112506,Tutóia (MA),57253
2112605,Urbano Santos (MA),32316
2112704,Vargem Grande (MA),54845
2112803,Viana (MA),51249
2112852,Vila Nova dos Martírios (MA),12954
2112902,Vitória do Mearim (MA),32046
2113009,Vitorino Freire (MA),30917
2114007,Zé Doca (MA),50507
22,Piauí,3204028
2200053,Acauã (PI),6933
2200103,Agricolândia (PI),5078
2200202,Água Branca (PI),17010
2200251,Alagoinha do Piauí (PI),7501
2200277,Alegrete do Piauí (PI),4832
2200301,Alto Longá (PI),14006
2200400,Altos (PI),39715
2200459,Alvorada do Gurguéia (PI),5278
2200509,Amarante (PI),17312
2200608,Angical do Piauí (PI),6692
2200707,Anísio de Abreu (PI),9597
2200806,Antônio Almeida (PI),3103
2200905,Aroazes (PI),5763
2200954,Aroeiras do Itaim (PI),2460
2201002,Arraial (PI),4670
2201051,Assunção do Piauí (PI),7686
2201101,Avelino Lopes (PI),11433
2201150,Baixa Grande do Ribeiro (PI),11218
2201176,Barra D'Alcântara (PI),3887
2201200,Barras (PI),46072
2201309,Barreiras do Piauí (PI),3287
2201408,Barro Duro (PI),6935
2201507,Batalha (PI),26331
2201556,Bela Vista do Piauí (PI),3919
2201572,Belém do Piauí (PI),3464
2201606,Beneditinos (PI),10027
2201705,Bertolínia (PI),5402
2201739,Betânia do Piauí (PI),6097
2201770,Boa Hora (PI),6599
2201804,Bocaina (PI),4436
2201903,Bom Jesus (PI),24327
2201919,Bom Princípio do Piauí (PI),5497
2201929,Bonfim do Piauí (PI),5549
2201945,Boqueirão do Piauí (PI),6380
2201960,Brasileira (PI),8159
2201988,Brejo do Piauí (PI),3871
2202000,Buriti dos Lopes (PI),19415
2202026,Buriti dos Montes (PI),8188
2202059,Cabeceiras do Piauí (PI),10325
2202075,Cajazeiras do Piauí (PI),3471
2202083,Cajueiro da Praia (PI),7451
2202091,Caldeirão Grande do Piauí (PI),5674
2202109,Campinas do Piauí (PI),5507
2202117,Campo Alegre do Fidalgo (PI),4911
2202133,Campo Grande do Piauí (PI),5801
2202174,Campo Largo do Piauí (PI),7094
2202208,Campo Maior (PI),45971
2202251,Canavieira (PI),3904
2202307,Canto do Buriti (PI),20700
2202406,Capitão de Campos (PI),11239
2202455,Capitão Gervásio Oliveira (PI),4008
2202505,Caracol (PI),10641
2202539,Caraúbas do Piauí (PI),5728
2202554,Caridade do Piauí (PI),4994
2202604,Castelo do Piauí (PI),18160
2202653,Caxingó (PI),5279
2202703,Cocal (PI),27230
2202711,Cocal de Telha (PI),4621
2202729,Cocal dos Alves (PI),6028
2202737,Coivaras (PI),3930
2202752,Colônia do Gurguéia (PI),6314
2202778,Colônia do Piauí (PI),7527
2202802,Conceição do Canindé (PI),4536
2202851,Coronel José Dias (PI),4602
2202901,Corrente (PI),26084
2203008,Cristalândia do Piauí (PI),8102
2203107,Cristino Castro (PI),10214
2203206,Curimatá (PI),11121
2203230,Currais (PI),4845
2203255,Curralinhos (PI),4337
2203271,Curral Novo do Piauí (PI),5086
2203305,Demerval Lobão (PI),13552
2203354,Dirceu Arcoverde (PI),6862
2203404,Dom Expedito Lopes (PI),6756
2203420,Domingos Mourão (PI),4290
2203453,Dom Inocêncio (PI),9387
2203503,Elesbão Veloso (PI),14432
2203602,Eliseu Martins (PI),4807
2203701,Esperantina (PI),38874
2203750,Fartura do Piauí (PI),5199
2203800,Flores do Piauí (PI),4394
2203859,Floresta do Piauí (PI),2515
2203909,Floriano (PI),58803
2204006,Francinópolis (PI),5267
2204105,Francisco Ayres (PI),4333
2204154,Francisco Macedo (PI),3097
2204204,Francisco Santos (PI),9054
2204303,Fronteiras (PI),11372
2204352,Geminiano (PI),5319
2204402,Gilbués (PI),10514
2204501,Guadalupe (PI),10338
2204550,Guaribas (PI),4478
2204600,Hugo Napoleão (PI),3813
2204659,Ilha Grande (PI),9211
2204709,Inhuma (PI),15044
2204808,Ipiranga do Piauí (PI),9599
2204907,Isaías Coelho (PI),8408
2205003,Itainópolis (PI),11354
2205102,Itaueira (PI),10828
2205151,Jacobina do Piauí (PI),5682
2205201,Jaicós (PI),18660
2205250,Jardim do Mulato (PI),4412
2205276,Jatobá do Piauí (PI),4767
2205300,Jerumenha (PI),4392
2205359,João Costa (PI),2965
2205409,Joaquim Pires (PI),14083
2205458,Joca Marques (PI),5308
2205508,José de Freitas (PI),38314
2205516,Juazeiro do Piauí (PI),5380
2205524,Júlio Borges (PI),5510
2205532,Jurema (PI),4657
2205540,Lagoinha do Piauí (PI),2772
2205557,Lagoa Alegre (PI),8330
2205565,Lagoa do Barro do Piauí (PI),4579
2205573,Lagoa de São Francisco (PI),6611
2205581,Lagoa do Piauí (PI),3975
2205599,Lagoa do Sítio (PI),5047
2205607,Landri Sales (PI),5238
2205706,Luís Correia (PI),29558
2205805,Luzilândia (PI),25049
2205854,Madeiro (PI),8111
2205904,Manoel Emídio (PI),5263
2205953,Marcolândia (PI),8249
2206001,Marcos Parente (PI),4481
2206050,Massapê do Piauí (PI),6323
2206100,Matias Olímpio (PI),10718
2206209,Miguel Alves (PI),33075
2206308,Miguel Leão (PI),1235
2206357,Milton Brandão (PI),6517
2206407,Monsenhor Gil (PI),10410
2206506,Monsenhor Hipólito (PI),7586
2206605,Monte Alegre do Piauí (PI),10444
2206654,Morro Cabeça no Tempo (PI),4073
2206670,Morro do Chapéu do Piauí (PI),6657
2206696,Murici dos Portelas (PI),8903
2206704,Nazaré do Piauí (PI),7261
2206720,Nazária (PI),8366
2206753,Nossa Senhora de Nazaré (PI),4747
2206803,Nossa Senhora dos Remédios (PI),8491
2206902,Novo Oriente do Piauí (PI),6483
2206951,Novo Santo Antônio (PI),3387
2207009,Oeiras (PI),36329
2207108,Olho D'Água do Piauí (PI),2400
2207207,Padre Marcos (PI),6748
2207306,Paes Landim (PI),4071
2207355,Pajeú do Piauí (PI),3308
2207405,Palmeira do Piauí (PI),4980
2207504,Palmeirais (PI),14206
2207553,Paquetá (PI),3900
2207603,Parnaguá (PI),10561
2207702,Parnaíba (PI),149803
2207751,Passagem Franca do Piauí (PI),4482
2207777,Patos do Piauí (PI),6257
2207793,Pau D'Arco do Piauí (PI),3937
2207801,Paulistana (PI),20168
2207850,Pavussu (PI),3637
2207900,Pedro II (PI),38055
2207934,Pedro Laurentino (PI),2481
2207959,Nova Santa Rita (PI),4286
2208007,Picos (PI),76544
2208106,Pimenteiras (PI),11913
2208205,Pio IX (PI),18061
2208304,Piracuruca (PI),28160
2208403,Piripiri (PI),62650
2208502,Porto (PI),12284
2208551,Porto Alegre do Piauí (PI),2647
2208601,Prata do Piauí (PI),3106
2208650,Queimada Nova (PI),8796
2208700,Redenção do Gurguéia (PI),8600
2208809,Regeneração (PI),17697
2208858,Riacho Frio (PI),4252
2208874,Ribeira do Piauí (PI),4381
2208908,Ribeiro Gonçalves (PI),7151
2209005,Rio Grande do Piauí (PI),6329
2209104,Santa Cruz do Piauí (PI),6127
2209153,Santa Cruz dos Milagres (PI),3926
2209203,Santa Filomena (PI),6153
2209302,Santa Luz (PI),5719
2209351,Santana do Piauí (PI),4544
2209377,Santa Rosa do Piauí (PI),5178
2209401,Santo Antônio de Lisboa (PI),6244
2209450,Santo Antônio dos Milagres (PI),2115
2209500,Santo Inácio do Piauí (PI),3720
2209559,São Braz do Piauí (PI),4371
2209609,São Félix do Piauí (PI),2920
2209658,São Francisco de Assis do Piauí (PI),5786
2209708,São Francisco do Piauí (PI),6329
2209757,São Gonçalo do Gurguéia (PI),2960
2209807,São Gonçalo do Piauí (PI),4903
2209856,São João da Canabrava (PI),4523
2209872,São João da Fronteira (PI),5898
2209906,São João da Serra (PI),6081
2209955,São João da Varjota (PI),4747
2209971,São João do Arraial (PI),7755
2210003,São João do Piauí (PI),20146
2210052,São José do Divino (PI),5246
2210102,São José do Peixe (PI),3697
2210201,São José do Piauí (PI),6610
2210300,São Julião (PI),6244
2210359,São Lourenço do Piauí (PI),4493
2210375,São Luis do Piauí (PI),2595
2210383,São Miguel da Baixa Grande (PI),2409
2210391,São Miguel do Fidalgo (PI),2993
2210409,São Miguel do Tapuio (PI),18105
2210508,São Pedro do Piauí (PI),13994
2210607,São Raimundo Nonato (PI),33802
2210623,Sebastião Barros (PI),3455
2210631,Sebastião Leal (PI),4209
2210656,Sigefredo Pacheco (PI),9854
2210706,Simões (PI),14411
2210805,Simplício Mendes (PI),12424
2210904,Socorro do Piauí (PI),4512
2210938,Sussuapara (PI),6545
2210953,Tamboril do Piauí (PI),2851
2210979,Tanque do Piauí (PI),2703
2211001,Teresina (PI),844245
2211100,União (PI),43606
2211209,Uruçuí (PI),21011
2211308,Valença do Piauí (PI),20568
2211357,Várzea Branca (PI),4889
2211407,Várzea Grande (PI),4334
2211506,Vera Mendes (PI),3025
2211605,Vila Nova do Piauí (PI),2965
2211704,Wall Ferraz (PI),4375
23,Ceará,8904459
2300101,Abaiara (CE),11357
2300150,Acarape (CE),16288
2300200,Acaraú (CE),61210
2300309,Acopiara (CE),53135
2300408,Aiuaba (CE),16997
2300507,Alcântaras (CE),11321
2300606,Altaneira (CE),7344
2300705,Alto Santo (CE),16876
2300754,Amontada (CE),42098
2300804,Antonina do Norte (CE),7227
2300903,Apuiarés (CE),14565
2301000,Aquiraz (CE),77717
2301109,Aracati (CE),72727
2301208,Aracoiaba (CE),26134
2301257,Ararendá (CE),10775
2301307,Araripe (CE),21289
2301406,Aratuba (CE),11358
2301505,Arneiroz (CE),7771
2301604,Assaré (CE),23126
2301703,Aurora (CE),24602
2301802,Baixio (CE),6198
2301851,Banabuiú (CE),17906
2301901,Barbalha (CE),58855
2301950,Barreira (CE),20687
2302008,Barro (CE),22279
2302057,Barroquinha (CE),14828
2302107,Baturité (CE),34949
2302206,Beberibe (CE),52310
2302305,Bela Cruz (CE),32103
2302404,Boa Viagem (CE),53838
2302503,Brejo Santo (CE),48056
2302602,Camocim (CE),62473
2302701,Campos Sales (CE),27123
2302800,Canindé (CE),76998
2302909,Capistrano (CE),17573
2303006,Caridade (CE),21800
2303105,Cariré (CE),18645
2303204,Caririaçu (CE),26858
2303303,Cariús (CE),18810
2303402,Carnaubal (CE),17463
2303501,Cascavel (CE),70047
2303600,Catarina (CE),20079
2303659,Catunda (CE),10294
2303709,Caucaia (CE),353932
2303808,Cedro (CE),25013
2303907,Chaval (CE),12910
2303931,Choró (CE),13294
2303956,Chorozinho (CE),19192
2304004,Coreaú (CE),22889
2304103,Crateús (CE),74271
2304202,Crato (CE),128680
2304236,Croatá (CE),17728
2304251,Cruz (CE),23677
2304269,Deputado Irapuan Pinheiro (CE),9444
2304277,Ereré (CE),7104
2304285,Eusébio (CE),51127
2304301,Farias Brito (CE),18861
2304350,Forquilha (CE),23544
2304400,Fortaleza (CE),2591188
2304459,Fortim (CE),15951
2304509,Frecheirinha (CE),13541
2304608,General Sampaio (CE),6763
2304657,Graça (CE),15294
2304707,Granja (CE),53918
2304806,Granjeiro (CE),4494
2304905,Groaíras (CE),10847
2304954,Guaiúba (CE),25841
2305001,Guaraciaba do Norte (CE),39151
2305100,Guaramiranga (CE),3720
2305209,Hidrolândia (CE),20055
2305233,Horizonte (CE),63365
2305266,Ibaretama (CE),13188
2305308,Ibiapina (CE),24649
2305332,Ibicuitinga (CE),12130
2305357,Icapuí (CE),19418
2305407,Icó (CE),67198
2305506,Iguatu (CE),101386
2305605,Independência (CE),25957
2305654,Ipaporanga (CE),11499
2305704,Ipaumirim (CE),12305
2305803,Ipu (CE),41391
2305902,Ipueiras (CE),38022
2306009,Iracema (CE),14071
2306108,Irauçuba (CE),23543
2306207,Itaiçaba (CE),7656
2306256,Itaitinga (CE),38540
2306306,Itapajé (CE),51113
2306405,Itapipoca (CE),124950
2306504,Itapiúna (CE),19724
2306553,Itarema (CE),40398
2306603,Itatira (CE),20285
2306702,Jaguaretama (CE),17997
2306801,Jaguaribara (CE),11102
2306900,Jaguaribe (CE),34561
2307007,Jaguaruana (CE),33469
2307106,Jardim (CE),27072
2307205,Jati (CE),7807
2307254,Jijoca de Jericoacoara (CE),18926
2307304,Juazeiro do Norte (CE),266022
2307403,Jucás (CE),24479
2307502,Lavras da Mangabeira (CE),31383
2307601,Limoeiro do Norte (CE),58175
2307635,Madalena (CE),19425
2307650,Maracanaú (CE),221504
2307700,Maranguape (CE),123570
2307809,Marco (CE),26484
2307908,Martinópole (CE),10895
2308005,Massapê (CE),37560
2308104,Mauriti (CE),46113
2308203,Meruoca (CE),14674
2308302,Milagres (CE),28354
2308351,Milhã (CE),13170
2308377,Miraíma (CE),13428
2308401,Missão Velha (CE),35240
2308500,Mombaça (CE),43619
2308609,Monsenhor Tabosa (CE),17012
2308708,Morada Nova (CE),61903
2308807,Moraújo (CE),8520
2308906,Morrinhos (CE),21905
2309003,Mucambo (CE),14357
2309102,Mulungu (CE),12526
2309201,Nova Olinda (CE),15181
2309300,Nova Russas (CE),31870
2309409,Novo Oriente (CE),28220
2309458,Ocara (CE),25123
2309508,Orós (CE),21394
2309607,Pacajus (CE),68800
2309706,Pacatuba (CE),80378
2309805,Pacoti (CE),11910
2309904,Pacujá (CE),6168
2310001,Palhano (CE),9209
2310100,Palmácia (CE),12895
2310209,Paracuru (CE),33426
2310258,Paraipaba (CE),31986
2310308,Parambu (CE),31293
2310407,Paramoti (CE),11549
2310506,Pedra Branca (CE),42746
2310605,Penaforte (CE),8817
2310704,Pentecoste (CE),36773
2310803,Pereiro (CE),16115
2310852,Pindoretama (CE),20207
2310902,Piquet Carneiro (CE),16461
2310951,Pires Ferreira (CE),10674
2311009,Poranga (CE),12224
2311108,Porteiras (CE),15010
2311207,Potengi (CE),10790
2311231,Potiretama (CE),6318
2311264,Quiterianópolis (CE),20690
2311306,Quixadá (CE),85351
2311355,Quixelô (CE),14949
2311405,Quixeramobim (CE),77174
2311504,Quixeré (CE),21572
2311603,Redenção (CE),27272
2311702,Reriutaba (CE),19015
2311801,Russas (CE),75018
2311900,Saboeiro (CE),15753
2311959,Salitre (CE),16161
2312007,Santana do Acaraú (CE),31596
2312106,Santana do Cariri (CE),17468
2312205,Santa Quitéria (CE),43359
2312304,São Benedito (CE),46171
2312403,São Gonçalo do Amarante (CE),47297
2312502,São João do Jaguaribe (CE),7721
2312601,São Luís do Curu (CE),12760
2312700,Senador Pompeu (CE),26547
2312809,Senador Sá (CE),7367
2312908,Sobral (CE),201756
2313005,Solonópole (CE),18094
2313104,Tabuleiro do Norte (CE),30263
2313203,Tamboril (CE),25597
2313252,Tarrafas (CE),8899
2313302,Tauá (CE),57701
2313351,Tejuçuoca (CE),18510
2313401,Tianguá (CE),73468
2313500,Trairi (CE),54418
2313559,Tururu (CE),15594
2313609,Ubajara (CE),33792
2313708,Umari (CE),7665
2313757,Umirim (CE),19521
2313807,Uruburetama (CE),21206
2313906,Uruoca (CE),13519
2313955,Varjota (CE),18136
2314003,Várzea Alegre (CE),40062
2314102,Viçosa do Ceará (CE),58922
24,Rio Grande do Norte,3442175
2400109,Acari (RN),11344
2400208,Açu (RN),57292
2400307,Afonso Bezerra (RN),11202
2400406,Água Nova (RN),3210
2400505,Alexandria (RN),13852
2400604,Almino Afonso (RN),4899
2400703,Alto do Rodrigues (RN),13915
2400802,Angicos (RN),11907
2400901,Antônio Martins (RN),7205
2401008,Apodi (RN),36189
2401107,Areia Branca (RN),27356
2401206,Arês (RN),14042
2401305,Campo Grande (RN),9716
2401404,Baía Formosa (RN),9182
2401453,Baraúna (RN),27238
2401503,Barcelona (RN),4066
2401602,Bento Fernandes (RN),5458
2401651,Bodó (RN),2358
2401701,Bom Jesus (RN),10114
2401800,Brejinho (RN),12509
2401859,Caiçara do Norte (RN),6587
2401909,Caiçara do Rio do Vento (RN),3608
2402006,Caicó (RN),67259
2402105,Campo Redondo (RN),11066
2402204,Canguaretama (RN),33623
2402303,Caraúbas (RN),20564
2402402,Carnaúba dos Dantas (RN),8045
2402501,Carnaubais (RN),10760
2402600,Ceará-Mirim (RN),72878
2402709,Cerro Corá (RN),11318
2402808,Coronel Ezequiel (RN),5587
2402907,Coronel João Pessoa (RN),4963
2403004,Cruzeta (RN),8164
2403103,Currais Novos (RN),44887
2403202,Doutor Severiano (RN),7184
2403251,Parnamirim (RN),242384
2403301,Encanto (RN),5593
2403400,Equador (RN),6087
2403509,Espírito Santo (RN),10727
2403608,Extremoz (RN),27525
2403707,Felipe Guerra (RN),6013
2403756,Fernando Pedroza (RN),3037
2403806,Florânia (RN),9254
2403905,Francisco Dantas (RN),2909
2404002,Frutuoso Gomes (RN),4228
2404101,Galinhos (RN),2584
2404200,Goianinha (RN),25292
2404309,Governador Dix-Sept Rosado (RN),13048
2404408,Grossos (RN),10197
2404507,Guamaré (RN),14633
2404606,Ielmo Marinho (RN),13400
2404705,Ipanguaçu (RN),15147
2404804,Ipueira (RN),2221
2404853,Itajá (RN),7457
2404903,Itaú (RN),5878
2405009,Jaçanã (RN),8827
2405108,Jandaíra (RN),6898
2405207,Janduís (RN),5419
2405306,Januário Cicco (RN),9879
2405405,Japi (RN),5366
2405504,Jardim de Angicos (RN),2669
2405603,Jardim de Piranhas (RN),14606
2405702,Jardim do Seridó (RN),12553
2405801,João Câmara (RN),34585
2405900,João Dias (RN),2691
2406007,José da Penha (RN),6049
2406106,Jucurutu (RN),18450
2406155,Jundiá (RN),3851
2406205,Lagoa d'Anta (RN),6692
2406304,Lagoa de Pedras (RN),7478
2406403,Lagoa de Velhos (RN),2765
2406502,Lagoa Nova (RN),15274
2406601,Lagoa Salgada (RN),8142
2406700,Lajes (RN),11151
2406809,Lajes Pintadas (RN),4803
2406908,Lucrécia (RN),3933
2407005,Luís Gomes (RN),10129
2407104,Macaíba (RN),78021
2407203,Macau (RN),31318
2407252,Major Sales (RN),3906
2407302,Marcelino Vieira (RN),8499
2407401,Martins (RN),8706
2407500,Maxaranguape (RN),11831
2407609,Messias Targino (RN),4530
2407708,Montanhas (RN),11572
2407807,Monte Alegre (RN),22155
2407906,Monte das Gameleiras (RN),2219
2408003,Mossoró (RN),288162
2408102,Natal (RN),869954
2408201,Nísia Floresta (RN),26606
2408300,Nova Cruz (RN),37395
2408409,Olho d'Água do Borges (RN),4370
2408508,Ouro Branco (RN),4871
2408607,Paraná (RN),4222
2408706,Paraú (RN),3891
2408805,Parazinho (RN),5173
2408904,Parelhas (RN),21483
2408953,Rio do Fogo (RN),10758
2409100,Passa e Fica (RN),12655
2409209,Passagem (RN),3075
2409308,Patu (RN),12706
2409332,Santa Maria (RN),5341
2409407,Pau dos Ferros (RN),29954
2409506,Pedra Grande (RN),3429
2409605,Pedra Preta (RN),2568
2409704,Pedro Avelino (RN),7059
2409803,Pedro Velho (RN),14844
2409902,Pendências (RN),14751
2410009,Pilões (RN),3761
2410108,Poço Branco (RN),15139
2410207,Portalegre (RN),7811
2410256,Porto do Mangue (RN),5884
2410306,Serra Caiada (RN),9814
2410405,Pureza (RN),9331
2410504,Rafael Fernandes (RN),5040
2410603,Rafael Godeiro (RN),3213
2410702,Riacho da Cruz (RN),3485
2410801,Riacho de Santana (RN),4278
2410900,Riachuelo (RN),7863
2411007,Rodolfo Fernandes (RN),4547
2411056,Tibau (RN),4019
2411106,Ruy Barbosa (RN),3678
2411205,Santa Cruz (RN),38924
2411403,Santana do Matos (RN),13605
2411429,Santana do Seridó (RN),2675
2411502,Santo Antônio (RN),23865
2411601,São Bento do Norte (RN),2905
2411700,São Bento do Trairí (RN),4318
2411809,São Fernando (RN),3587
2411908,São Francisco do Oeste (RN),4173
2412005,São Gonçalo do Amarante (RN),98260
2412104,São João do Sabugi (RN),6218
2412203,São José de Mipibu (RN),43191
2412302,São José do Campestre (RN),12933
2412401,São José do Seridó (RN),4567
2412500,São Miguel (RN),23274
2412559,São Miguel do Gostoso (RN),9427
2412609,São Paulo do Potengi (RN),17239
2412708,São Pedro (RN),6216
2412807,São Rafael (RN),8347
2412906,São Tomé (RN),11205
2413003,São Vicente (RN),6400
2413102,Senador Elói de Souza (RN),6087
2413201,Senador Georgino Avelino (RN),4322
2413300,Serra de São Bento (RN),5883
2413359,Serra do Mel (RN),11507
2413409,Serra Negra do Norte (RN),8130
2413508,Serrinha (RN),6518
2413557,Serrinha dos Pintos (RN),4797
2413607,Severiano Melo (RN),3893
2413706,Sítio Novo (RN),5433
2413805,Taboleiro Grande (RN),2518
2413904,Taipu (RN),12366
2414001,Tangará (RN),15529
2414100,Tenente Ananias (RN),10646
2414159,Tenente Laurentino Cruz (RN),5757
2414209,Tibau do Sul (RN),13316
2414308,Timbaúba dos Batistas (RN),2418
2414407,Touros (RN),33506
2414456,Triunfo Potiguar (RN),3366
2414506,Umarizal (RN),10835
2414605,Upanema (RN),14282
2414704,Várzea (RN),5512
2414753,Venha-Ver (RN),4121
2414803,Vera Cruz (RN),12016
2414902,Viçosa (RN),1714
2415008,Vila Flor (RN),3116
25,Paraíba,3972202
2500106,Água Branca (PB),10083
2500205,Aguiar (PB),5573
2500304,Alagoa Grande (PB),28646
2500403,Alagoa Nova (PB),20500
2500502,Alagoinha (PB),14284
2500536,Alcantil (PB),5451
2500577,Algodão de Jandaíra (PB),2475
2500601,Alhandra (PB),19238
2500700,São João do Rio do Peixe (PB),17929
2500734,Amparo (PB),2212
2500775,Aparecida (PB),8263
2500809,Araçagi (PB),17122
2500908,Arara (PB),13355
2501005,Araruna (PB),20051
2501104,Areia (PB),23110
2501153,Areia de Baraúnas (PB),1880
2501203,Areial (PB),6900
2501302,Aroeiras (PB),19204
2501351,Assunção (PB),3830
2501401,Baía da Traição (PB),8826
2501500,Bananeiras (PB),21235
2501534,Baraúna (PB),4758
2501575,Barra de Santana (PB),8249
2501609,Barra de Santa Rosa (PB),15145
2501708,Barra de São Miguel (PB),5905
2501807,Bayeux (PB),96140
2501906,Belém (PB),17594
2502003,Belém do Brejo do Cruz (PB),7320
2502052,Bernardino Batista (PB),3356
2502102,Boa Ventura (PB),5473
2502151,Boa Vista (PB),6884
2502201,Bom Jesus (PB),2532
2502300,Bom Sucesso (PB),5007
2502409,Bonito de Santa Fé (PB),11684
2502508,Boqueirão (PB),17670
2502607,Igaracy (PB),6191
2502706,Borborema (PB),5366
2502805,Brejo do Cruz (PB),13900
2502904,Brejo dos Santos (PB),6413
2503001,Caaporã (PB),21555
2503100,Cabaceiras (PB),5449
2503209,Cabedelo (PB),65634
2503308,Cachoeira dos Índios (PB),10114
2503407,Cacimba de Areia (PB),3713
2503506,Cacimba de Dentro (PB),17149
2503555,Cacimbas (PB),7112
2503605,Caiçara (PB),7293
2503704,Cajazeiras (PB),61431
2503753,Cajazeirinhas (PB),3165
2503803,Caldas Brandão (PB),5945
2503902,Camalaú (PB),5971
2504009,Campina Grande (PB),405072
2504033,Capim (PB),6326
2504074,Caraúbas (PB),4115
2504108,Carrapateira (PB),2601
2504157,Casserengue (PB),7394
2504207,Catingueira (PB),4920
2504306,Catolé do Rocha (PB),30179
2504355,Caturité (PB),4779
2504405,Conceição (PB),18860
2504504,Condado (PB),6733
2504603,Conde (PB),23975
2504702,Congo (PB),4780
2504801,Coremas (PB),15409
2504850,Coxixola (PB),1892
2504900,Cruz do Espírito Santo (PB),17212
2505006,Cubati (PB),7193
2505105,Cuité (PB),20325
2505204,Cuitegi (PB),6841
2505238,Cuité de Mamanguape (PB),6340
2505279,Curral de Cima (PB),5245
2505303,Curral Velho (PB),2523
2505352,Damião (PB),5246
2505402,Desterro (PB),8253
2505501,Vista Serrana (PB),3744
2505600,Diamante (PB),6591
2505709,Dona Inês (PB),10456
2505808,Duas Estradas (PB),3618
2505907,Emas (PB),3485
2506004,Esperança (PB),32785
2506103,Fagundes (PB),11378
2506202,Frei Martinho (PB),2986
2506251,Gado Bravo (PB),8450
2506301,Guarabira (PB),58162
2506400,Gurinhém (PB),14117
2506509,Gurjão (PB),3376
2506608,Ibiara (PB),5974
2506707,Imaculada (PB),11749
2506806,Ingá (PB),18042
2506905,Itabaiana (PB),24565
2507002,Itaporanga (PB),24499
2507101,Itapororoca (PB),18332
2507200,Itatuba (PB),10739
2507309,Jacaraú (PB),14316
2507408,Jericó (PB),7717
2507507,João Pessoa (PB),791438
2507606,Juarez Távora (PB),7850
2507705,Juazeirinho (PB),17902
2507804,Junco do Seridó (PB),7054
2507903,Juripiranga (PB),10669
2508000,Juru (PB),9892
2508109,Lagoa (PB),4687
2508208,Lagoa de Dentro (PB),7619
2508307,Lagoa Seca (PB),27247
2508406,Lastro (PB),2765
2508505,Livramento (PB),7355
2508554,Logradouro (PB),4254
2508604,Lucena (PB),12804
2508703,Mãe d'Água (PB),4026
2508802,Malta (PB),5672
2508901,Mamanguape (PB),44369
2509008,Manaíra (PB),11066
2509057,Marcação (PB),8361
2509107,Mari (PB),21755
2509156,Marizópolis (PB),6522
2509206,Massaranduba (PB),13654
2509305,Mataraca (PB),8219
2509339,Matinhas (PB),4497
2509370,Mato Grosso (PB),2869
2509396,Maturéia (PB),6441
2509404,Mogeiro (PB),13317
2509503,Montadas (PB),5528
2509602,Monte Horebe (PB),4759
2509701,Monteiro (PB),32774
2509800,Mulungu (PB),9840
2509909,Natuba (PB),10450
2510006,Nazarezinho (PB),7318
2510105,Nova Floresta (PB),10650
2510204,Nova Olinda (PB),5999
2510303,Nova Palmeira (PB),4784
2510402,Olho d'Água (PB),6646
2510501,Olivedos (PB),3880
2510600,Ouro Velho (PB),3023
2510659,Parari (PB),1795
2510709,Passagem (PB),2383
2510808,Patos (PB),106314
2510907,Paulista (PB),12216
2511004,Pedra Branca (PB),3796
2511103,Pedra Lavrada (PB),7982
2511202,Pedras de Fogo (PB),28286
2511301,Piancó (PB),15985
2511400,Picuí (PB),18670
2511509,Pilar (PB),11786
2511608,Pilões (PB),6728
2511707,Pilõezinhos (PB),5118
2511806,Pirpirituba (PB),10555
2511905,Pitimbu (PB),18685
2512002,Pocinhos (PB),18272
2512036,Poço Dantas (PB),3778
2512077,Poço de José de Moura (PB),4245
2512101,Pombal (PB),32712
2512200,Prata (PB),4109
2512309,Princesa Isabel (PB),22995
2512408,Puxinanã (PB),13557
2512507,Queimadas (PB),43667
2512606,Quixaba (PB),1901
2512705,Remígio (PB),19149
2512721,Pedro Régis (PB),6034
2512747,Riachão (PB),3531
2512754,Riachão do Bacamarte (PB),4476
2512762,Riachão do Poço (PB),4442
2512788,Riacho de Santo Antônio (PB),1923
2512804,Riacho dos Cavalos (PB),8563
2512903,Rio Tinto (PB),24023
2513000,Salgadinho (PB),3871
2513109,Salgado de São Félix (PB),12144
2513158,Santa Cecília (PB),6583
2513208,Santa Cruz (PB),6579
2513307,Santa Helena (PB),5917
2513356,Santa Inês (PB),3594
2513406,Santa Luzia (PB),15278
2513505,Santana de Mangueira (PB),5223
2513604,Santana dos Garrotes (PB),7113
2513653,Joca Claudino (PB),2680
2513703,Santa Rita (PB),134940
2513802,Santa Teresinha (PB),4592
2513851,Santo André (PB),2541
2513901,São Bento (PB),33464
2513927,São Bentinho (PB),4451
2513943,São Domingos do Cariri (PB),2563
2513968,São Domingos (PB),3061
2513984,São Francisco (PB),3375
2514008,São João do Cariri (PB),4323
2514107,São João do Tigre (PB),4432
2514206,São José da Lagoa Tapada (PB),7677
2514305,São José de Caiana (PB),6231
2514404,São José de Espinharas (PB),4684
2514453,São José dos Ramos (PB),5870
2514503,São José de Piranhas (PB),19956
2514552,São José de Princesa (PB),3955
2514602,São José do Bonfim (PB),3492
2514651,São José do Brejo do Cruz (PB),1780
2514701,São José do Sabugi (PB),4124
2514800,São José dos Cordeiros (PB),3729
2514909,São Mamede (PB),7756
2515005,São Miguel de Taipu (PB),7079
2515104,São Sebastião de Lagoa de Roça (PB),11677
2515203,São Sebastião do Umbuzeiro (PB),3440
2515302,Sapé (PB),52218
2515401,São Vicente do Seridó (PB),10900
2515500,Serra Branca (PB),13564
2515609,Serra da Raiz (PB),3154
2515708,Serra Grande (PB),3078
2515807,Serra Redonda (PB),7053
2515906,Serraria (PB),6153
2515930,Sertãozinho (PB),4892
2515971,Sobrado (PB),7712
2516003,Solânea (PB),26734
2516102,Soledade (PB),14714
2516151,Sossêgo (PB),3475
2516201,Sousa (PB),68822
2516300,Sumé (PB),16784
2516409,Tacima (PB),10822
2516508,Taperoá (PB),15376
2516607,Tavares (PB),14568
2516706,Teixeira (PB),14974
2516755,Tenório (PB),3011
2516805,Triunfo (PB),9447
2516904,Uiraúna (PB),15228
2517001,Umbuzeiro (PB),9889
2517100,Várzea (PB),2747
2517209,Vieirópolis (PB),5295
2517407,Zabelê (PB),2208
26,Pernambuco,9345173
2600054,Abreu e Lima (PE),98602
2600104,Afogados da Ingazeira (PE),36709
2600203,Afrânio (PE),19031
2600302,Agrestina (PE),24256
2600401,Água Preta (PE),35698
2600500,Águas Belas (PE),42566
2600609,Alagoinha (PE),14341
2600708,Aliança (PE),38255
2600807,Altinho (PE),22876
2600906,Amaraji (PE),22643
2601003,Angelim (PE),10882
2601052,Araçoiaba (PE),19816
2601102,Araripina (PE),82800
2601201,Arcoverde (PE),72625
2601300,Barra de Guabiraba (PE),13953
2601409,Barreiros (PE),42220
2601508,Belém de Maria (PE),11888
2601607,Belém do São Francisco (PE),20675
2601706,Belo Jardim (PE),75462
2601805,Betânia (PE),12539
2601904,Bezerros (PE),60386
2602001,Bodocó (PE),37317
2602100,Bom Conselho (PE),47760
2602209,Bom Jardim (PE),38924
2602308,Bonito (PE),38094
2602407,Brejão (PE),8989
2602506,Brejinho (PE),7464
2602605,Brejo da Madre de Deus (PE),49092
2602704,Buenos Aires (PE),13012
2602803,Buíque (PE),56523
2602902,Cabo de Santo Agostinho (PE),200546
2603009,Cabrobó (PE),33247
2603108,Cachoeirinha (PE),19951
2603207,Caetés (PE),28145
2603306,Calçado (PE),11136
2603405,Calumbi (PE),5745
2603454,Camaragibe (PE),154054
2603504,Camocim de São Félix (PE),18292
2603603,Camutanga (PE),8450
2603702,Canhotinho (PE),24837
2603801,Capoeiras (PE),19997
2603900,Carnaíba (PE),19318
2603926,Carnaubeira da Penha (PE),12603
2604007,Carpina (PE),81054
2604106,Caruaru (PE),347088
2604155,Casinhas (PE),14219
2604205,Catende (PE),41369
2604304,Cedro (PE),11515
2604403,Chã de Alegria (PE),13206
2604502,Chã Grande (PE),21274
2604601,Condado (PE),25823
2604700,Correntes (PE),17968
2604809,Cortês (PE),12602
2604908,Cumaru (PE),13132
2605004,Cupira (PE),23841
2605103,Custódia (PE),36184
2605152,Dormentes (PE),18321
2605202,Escada (PE),67381
2605301,Exu (PE),31928
2605400,Feira Nova (PE),21710
2605459,Fernando de Noronha (PE),2930
2605509,Ferreiros (PE),11957
2605608,Flores (PE),22588
2605707,Floresta (PE),31809
2605806,Frei Miguelinho (PE),15137
2605905,Gameleira (PE),30132
2606002,Garanhuns (PE),136949
2606101,Glória do Goitá (PE),30220
2606200,Goiana (PE),78618
2606309,Granito (PE),7308
2606408,Gravatá (PE),81893
2606507,Iati (PE),19010
2606606,Ibimirim (PE),28604
2606705,Ibirajuba (PE),7725
2606804,Igarassu (PE),112463
2606903,Iguaracy (PE),12137
2607000,Inajá (PE),21932
2607109,Ingazeira (PE),4556
2607208,Ipojuca (PE),91341
2607307,Ipubi (PE),29721
2607406,Itacuruba (PE),4754
2607505,Itaíba (PE),26412
2607604,Ilha de Itamaracá (PE),24888
2607653,Itambé (PE),36278
2607703,Itapetim (PE),13780
2607752,Itapissuma (PE),25798
2607802,Itaquitinga (PE),16753
2607901,Jaboatão dos Guararapes (PE),686122
2607950,Jaqueira (PE),11664
2608008,Jataúba (PE),16858
2608057,Jatobá (PE),14587
2608107,João Alfredo (PE),32939
2608206,Joaquim Nabuco (PE),16021
2608255,Jucati (PE),11202
2608305,Jupi (PE),14525
2608404,Jurema (PE),15171
2608453,Lagoa do Carro (PE),17454
2608503,Lagoa de Itaenga (PE),21276
2608602,Lagoa do Ouro (PE),12865
2608701,Lagoa dos Gatos (PE),16161
2608750,Lagoa Grande (PE),24757
2608800,Lajedo (PE),39240
2608909,Limoeiro (PE),56269
2609006,Macaparana (PE),25011
2609105,Machados (PE),15313
2609154,Manari (PE),20302
2609204,Maraial (PE),11711
2609303,Mirandiba (PE),15098
2609402,Moreno (PE),61016
2609501,Nazaré da Mata (PE),32064
2609600,Olinda (PE),389494
2609709,Orobó (PE),23663
2609808,Orocó (PE),14445
2609907,Ouricuri (PE),67676
2610004,Palmares (PE),62300
2610103,Palmeirina (PE),7969
2610202,Panelas (PE),26464
2610301,Paranatama (PE),11357
2610400,Parnamirim (PE),21193
2610509,Passira (PE),28982
2610608,Paudalho (PE),55028
2610707,Paulista (PE),322730
2610806,Pedra (PE),22401
2610905,Pesqueira (PE),66153
2611002,Petrolândia (PE),35342
2611101,Petrolina (PE),331951
2611200,Poção (PE),11265
2611309,Pombos (PE),26841
2611408,Primavera (PE),14509
2611507,Quipapá (PE),25536
2611533,Quixaba (PE),6823
2611606,Recife (PE),1617183
2611705,Riacho das Almas (PE),20177
2611804,Ribeirão (PE),46659
2611903,Rio Formoso (PE),23181
2612000,Sairé (PE),10437
2612109,Salgadinho (PE),10423
2612208,Salgueiro (PE),59769
2612307,Saloá (PE),15742
2612406,Sanharó (PE),25047
2612455,Santa Cruz (PE),14857
2612471,Santa Cruz da Baixa Verde (PE),12375
2612505,Santa Cruz do Capibaribe (PE),101485
2612554,Santa Filomena (PE),14172
2612604,Santa Maria da Boa Vista (PE),41293
2612703,Santa Maria do Cambucá (PE),13826
2612802,Santa Terezinha (PE),11627
2612901,São Benedito do Sul (PE),15305
2613008,São Bento do Una (PE),57659
2613107,São Caitano (PE),36763
2613206,São João (PE),22403
2613305,São Joaquim do Monte (PE),21171
2613404,São José da Coroa Grande (PE),20335
2613503,São José do Belmonte (PE),33677
2613602,São José do Egito (PE),33365
2613701,São Lourenço da Mata (PE),110264
2613800,São Vicente Férrer (PE),17763
2613909,Serra Talhada (PE),84352
2614006,Serrita (PE),19017
2614105,Sertânia (PE),35367
2614204,Sirinhaém (PE),44187
2614303,Moreilândia (PE),11242
2614402,Solidão (PE),5949
2614501,Surubim (PE),63166
2614600,Tabira (PE),27958
2614709,Tacaimbó (PE),12891
2614808,Tacaratu (PE),24626
2614857,Tamandaré (PE),22591
2615003,Taquaritinga do Norte (PE),27592
2615102,Terezinha (PE),7057
2615201,Terra Nova (PE),10185
2615300,Timbaúba (PE),53581
2615409,Toritama (PE),42123
2615508,Tracunhaém (PE),13596
2615607,Trindade (PE),29519
2615706,Triunfo (PE),15250
2615805,Tupanatinga (PE),26454
2615904,Tuparetama (PE),8149
2616001,Venturosa (PE),17870
2616100,Verdejante (PE),9450
2616183,Vertente do Lério (PE),7746
2616209,Vertentes (PE),19976
2616308,Vicência (PE),32157
2616407,Vitória de Santo Antão (PE),135805
2616506,Xexéu (PE),14584
27,Alagoas,3340932
2700102,Água Branca (AL),20434
2700201,Anadia (AL),17847
2700300,Arapiraca (AL),231053
2700409,Atalaia (AL),47298
2700508,Barra de Santo Antônio (AL),15742
2700607,Barra de São Miguel (AL),8266
2700706,Batalha (AL),18496
2700805,Belém (AL),4585
2700904,Belo Monte (AL),6775
2701001,Boca da Mata (AL),27399
2701100,Branquinha (AL),10745
2701209,Cacimbinhas (AL),10818
2701308,Cajueiro (AL),21355
2701357,Campestre (AL),6978
2701407,Campo Alegre (AL),56430
2701506,Campo Grande (AL),9664
2701605,Canapi (AL),17976
2701704,Capela (AL),17507
2701803,Carneiros (AL),8969
2701902,Chã Preta (AL),7421
2702009,Coité do Nóia (AL),10992
2702108,Colônia Leopoldina (AL),21636
2702207,Coqueiro Seco (AL),5870
2702306,Coruripe (AL),56631
2702355,Craíbas (AL),24288
2702405,Delmiro Gouveia (AL),51997
2702504,Dois Riachos (AL),11224
2702553,Estrela de Alagoas (AL),18306
2702603,Feira Grande (AL),22432
2702702,Feliz Deserto (AL),4746
2702801,Flexeiras (AL),12917
2702900,Girau do Ponciano (AL),40519
2703007,Ibateguara (AL),15803
2703106,Igaci (AL),26041
2703205,Igreja Nova (AL),24575
2703304,Inhapi (AL),18621
2703403,Jacaré dos Homens (AL),5429
2703502,Jacuípe (AL),7162
2703601,Japaratinga (AL),8350
2703700,Jaramataia (AL),5695
2703759,Jequiá da Praia (AL),11869
2703809,Joaquim Gomes (AL),24061
2703908,Jundiá (AL),4269
2704005,Junqueiro (AL),25084
2704104,Lagoa da Canoa (AL),18343
2704203,Limoeiro de Anadia (AL),28621
2704302,Maceió (AL),1013773
2704401,Major Isidoro (AL),20047
2704500,Maragogi (AL),32171
2704609,Maravilha (AL),9770
2704708,Marechal Deodoro (AL),51132
2704807,Maribondo (AL),13665
2704906,Mar Vermelho (AL),3622
2705002,Mata Grande (AL),25590
2705101,Matriz de Camaragibe (AL),25008
2705200,Messias (AL),17576
2705309,Minador do Negrão (AL),5425
2705408,Monteirópolis (AL),7241
2705507,Murici (AL),28335
2705606,Novo Lino (AL),12643
2705705,Olho d'Água das Flores (AL),21641
2705804,Olho d'Água do Casado (AL),9298
2705903,Olho d'Água Grande (AL),5178
2706000,Olivença (AL),11688
2706109,Ouro Branco (AL),11537
2706208,Palestina (AL),5004
2706307,Palmeira dos Índios (AL),73878
2706406,Pão de Açúcar (AL),24878
2706422,Pariconha (AL),10601
2706448,Paripueira (AL),12887
2706505,Passo de Camaragibe (AL),15419
2706604,Paulo Jacinto (AL),7682
2706703,Penedo (AL),64074
2706802,Piaçabuçu (AL),18011
2706901,Pilar (AL),35295
2707008,Pindoba (AL),2956
2707107,Piranhas (AL),24950
2707206,Poço das Trincheiras (AL),14493
2707305,Porto Calvo (AL),27288
2707404,Porto de Pedras (AL),8151
2707503,Porto Real do Colégio (AL),20205
2707602,Quebrangulo (AL),11592
2707701,Rio Largo (AL),75645
2707800,Roteiro (AL),6803
2707909,Santa Luzia do Norte (AL),7325
2708006,Santana do Ipanema (AL),47820
2708105,Santana do Mundaú (AL),11009
2708204,São Brás (AL),7034
2708303,São José da Laje (AL),24048
2708402,São José da Tapera (AL),32271
2708501,São Luís do Quitunde (AL),34623
2708600,São Miguel dos Campos (AL),60539
2708709,São Miguel dos Milagres (AL),7876
2708808,São Sebastião (AL),34211
2708907,Satuba (AL),13381
2708956,Senador Rui Palmeira (AL),13909
2709004,Tanque d'Arca (AL),6319
2709103,Taquarana (AL),19980
2709152,Teotônio Vilela (AL),44169
2709202,Traipu (AL),27798
2709301,União dos Palmares (AL),66017
2709400,Viçosa (AL),26212
28,Sergipe,2242937
2800100,Amparo do São Francisco (SE),2374
2800209,Aquidabã (SE),21312
2800308,Aracaju (SE),632744
2800407,Arauá (SE),10574
2800506,Areia Branca (SE),18164
2800605,Barra dos Coqueiros (SE),28677
2800670,Boquim (SE),26750
2800704,Brejo Grande (SE),8218
2801009,Campo do Brito (SE),17858
2801108,Canhoba (SE),4057
2801207,Canindé de São Francisco (SE),28279
2801306,Capela (SE),33374
2801405,Carira (SE),21484
2801504,Carmópolis (SE),15622
2801603,Cedro de São João (SE),5890
2801702,Cristinápolis (SE),17911
2801900,Cumbe (SE),3985
2802007,Divina Pastora (SE),4890
2802106,Estância (SE),68405
2802205,Feira Nova (SE),5573
2802304,Frei Paulo (SE),15047
2802403,Gararu (SE),11724
2802502,General Maynard (SE),3231
2802601,Graccho Cardoso (SE),5848
2802700,Ilha das Flores (SE),8597
2802809,Indiaroba (SE),17385
2802908,Itabaiana (SE),93572
2803005,Itabaianinha (SE),41404
2803104,Itabi (SE),5017
2803203,Itaporanga d'Ajuda (SE),33317
2803302,Japaratuba (SE),18288
2803401,Japoatã (SE),13245
2803500,Lagarto (SE),102257
2803609,Laranjeiras (SE),29130
2803708,Macambira (SE),6824
2803807,Malhada dos Bois (SE),3653
2803906,Malhador (SE),12598
2804003,Maruim (SE),17151
2804102,Moita Bonita (SE),11395
2804201,Monte Alegre de Sergipe (SE),14853
2804300,Muribeca (SE),7642
2804409,Neópolis (SE),18958
2804458,Nossa Senhora Aparecida (SE),8830
2804508,Nossa Senhora da Glória (SE),35726
2804607,Nossa Senhora das Dores (SE),26240
2804706,Nossa Senhora de Lourdes (SE),6494
2804805,Nossa Senhora do Socorro (SE),177344
2804904,Pacatuba (SE),14164
2805000,Pedra Mole (SE),3199
2805109,Pedrinhas (SE),9449
2805208,Pinhão (SE),6440
2805307,Pirambu (SE),9063
2805406,Poço Redondo (SE),33757
2805505,Poço Verde (SE),23416
2805604,Porto da Folha (SE),28492
2805703,Propriá (SE),29655
2805802,Riachão do Dantas (SE),19976
2805901,Riachuelo (SE),10033
2806008,Ribeirópolis (SE),18362
2806107,Rosário do Catete (SE),10364
2806206,Salgado (SE),20083
2806305,Santa Luzia do Itanhy (SE),13836
2806404,Santana do São Francisco (SE),7607
2806503,Santa Rosa de Lima (SE),3913
2806602,Santo Amaro das Brotas (SE),12025
2806701,São Cristóvão (SE),86979
2806800,São Domingos (SE),10971
2806909,São Francisco (SE),3847
2807006,São Miguel do Aleixo (SE),3902
2807105,Simão Dias (SE),40526
2807204,Siriri (SE),8677
2807303,Telha (SE),3170
2807402,Tobias Barreto (SE),51375
2807501,Tomar do Geru (SE),13200
2807600,Umbaúba (SE),24545
29,Bahia,15203334
2900108,Abaíra (BA),9226
2900207,Abaré (BA),19574
2900306,Acajutiba (BA),15717
2900355,Adustina (BA),17153
2900405,Água Fria (BA),17043
2900504,Érico Cardoso (BA),11437
2900603,Aiquara (BA),4767
2900702,Alagoinhas (BA),154495
2900801,Alcobaça (BA),23282
2900900,Almadina (BA),6145
2901007,Amargosa (BA),37807
2901106,Amélia Rodrigues (BA),26441
2901155,América Dourada (BA),16923
2901205,Anagé (BA),20096
2901304,Andaraí (BA),13723
2901353,Andorinha (BA),14791
2901403,Angical (BA),14724
2901502,Anguera (BA),11299
2901601,Antas (BA),19183
2901700,Antônio Cardoso (BA),12225
2901809,Antônio Gonçalves (BA),12187
2901908,Aporá (BA),19146
2901957,Apuarema (BA),7762
2902005,Aracatu (BA),14089
2902054,Araçás (BA),12450
2902104,Araci (BA),56370
2902203,Aramari (BA),11314
2902252,Arataca (BA),11737
2902302,Aratuípe (BA),9127
2902401,Aurelino Leal (BA),13089
2902500,Baianópolis (BA),14195
2902609,Baixa Grande (BA),21197
2902658,Banzaê (BA),13711
2902708,Barra (BA),54188
2902807,Barra da Estiva (BA),22394
2902906,Barra do Choça (BA),34853
2903003,Barra do Mendes (BA),14526
2903102,Barra do Rocha (BA),6424
2903201,Barreiras (BA),153918
2903235,Barro Alto (BA),15377
2903276,Barrocas (BA),15770
2903300,Barro Preto (BA),6492
2903409,Belmonte (BA),23759
2903508,Belo Campo (BA),18383
2903607,Biritinga (BA),15799
2903706,Boa Nova (BA),14577
2903805,Boa Vista do Tupim (BA),18658
2903904,Bom Jesus da Lapa (BA),69526
2903953,Bom Jesus da Serra (BA),10554
2904001,Boninal (BA),14585
2904050,Bonito (BA),16873
2904100,Boquira (BA),22429
2904209,Botuporã (BA),11021
2904308,Brejões (BA),15214
2904407,Brejolândia (BA),10698
2904506,Brotas de Macaúbas (BA),11070
2904605,Brumado (BA),69255
2904704,Buerarema (BA),19283
2904753,Buritirama (BA),21549
2904803,Caatiba (BA),10166
2904852,Cabaceiras do Paraguaçu (BA),18978
2904902,Cachoeira (BA),34535
2905008,Caculé (BA),23545
2905107,Caém (BA),10143
2905156,Caetanos (BA),15982
2905206,Caetité (BA),52531
2905305,Cafarnaum (BA),18695
2905404,Cairu (BA),17730
2905503,Caldeirão Grande (BA),13641
2905602,Camacan (BA),33197
2905701,Camaçari (BA),286919
2905800,Camamu (BA),36435
2905909,Campo Alegre de Lourdes (BA),29938
2906006,Campo Formoso (BA),72271
2906105,Canápolis (BA),10142
2906204,Canarana (BA),26382
2906303,Canavieiras (BA),33268
2906402,Candeal (BA),9011
2906501,Candeias (BA),88806
2906600,Candiba (BA),14667
2906709,Cândido Sales (BA),26855
2906808,Cansanção (BA),35235
2906824,Canudos (BA),17177
2906857,Capela do Alto Alegre (BA),12118
2906873,Capim Grosso (BA),29346
2906899,Caraíbas (BA),10016
2906907,Caravelas (BA),22548
2907004,Cardeal da Silva (BA),9747
2907103,Carinhanha (BA),29955
2907202,Casa Nova (BA),72172
2907301,Castro Alves (BA),27286
2907400,Catolândia (BA),3672
2907509,Catu (BA),55719
2907558,Caturama (BA),9762
2907608,Central (BA),18140
2907707,Chorrochó (BA),11522
2907806,Cícero Dantas (BA),34478
2907905,Cipó (BA),17602
2908002,Coaraci (BA),19770
2908101,Cocos (BA),19396
2908200,Conceição da Feira (BA),22656
2908309,Conceição do Almeida (BA),18525
2908408,Conceição do Coité (BA),68146
2908507,Conceição do Jacuípe (BA),33354
2908606,Conde (BA),26194
2908705,Condeúba (BA),18269
2908804,Contendas do Sincorá (BA),4326
2908903,Coração de Maria (BA),23146
2909000,Cordeiros (BA),8834
2909109,Coribe (BA),14976
2909208,Coronel João Sá (BA),17098
2909307,Correntina (BA),33183
2909406,Cotegipe (BA),14403
2909505,Cravolândia (BA),5560
2909604,Crisópolis (BA),21617
2909703,Cristópolis (BA),14302
2909802,Cruz das Almas (BA),64197
2909901,Curaçá (BA),35208
2910008,Dário Meira (BA),12022
2910057,Dias d'Ávila (BA),78058
2910107,Dom Basílio (BA),12499
2910206,Dom Macedo Costa (BA),4153
2910305,Elísio Medrado (BA),8434
2910404,Encruzilhada (BA),20331
2910503,Entre Rios (BA),43006
2910602,Esplanada (BA),36724
2910701,Euclides da Cunha (BA),60066
2910727,Eunápolis (BA),113191
2910750,Fátima (BA),18481
2910776,Feira da Mata (BA),5914
2910800,Feira de Santana (BA),617528
2910859,Filadélfia (BA),17583
2910909,Firmino Alves (BA),5786
2911006,Floresta Azul (BA),11313
2911105,Formosa do Rio Preto (BA),25372
2911204,Gandu (BA),32809
2911253,Gavião (BA),4712
2911303,Gentio do Ouro (BA),11423
2911402,Glória (BA),16072
2911501,Gongogi (BA),8082
2911600,Governador Mangabeira (BA),21267
2911659,Guajeru (BA),8805
2911709,Guanambi (BA),85797
2911808,Guaratinga (BA),22355
2911857,Heliópolis (BA),13762
2911907,Iaçu (BA),26178
2912004,Ibiassucê (BA),10502
2912103,Ibicaraí (BA),24029
2912202,Ibicoara (BA),19548
2912301,Ibicuí (BA),16696
2912400,Ibipeba (BA),18674
2912509,Ibipitanga (BA),15296
2912608,Ibiquera (BA),5158
2912707,Ibirapitanga (BA),24180
2912806,Ibirapuã (BA),8735
2912905,Ibirataia (BA),17947
2913002,Ibitiara (BA),16699
2913101,Ibititá (BA),18727
2913200,Ibotirama (BA),27655
2913309,Ichu (BA),6311
2913408,Igaporã (BA),16225
2913457,Igrapiúna (BA),14395
2913507,Iguaí (BA),27787
2913606,Ilhéus (BA),180213
2913705,Inhambupe (BA),40915
2913804,Ipecaetá (BA),15521
2913903,Ipiaú (BA),47501
2914000,Ipirá (BA),62095
2914109,Ipupiara (BA),10113
2914208,Irajuba (BA),7472
2914307,Iramaia (BA),10487
2914406,Iraquara (BA),25006
2914505,Irará (BA),29950
2914604,Irecê (BA),73380
2914653,Itabela (BA),31055
2914703,Itaberaba (BA),66310
2914802,Itabuna (BA),219680
2914901,Itacaré (BA),27619
2915007,Itaeté (BA),16446
2915106,Itagi (BA),13359
2915205,Itagibá (BA),15767
2915304,Itagimirim (BA),7351
2915353,Itaguaçu da Bahia (BA),14667
2915403,Itaju do Colônia (BA),7353
2915502,Itajuípe (BA),21754
2915601,Itamaraju (BA),67249
2915700,Itamari (BA),8514
2915809,Itambé (BA),23327
2915908,Itanagra (BA),8034
2916005,Itanhém (BA),20611
2916104,Itaparica (BA),22615
2916203,Itapé (BA),10228
2916302,Itapebi (BA),10882
2916401,Itapetinga (BA),76184
2916500,Itapicuru (BA),35987
2916609,Itapitanga (BA),10800
2916708,Itaquara (BA),8519
2916807,Itarantim (BA),20091
2916856,Itatim (BA),14763
2916906,Itiruçu (BA),13307
2917003,Itiúba (BA),38492
2917102,Itororó (BA),21178
2917201,Ituaçu (BA),19406
2917300,Ituberá (BA),29108
2917334,Iuiu (BA),11331
2917359,Jaborandi (BA),9225
2917409,Jacaraci (BA),15409
2917508,Jacobina (BA),84811
2917607,Jaguaquara (BA),55449
2917706,Jaguarari (BA),33186
2917805,Jaguaripe (BA),18647
2917904,Jandaíra (BA),11063
2918001,Jequié (BA),161528
2918100,Jeremoabo (BA),41100
2918209,Jiquiriçá (BA),15033
2918308,Jitaúna (BA),13300
2918357,João Dourado (BA),25141
2918407,Juazeiro (BA),218324
2918456,Jucuruçu (BA),10148
2918506,Jussara (BA),15841
2918555,Jussari (BA),6378
2918605,Jussiape (BA),7229
2918704,Lafaiete Coutinho (BA),4020
2918753,Lagoa Real (BA),15801
2918803,Laje (BA),23904
2918902,Lajedão (BA),4022
2919009,Lajedinho (BA),3974
2919058,Lajedo do Tabocal (BA),8836
2919108,Lamarão (BA),9442
2919157,Lapão (BA),27521
2919207,Lauro de Freitas (BA),191436
2919306,Lençóis (BA),11445
2919405,Licínio de Almeida (BA),12966
2919504,Livramento de Nossa Senhora (BA),46035
2919553,Luís Eduardo Magalhães (BA),79162
2919603,Macajuba (BA),11837
2919702,Macarani (BA),18786
2919801,Macaúbas (BA),50262
2919900,Macururé (BA),8365
2919926,Madre de Deus (BA),20348
2919959,Maetinga (BA),5174
2920007,Maiquinique (BA),10082
2920106,Mairi (BA),20097
2920205,Malhada (BA),17455
2920304,Malhada de Pedras (BA),8896
2920403,Manoel Vitorino (BA),14488
2920452,Mansidão (BA),13761
2920502,Maracás (BA),23751
2920601,Maragogipe (BA),46106
2920700,Maraú (BA),21175
2920809,Marcionílio Souza (BA),10951
2920908,Mascote (BA),14877
2921005,Mata de São João (BA),45813
2921054,Matina (BA),12314
2921104,Medeiros Neto (BA),23478
2921203,Miguel Calmon (BA),27536
2921302,Milagres (BA),11659
2921401,Mirangaba (BA),18039
2921450,Mirante (BA),9902
2921500,Monte Santo (BA),54733
2921609,Morpará (BA),8967
2921708,Morro do Chapéu (BA),36717
2921807,Mortugaba (BA),12477
2921906,Mucugê (BA),10244
2922003,Mucuri (BA),41068
2922052,Mulungu do Morro (BA),12200
2922102,Mundo Novo (BA),27165
2922201,Muniz Ferreira (BA),7893
2922250,Muquém do São Francisco (BA),11495
2922300,Muritiba (BA),30743
2922409,Mutuípe (BA),22833
2922508,Nazaré (BA),29406
2922607,Nilo Peçanha (BA),14188
2922656,Nordestina (BA),13321
2922706,Nova Canaã (BA),17082
2922730,Nova Fátima (BA),8125
2922755,Nova Ibiá (BA),7036
2922805,Nova Itarana (BA),8312
2922854,Nova Redenção (BA),9470
2922904,Nova Soure (BA),25854
2923001,Nova Viçosa (BA),43216
2923035,Novo Horizonte (BA),12238
2923050,Novo Triunfo (BA),15993
2923100,Olindina (BA),26817
2923209,Oliveira dos Brejinhos (BA),22774
2923308,Ouriçangas (BA),8839
2923357,Ourolândia (BA),17775
2923407,Palmas de Monte Alto (BA),22416
2923506,Palmeiras (BA),9130
2923605,Paramirim (BA),22077
2923704,Paratinga (BA),32636
2923803,Paripiranga (BA),29878
2923902,Pau Brasil (BA),10905
2924009,Paulo Afonso (BA),119214
2924058,Pé de Serra (BA),14471
2924108,Pedrão (BA),7568
2924207,Pedro Alexandre (BA),18135
2924306,Piatã (BA),18473
2924405,Pilão Arcado (BA),35428
2924504,Pindaí (BA),16805
2924603,Pindobaçu (BA),21062
2924652,Pintadas (BA),10742
2924678,Piraí do Norte (BA),10360
2924702,Piripá (BA),12238
2924801,Piritiba (BA),25027
2924900,Planaltino (BA),9473
2925006,Planalto (BA),26632
2925105,Poções (BA),48729
2925204,Pojuca (BA),37543
2925253,Ponto Novo (BA),16168
2925303,Porto Seguro (BA),145431
2925402,Potiraguá (BA),8969
2925501,Prado (BA),29218
2925600,Presidente Dutra (BA),14712
2925709,Presidente Jânio Quadros (BA),13178
2925758,Presidente Tancredo Neves (BA),27505
2925808,Queimadas (BA),26083
2925907,Quijingue (BA),28655
2925931,Quixabeira (BA),10033
2925956,Rafael Jambeiro (BA),24349
2926004,Remanso (BA),42275
2926103,Retirolândia (BA),13319
2926202,Riachão das Neves (BA),23264
2926301,Riachão do Jacuípe (BA),35403
2926400,Riacho de Santana (BA),36039
2926509,Ribeira do Amparo (BA),15269
2926608,Ribeira do Pombal (BA),51418
2926657,Ribeirão do Largo (BA),8260
2926707,Rio de Contas (BA),13616
2926806,Rio do Antônio (BA),15628
2926905,Rio do Pires (BA),12084
2927002,Rio Real (BA),40809
2927101,Rodelas (BA),8887
2927200,Ruy Barbosa (BA),31867
2927309,Salinas da Margarida (BA),15385
2927408,Salvador (BA),2921087
2927507,Santa Bárbara (BA),20754
2927606,Santa Brígida (BA),15100
2927705,Santa Cruz Cabrália (BA),28226
2927804,Santa Cruz da Vitória (BA),6750
2927903,Santa Inês (BA),11177
2928000,Santaluz (BA),36915
2928059,Santa Luzia (BA),13626
2928109,Santa Maria da Vitória (BA),41795
2928208,Santana (BA),27260
2928307,Santanópolis (BA),9442
2928406,Santa Rita de Cássia (BA),28822
2928505,Santa Terezinha (BA),10586
2928604,Santo Amaro (BA),61702
2928703,Santo Antônio de Jesus (BA),101548
2928802,Santo Estêvão (BA),53193
2928901,São Desidério (BA),32640
2928950,São Domingos (BA),9877
2929008,São Félix (BA),15091
2929057,São Félix do Coribe (BA),15647
2929107,São Felipe (BA),21582
2929206,São Francisco do Conde (BA),39329
2929255,São Gabriel (BA),19542
2929305,São Gonçalo dos Campos (BA),37554
2929354,São José da Vitória (BA),6118
2929370,São José do Jacuípe (BA),11061
2929404,São Miguel das Matas (BA),12009
2929503,São Sebastião do Passé (BA),45482
2929602,Sapeaçu (BA),17664
2929701,Sátiro Dias (BA),20320
2929750,Saubara (BA),12238
2929800,Saúde (BA),12739
2929909,Seabra (BA),45202
2930006,Sebastião Laranjeiras (BA),11528
2930105,Senhor do Bonfim (BA),81330
2930154,Serra do Ramalho (BA),33011
2930204,Sento Sé (BA),41464
2930303,Serra Dourada (BA),18389
2930402,Serra Preta (BA),15351
2930501,Serrinha (BA),83275
2930600,Serrolândia (BA),13373
2930709,Simões Filho (BA),133202
2930758,Sítio do Mato (BA),13320
2930766,Sítio do Quinto (BA),11767
2930774,Sobradinho (BA),23583
2930808,Souto Soares (BA),17332
2930907,Tabocas do Brejo Velho (BA),13025
2931004,Tanhaçu (BA),21282
2931053,Tanque Novo (BA),17702
2931103,Tanquinho (BA),8553
2931202,Taperoá (BA),21091
2931301,Tapiramutá (BA),17398
2931350,Teixeira de Freitas (BA),157804
2931400,Teodoro Sampaio (BA),8013
2931509,Teofilândia (BA),23011
2931608,Teolândia (BA),15178
2931707,Terra Nova (BA),13547
2931806,Tremedal (BA),18187
2931905,Tucano (BA),55777
2932002,Uauá (BA),25087
2932101,Ubaíra (BA),20782
2932200,Ubaitaba (BA),20813
2932309,Ubatã (BA),27051
2932408,Uibaí (BA),14483
2932457,Umburanas (BA),19055
2932507,Una (BA),22105
2932606,Urandi (BA),17301
2932705,Uruçuca (BA),21849
2932804,Utinga (BA),19593
2932903,Valença (BA),97305
2933000,Valente (BA),27906
2933059,Várzea da Roça (BA),14729
2933109,Várzea do Poço (BA),9416
2933158,Várzea Nova (BA),13470
2933174,Varzedo (BA),9363
2933208,Vera Cruz (BA),42650
2933257,Vereda (BA),6696
2933307,Vitória da Conquista (BA),343230
2933406,Wagner (BA),9731
2933455,Wanderley (BA),13008
2933505,Wenceslau Guimarães (BA),22530
2933604,Xique-Xique (BA),48316
31,Minas Gerais,20869101
3100104,Abadia dos Dourados (MG),7015
3100203,Abaeté (MG),23535
3100302,Abre Campo (MG),13719
3100401,Acaiaca (MG),4056
3100500,Açucena (MG),10140
3100609,Água Boa (MG),14686
3100708,Água Comprida (MG),2064
3100807,Aguanil (MG),4370
3100906,Águas Formosas (MG),19307
3101003,Águas Vermelhas (MG),13447
3101102,Aimorés (MG),25694
3101201,Aiuruoca (MG),6240
3101300,Alagoa (MG),2760
3101409,Albertina (MG),3033
3101508,Além Paraíba (MG),35720
3101607,Alfenas (MG),78712
3101631,Alfredo Vasconcelos (MG),6639
3101706,Almenara (MG),41296
3101805,Alpercata (MG),7478
3101904,Alpinópolis (MG),19630
3102001,Alterosa (MG),14434
3102050,Alto Caparaó (MG),5702
3102100,Alto Rio Doce (MG),11896
3102209,Alvarenga (MG),4292
3102308,Alvinópolis (MG),15619
3102407,Alvorada de Minas (MG),3666
3102506,Amparo do Serra (MG),4971
3102605,Andradas (MG),40092
3102704,Cachoeira de Pajeú (MG),9410
3102803,Andrelândia (MG),12507
3102852,Angelândia (MG),8460
3102902,Antônio Carlos (MG),11560
3103009,Antônio Dias (MG),9685
3103108,Antônio Prado de Minas (MG),1677
3103207,Araçaí (MG),2352
3103306,Aracitaba (MG),2112
3103405,Araçuaí (MG),37270
3103504,Araguari (MG),116267
3103603,Arantina (MG),2880
3103702,Araponga (MG),8501
3103751,Araporã (MG),6657
3103801,Arapuá (MG),2875
3103900,Araújos (MG),8768
3104007,Araxá (MG),102238
3104106,Arceburgo (MG),10373
3104205,Arcos (MG),39249
3104304,Areado (MG),14740
3104403,Argirita (MG),2890
3104452,Aricanduva (MG),5118
3104502,Arinos (MG),18221
3104601,Astolfo Dutra (MG),13937
3104700,Ataléia (MG),14039
3104809,Augusto de Lima (MG),5041
3104908,Baependi (MG),19186
3105004,Baldim (MG),8071
3105103,Bambuí (MG),23850
3105202,Bandeira (MG),5019
3105301,Bandeira do Sul (MG),5674
3105400,Barão de Cocais (MG),31270
3105509,Barão do Monte Alto (MG),5706
3105608,Barbacena (MG),134924
3105707,Barra Longa (MG),5799
3105905,Barroso (MG),20693
3106002,Bela Vista de Minas (MG),10381
3106101,Belmiro Braga (MG),3501
3106200,Belo Horizonte (MG),2502557
3106309,Belo Oriente (MG),25619
3106408,Belo Vale (MG),7816
3106507,Berilo (MG),12431
3106606,Bertópolis (MG),4664
3106655,Berizal (MG),4661
3106705,Betim (MG),417307
3106804,Bias Fortes (MG),3685
3106903,Bicas (MG),14413
3107000,Biquinhas (MG),2640
3107109,Boa Esperança (MG),40287
3107208,Bocaina de Minas (MG),5174
3107307,Bocaiúva (MG),49600
3107406,Bom Despacho (MG),49236
3107505,Bom Jardim de Minas (MG),6653
3107604,Bom Jesus da Penha (MG),4150
3107703,Bom Jesus do Amparo (MG),5923
3107802,Bom Jesus do Galho (MG),15542
3107901,Bom Repouso (MG),10767
3108008,Bom Sucesso (MG),17858
3108107,Bonfim (MG),7016
3108206,Bonfinópolis de Minas (MG),5831
3108255,Bonito de Minas (MG),10669
3108305,Borda da Mata (MG),18682
3108404,Botelhos (MG),15324
3108503,Botumirim (MG),6574
3108552,Brasilândia de Minas (MG),15727
3108602,Brasília de Minas (MG),32564
3108701,Brás Pires (MG),4604
3108800,Braúnas (MG),5045
3108909,Brazópolis (MG),14934
3109006,Brumadinho (MG),37857
3109105,Bueno Brandão (MG),11223
3109204,Buenópolis (MG),10589
3109253,Bugre (MG),4134
3109303,Buritis (MG),24351
3109402,Buritizeiro (MG),28163
3109451,Cabeceira Grande (MG),6861
3109501,Cabo Verde (MG),14298
3109600,Cachoeira da Prata (MG),3721
3109709,Cachoeira de Minas (MG),11567
3109808,Cachoeira Dourada (MG),2661
3109907,Caetanópolis (MG),11170
3110004,Caeté (MG),43739
3110103,Caiana (MG),5354
3110202,Cajuri (MG),4121
3110301,Caldas (MG),14396
3110400,Camacho (MG),3109
3110509,Camanducaia (MG),21955
3110608,Cambuí (MG),28669
3110707,Cambuquira (MG),13026
3110806,Campanário (MG),3733
3110905,Campanha (MG),16431
3111002,Campestre (MG),21392
3111101,Campina Verde (MG),20022
3111150,Campo Azul (MG),3843
3111200,Campo Belo (MG),54076
3111309,Campo do Meio (MG),11856
3111408,Campo Florido (MG),7675
3111507,Campos Altos (MG),15186
3111606,Campos Gerais (MG),28879
3111705,Canaã (MG),4713
3111804,Canápolis (MG),12005
3111903,Cana Verde (MG),5737
3112000,Candeias (MG),15108
3112059,Cantagalo (MG),4464
3112109,Caparaó (MG),5454
3112208,Capela Nova (MG),4825
3112307,Capelinha (MG),37330
3112406,Capetinga (MG),7185
3112505,Capim Branco (MG),9537
3112604,Capinópolis (MG),16112
3112653,Capitão Andrade (MG),5317
3112703,Capitão Enéas (MG),15074
3112802,Capitólio (MG),8612
3112901,Caputira (MG),9392
3113008,Caraí (MG),23571
3113107,Caranaíba (MG),3319
3113206,Carandaí (MG),25044
3113305,Carangola (MG),33463
3113404,Caratinga (MG),90782
3113503,Carbonita (MG),9507
3113602,Careaçu (MG),6684
3113701,Carlos Chagas (MG),19971
3113800,Carmésia (MG),2600
3113909,Carmo da Cachoeira (MG),12302
3114006,Carmo da Mata (MG),11475
3114105,Carmo de Minas (MG),14645
3114204,Carmo do Cajuru (MG),21735
3114303,Carmo do Paranaíba (MG),30782
3114402,Carmo do Rio Claro (MG),21338
3114501,Carmópolis de Minas (MG),18619
3114550,Carneirinho (MG),9985
3114600,Carrancas (MG),4096
3114709,Carvalhópolis (MG),3544
3114808,Carvalhos (MG),4633
3114907,Casa Grande (MG),2308
3115003,Cascalho Rico (MG),3037
3115102,Cássia (MG),18014
3115201,Conceição da Barra de Minas (MG),4053
3115300,Cataguases (MG),74171
3115359,Catas Altas (MG),5230
3115409,Catas Altas da Noruega (MG),3638
3115458,Catuji (MG),6683
3115474,Catuti (MG),5174
3115508,Caxambu (MG),22231
3115607,Cedro do Abaeté (MG),1218
3115706,Central de Minas (MG),7072
3115805,Centralina (MG),10604
3115904,Chácara (MG),3042
3116001,Chalé (MG),5817
3116100,Chapada do Norte (MG),15657
3116159,Chapada Gaúcha (MG),12495
3116209,Chiador (MG),2807
3116308,Cipotânea (MG),6832
3116407,Claraval (MG),4801
3116506,Claro dos Poções (MG),7862
3116605,Cláudio (MG),27827
3116704,Coimbra (MG),7480
3116803,Coluna (MG),9178
3116902,Comendador Gomes (MG),3116
3117009,Comercinho (MG),7835
3117108,Conceição da Aparecida (MG),10302
3117207,Conceição das Pedras (MG),2849
3117306,Conceição das Alagoas (MG),26018
3117405,Conceição de Ipanema (MG),4627
3117504,Conceição do Mato Dentro (MG),18198
3117603,Conceição do Pará (MG),5460
3117702,Conceição do Rio Verde (MG),13617
3117801,Conceição dos Ouros (MG),11262
3117836,Cônego Marinho (MG),7564
3117876,Confins (MG),6478
3117900,Congonhal (MG),11464
3118007,Congonhas (MG),52827
3118106,Congonhas do Norte (MG),5118
3118205,Conquista (MG),6895
3118304,Conselheiro Lafaiete (MG),125421
3118403,Conselheiro Pena (MG),23141
3118502,Consolação (MG),1804
3118601,Contagem (MG),648766
3118700,Coqueiral (MG),9461
3118809,Coração de Jesus (MG),26974
3118908,Cordisburgo (MG),8998
3119005,Cordislândia (MG),3573
3119104,Corinto (MG),24432
3119203,Coroaci (MG),10393
3119302,Coromandel (MG),28456
3119401,Coronel Fabriciano (MG),109363
3119500,Coronel Murta (MG),9400
3119609,Coronel Pacheco (MG),3110
3119708,Coronel Xavier Chaves (MG),3451
3119807,Córrego Danta (MG),3391
3119906,Córrego do Bom Jesus (MG),3811
3119955,Córrego Fundo (MG),6207
3120003,Córrego Novo (MG),3032
3120102,Couto de Magalhães de Minas (MG),4412
3120151,Crisólita (MG),6525
3120201,Cristais (MG),12317
3120300,Cristália (MG),6010
3120409,Cristiano Otoni (MG),5204
3120508,Cristina (MG),10484
3120607,Crucilândia (MG),5014
3120706,Cruzeiro da Fortaleza (MG),4140
3120805,Cruzília (MG),15369
3120839,Cuparaque (MG),4947
3120870,Curral de Dentro (MG),7491
3120904,Curvelo (MG),78900
3121001,Datas (MG),5441
3121100,Delfim Moreira (MG),8201
3121209,Delfinópolis (MG),7143
3121258,Delta (MG),9499
3121308,Descoberto (MG),5010
3121407,Desterro de Entre Rios (MG),7298
3121506,Desterro do Melo (MG),3036
3121605,Diamantina (MG),47952
3121704,Diogo de Vasconcelos (MG),3923
3121803,Dionísio (MG),8463
3121902,Divinésia (MG),3437
3122009,Divino (MG),20012
3122108,Divino das Laranjeiras (MG),5082
3122207,Divinolândia de Minas (MG),7472
3122306,Divinópolis (MG),230848
3122355,Divisa Alegre (MG),6478
3122405,Divisa Nova (MG),6031
3122454,Divisópolis (MG),10209
3122470,Dom Bosco (MG),3844
3122504,Dom Cavati (MG),5274
3122603,Dom Joaquim (MG),4616
3122702,Dom Silvério (MG),5348
3122801,Dom Viçoso (MG),3073
3122900,Dona Euzébia (MG),6435
3123007,Dores de Campos (MG),9956
3123106,Dores de Guanhães (MG),5328
3123205,Dores do Indaiá (MG),13983
3123304,Dores do Turvo (MG),4474
3123403,Doresópolis (MG),1519
3123502,Douradoquara (MG),1920
3123528,Durandé (MG),7818
3123601,Elói Mendes (MG),27268
3123700,Engenheiro Caldas (MG),10962
3123809,Engenheiro Navarro (MG),7362
3123858,Entre Folhas (MG),5385
3123908,Entre Rios de Minas (MG),15124
3124005,Ervália (MG),18868
3124104,Esmeraldas (MG),67208
3124203,Espera Feliz (MG),24469
3124302,Espinosa (MG),32151
3124401,Espírito Santo do Dourado (MG),4670
3124500,Estiva (MG),11371
3124609,Estrela Dalva (MG),2471
3124708,Estrela do Indaiá (MG),3596
3124807,Estrela do Sul (MG),7897
3124906,Eugenópolis (MG),11169
3125002,Ewbank da Câmara (MG),3927
3125101,Extrema (MG),33082
3125200,Fama (MG),2423
3125309,Faria Lemos (MG),3396
3125408,Felício dos Santos (MG),5081
3125507,São Gonçalo do Rio Preto (MG),3189
3125606,Felisburgo (MG),7338
3125705,Felixlândia (MG),15078
3125804,Fernandes Tourinho (MG),3304
3125903,Ferros (MG),10611
3125952,Fervedouro (MG),10936
3126000,Florestal (MG),7209
3126109,Formiga (MG),68040
3126208,Formoso (MG),9067
3126307,Fortaleza de Minas (MG),4357
3126406,Fortuna de Minas (MG),2893
3126505,Francisco Badaró (MG),10550
3126604,Francisco Dumont (MG),5160
3126703,Francisco Sá (MG),26217
3126752,Franciscópolis (MG),5745
3126802,Frei Gaspar (MG),6028
3126901,Frei Inocêncio (MG),9487
3126950,Frei Lagonegro (MG),3487
3127008,Fronteira (MG),16399
3127057,Fronteira dos Vales (MG),4754
3127073,Fruta de Leite (MG),5809
3127107,Frutal (MG),57795
3127206,Funilândia (MG),4196
3127305,Galiléia (MG),7061
3127339,Gameleiras (MG),5255
3127354,Glaucilândia (MG),3130
3127370,Goiabeira (MG),3279
3127388,Goianá (MG),3903
3127404,Gonçalves (MG),4391
3127503,Gonzaga (MG),6188
3127602,Gouveia (MG),12048
3127701,Governador Valadares (MG),278363
3127800,Grão Mogol (MG),15805
3127909,Grupiara (MG),1416
3128006,Guanhães (MG),33562
3128105,Guapé (MG),14407
3128204,Guaraciaba (MG),10532
3128253,Guaraciama (MG),4962
3128303,Guaranésia (MG),19340
3128402,Guarani (MG),9014
3128501,Guarará (MG),3963
3128600,Guarda-Mor (MG),6738
3128709,Guaxupé (MG),51911
3128808,Guidoval (MG),7327
3128907,Guimarânia (MG),7831
3129004,Guiricema (MG),8773
3129103,Gurinhatã (MG),6047
3129202,Heliodora (MG),6492
3129301,Iapu (MG),10870
3129400,Ibertioga (MG),5156
3129509,Ibiá (MG),24784
3129608,Ibiaí (MG),8312
3129657,Ibiracatu (MG),6206
3129707,Ibiraci (MG),13305
3129806,Ibirité (MG),173873
3129905,Ibitiúra de Minas (MG),3520
3130002,Ibituruna (MG),3000
3130051,Icaraí de Minas (MG),11633
3130101,Igarapé (MG),39774
3130200,Igaratinga (MG),10286
3130309,Iguatama (MG),8192
3130408,Ijaci (MG),6348
3130507,Ilicínea (MG),12217
3130556,Imbé de Minas (MG),6823
3130606,Inconfidentes (MG),7290
3130655,Indaiabira (MG),7526
3130705,Indianópolis (MG),6693
3130804,Ingaí (MG),2764
3130903,Inhapim (MG),24835
3131000,Inhaúma (MG),6158
3131109,Inimutaba (MG),7397
3131158,Ipaba (MG),18068
3131208,Ipanema (MG),19464
3131307,Ipatinga (MG),257345
3131406,Ipiaçu (MG),4269
3131505,Ipuiúna (MG),10038
3131604,Iraí de Minas (MG),6886
3131703,Itabira (MG),117634
3131802,Itabirinha (MG),11367
3131901,Itabirito (MG),49768
3132008,Itacambira (MG),5310
3132107,Itacarambi (MG),18383
3132206,Itaguara (MG),13172
3132305,Itaipé (MG),12572
3132404,Itajubá (MG),96020
3132503,Itamarandiba (MG),34253
3132602,Itamarati de Minas (MG),4318
3132701,Itambacuri (MG),23585
3132800,Itambé do Mato Dentro (MG),2242
3132909,Itamogi (MG),10535
3133006,Itamonte (MG),15136
3133105,Itanhandu (MG),15105
3133204,Itanhomi (MG),12340
3133303,Itaobim (MG),21564
3133402,Itapagipe (MG),14784
3133501,Itapecerica (MG),22109
3133600,Itapeva (MG),9436
3133709,Itatiaiuçu (MG),10781
3133758,Itaú de Minas (MG),15897
3133808,Itaúna (MG),91453
3133907,Itaverava (MG),5758
3134004,Itinga (MG),15059
3134103,Itueta (MG),6087
3134202,Ituiutaba (MG),103333
3134301,Itumirim (MG),6237
3134400,Iturama (MG),37700
3134509,Itutinga (MG),3950
3134608,Jaboticatubas (MG),19052
3134707,Jacinto (MG),12537
3134806,Jacuí (MG),7783
3134905,Jacutinga (MG),24930
3135001,Jaguaraçu (MG),3136
3135050,Jaíba (MG),37054
3135076,Jampruca (MG),5361
3135100,Janaúba (MG),70886
3135209,Januária (MG),68247
3135308,Japaraíba (MG),4241
3135357,Japonvar (MG),8643
3135407,Jeceaba (MG),5294
3135456,Jenipapo de Minas (MG),7580
3135506,Jequeri (MG),12946
3135605,Jequitaí (MG),7975
3135704,Jequitibá (MG),5313
3135803,Jequitinhonha (MG),25365
3135902,Jesuânia (MG),4899
3136009,Joaíma (MG),15562
3136108,Joanésia (MG),5143
3136207,João Monlevade (MG),78583
3136306,João Pinheiro (MG),48179
3136405,Joaquim Felício (MG),4607
3136504,Jordânia (MG),10826
3136520,José Gonçalves de Minas (MG),4643
3136553,José Raydan (MG),4793
3136579,Josenópolis (MG),4830
3136603,Nova União (MG),5779
3136652,Juatuba (MG),25087
3136702,Juiz de Fora (MG),555284
3136801,Juramento (MG),4325
3136900,Juruaia (MG),10125
3136959,Juvenília (MG),5861
3137007,Ladainha (MG),17976
3137106,Lagamar (MG),7799
3137205,Lagoa da Prata (MG),50197
3137304,Lagoa dos Patos (MG),4272
3137403,Lagoa Dourada (MG),12938
3137502,Lagoa Formosa (MG),18037
3137536,Lagoa Grande (MG),9294
3137601,Lagoa Santa (MG),59770
3137700,Lajinha (MG),20262
3137809,Lambari (MG),20671
3137908,Lamim (MG),3511
3138005,Laranjal (MG),6799
3138104,Lassance (MG),6663
3138203,Lavras (MG),100243
3138302,Leandro Ferreira (MG),3298
3138351,Leme do Prado (MG),4983
3138401,Leopoldina (MG),53145
3138500,Liberdade (MG),5346
3138609,Lima Duarte (MG),16829
3138625,Limeira do Oeste (MG),7383
3138658,Lontra (MG),8938
3138674,Luisburgo (MG),6408
3138682,Luislândia (MG),6710
3138708,Luminárias (MG),5571
3138807,Luz (MG),18290
3138906,Machacalis (MG),7219
3139003,Machado (MG),41368
3139102,Madre de Deus de Minas (MG),5124
3139201,Malacacheta (MG),19191
3139250,Mamonas (MG),6591
3139300,Manga (MG),19622
3139409,Manhuaçu (MG),86844
3139508,Manhumirim (MG),22577
3139607,Mantena (MG),28061
3139706,Maravilhas (MG),7744
3139805,Mar de Espanha (MG),12572
3139904,Maria da Fé (MG),14518
3140001,Mariana (MG),58802
3140100,Marilac (MG),4275
3140159,Mário Campos (MG),14624
3140209,Maripá de Minas (MG),2950
3140308,Marliéria (MG),4127
3140407,Marmelópolis (MG),2938
3140506,Martinho Campos (MG),13314
3140530,Martins Soares (MG),7968
3140555,Mata Verde (MG),8425
3140605,Materlândia (MG),4645
3140704,Mateus Leme (MG),30155
3140803,Matias Barbosa (MG),14285
3140852,Matias Cardoso (MG),10822
3140902,Matipó (MG),18713
3141009,Mato Verde (MG),12895
3141108,Matozinhos (MG),36719
3141207,Matutina (MG),3851
3141306,Medeiros (MG),3707
3141405,Medina (MG),21459
3141504,Mendes Pimentel (MG),6549
3141603,Mercês (MG),10813
3141702,Mesquita (MG),5993
3141801,Minas Novas (MG),31915
3141900,Minduri (MG),3964
3142007,Mirabela (MG),13643
3142106,Miradouro (MG),10759
3142205,Miraí (MG),14753
3142254,Miravânia (MG),4832
3142304,Moeda (MG),4922
3142403,Moema (MG),7448
3142502,Monjolos (MG),2352
3142601,Monsenhor Paulo (MG),8628
3142700,Montalvânia (MG),15779
3142809,Monte Alegre de Minas (MG),20856
3142908,Monte Azul (MG),21990
3143005,Monte Belo (MG),13444
3143104,Monte Carmelo (MG),47937
3143153,Monte Formoso (MG),4897
3143203,Monte Santo de Minas (MG),21915
3143302,Montes Claros (MG),394350
3143401,Monte Sião (MG),23022
3143450,Montezuma (MG),8041
3143500,Morada Nova de Minas (MG),8764
3143609,Morro da Garça (MG),2630
3143708,Morro do Pilar (MG),3378
3143807,Munhoz (MG),6304
3143906,Muriaé (MG),107263
3144003,Mutum (MG),27494
3144102,Muzambinho (MG),21017
3144201,Nacip Raydan (MG),3266
3144300,Nanuque (MG),41829
3144359,Naque (MG),6824
3144375,Natalândia (MG),3379
3144409,Natércia (MG),4812
3144508,Nazareno (MG),8478
3144607,Nepomuceno (MG),26897
3144656,Ninheira (MG),10301
3144672,Nova Belém (MG),3559
3144706,Nova Era (MG),17998
3144805,Nova Lima (MG),89900
3144904,Nova Módica (MG),3792
3145000,Nova Ponte (MG),14484
3145059,Nova Porteirinha (MG),7636
3145109,Nova Resende (MG),16429
3145208,Nova Serrana (MG),89859
3145307,Novo Cruzeiro (MG),31803
3145356,Novo Oriente de Minas (MG),10807
3145372,Novorizonte (MG),5255
3145406,Olaria (MG),1913
3145455,Olhos-d'Água (MG),5808
3145505,Olímpio Noronha (MG),2722
3145604,Oliveira (MG),41562
3145703,Oliveira Fortes (MG),2182
3145802,Onça de Pitangui (MG),3179
3145851,Oratórios (MG),4686
3145877,Orizânia (MG),7831
3145901,Ouro Branco (MG),38249
3146008,Ouro Fino (MG),33390
3146107,Ouro Preto (MG),74036
3146206,Ouro Verde de Minas (MG),6128
3146255,Padre Carvalho (MG),6250
3146305,Padre Paraíso (MG),19971
3146404,Paineiras (MG),4677
3146503,Pains (MG),8351
3146552,Pai Pedro (MG),6162
3146602,Paiva (MG),1583
3146701,Palma (MG),6746
3146750,Palmópolis (MG),6405
3146909,Papagaios (MG),15274
3147006,Paracatu (MG),91027
3147105,Pará de Minas (MG),91158
3147204,Paraguaçu (MG),21384
3147303,Paraisópolis (MG),20710
3147402,Paraopeba (MG),24110
3147501,Passabém (MG),1753
3147600,Passa Quatro (MG),16353
3147709,Passa Tempo (MG),8349
3147808,Passa Vinte (MG),2112
3147907,Passos (MG),113122
3147956,Patis (MG),5914
3148004,Patos de Minas (MG),148762
3148103,Patrocínio (MG),88648
3148202,Patrocínio do Muriaé (MG),5617
3148301,Paula Cândido (MG),9654
3148400,Paulistas (MG),5000
3148509,Pavão (MG),8739
3148608,Peçanha (MG),17836
3148707,Pedra Azul (MG),24683
3148756,Pedra Bonita (MG),7051
3148806,Pedra do Anta (MG),3339
3148905,Pedra do Indaiá (MG),4021
3149002,Pedra Dourada (MG),2401
3149101,Pedralva (MG),11623
3149150,Pedras de Maria da Cruz (MG),11193
3149200,Pedrinópolis (MG),3650
3149309,Pedro Leopoldo (MG),62951
3149408,Pedro Teixeira (MG),1841
3149507,Pequeri (MG),3323
3149606,Pequi (MG),4342
3149705,Perdigão (MG),10416
3149804,Perdizes (MG),15639
3149903,Perdões (MG),21239
3149952,Periquito (MG),7103
3150000,Pescador (MG),4293
3150109,Piau (MG),2868
3150158,Piedade de Caratinga (MG),8008
3150208,Piedade de Ponte Nova (MG),4203
3150307,Piedade do Rio Grande (MG),4723
3150406,Piedade dos Gerais (MG),4927
3150505,Pimenta (MG),8655
3150539,Pingo-d'Água (MG),4789
3150570,Pintópolis (MG),7540
3150604,Piracema (MG),6570
3150703,Pirajuba (MG),5534
3150802,Piranga (MG),17864
3150901,Piranguçu (MG),5475
3151008,Piranguinho (MG),8505
3151107,Pirapetinga (MG),10818
3151206,Pirapora (MG),56229
3151305,Piraúba (MG),11101
3151404,Pitangui (MG),27273
3151503,Piumhi (MG),34075
3151602,Planura (MG),11509
3151701,Poço Fundo (MG),16775
3151800,Poços de Caldas (MG),163677
3151909,Pocrane (MG),8940
3152006,Pompéu (MG),31178
3152105,Ponte Nova (MG),60005
3152131,Ponto Chique (MG),4212
3152170,Ponto dos Volantes (MG),12016
3152204,Porteirinha (MG),38720
3152303,Porto Firme (MG),11107
3152402,Poté (MG),16502
3152501,Pouso Alegre (MG),143846
3152600,Pouso Alto (MG),6236
3152709,Prados (MG),8919
3152808,Prata (MG),27469
3152907,Pratápolis (MG),8930
3153004,Pratinha (MG),3515
3153103,Presidente Bernardes (MG),5594
3153202,Presidente Juscelino (MG),3875
3153301,Presidente Kubitschek (MG),3056
3153400,Presidente Olegário (MG),19469
3153509,Alto Jequitibá (MG),8528
3153608,Prudente de Morais (MG),10388
3153707,Quartel Geral (MG),3516
3153806,Queluzito (MG),1947
3153905,Raposos (MG),16230
3154002,Raul Soares (MG),24394
3154101,Recreio (MG),10667
3154150,Reduto (MG),7023
3154200,Resende Costa (MG),11478
3154309,Resplendor (MG),17675
3154408,Ressaquinha (MG),4834
3154457,Riachinho (MG),8274
3154507,Riacho dos Machados (MG),9658
3154606,Ribeirão das Neves (MG),322659
3154705,Ribeirão Vermelho (MG),4026
3154804,Rio Acima (MG),9924
3154903,Rio Casca (MG),14247
3155009,Rio Doce (MG),2600
3155108,Rio do Prado (MG),5316
3155207,Rio Espera (MG),5929
3155306,Rio Manso (MG),5684
3155405,Rio Novo (MG),9050
3155504,Rio Paranaíba (MG),12398
3155603,Rio Pardo de Minas (MG),30732
3155702,Rio Piracicaba (MG),14602
3155801,Rio Pomba (MG),17939
3155900,Rio Preto (MG),5517
3156007,Rio Vermelho (MG),13597
3156106,Ritápolis (MG),4891
3156205,Rochedo de Minas (MG),2263
3156304,Rodeiro (MG),7653
3156403,Romaria (MG),3657
3156452,Rosário da Limeira (MG),4525
3156502,Rubelita (MG),7093
3156601,Rubim (MG),10330
3156700,Sabará (MG),134382
3156809,Sabinópolis (MG),15987
3156908,Sacramento (MG),25630
3157005,Salinas (MG),41301
3157104,Salto da Divisa (MG),7107
3157203,Santa Bárbara (MG),30169
3157252,Santa Bárbara do Leste (MG),8107
3157278,Santa Bárbara do Monte Verde (MG),3037
3157302,Santa Bárbara do Tugúrio (MG),4617
3157336,Santa Cruz de Minas (MG),8429
3157377,Santa Cruz de Salinas (MG),4383
3157401,Santa Cruz do Escalvado (MG),5003
3157500,Santa Efigênia de Minas (MG),4622
3157609,Santa Fé de Minas (MG),4009
3157658,Santa Helena de Minas (MG),6362
3157708,Santa Juliana (MG),12939
3157807,Santa Luzia (MG),216254
3157906,Santa Margarida (MG),15982
3158003,Santa Maria de Itabira (MG),10964
3158102,Santa Maria do Salto (MG),5393
3158201,Santa Maria do Suaçuí (MG),14869
3158300,Santana da Vargem (MG),7349
3158409,Santana de Cataguases (MG),3836
3158508,Santana de Pirapama (MG),8032
3158607,Santana do Deserto (MG),4016
3158706,Santana do Garambéu (MG),2400
3158805,Santana do Jacaré (MG),4828
3158904,Santana do Manhuaçu (MG),8844
3158953,Santana do Paraíso (MG),31604
3159001,Santana do Riacho (MG),4258
3159100,Santana dos Montes (MG),3897
3159209,Santa Rita de Caldas (MG),9218
3159308,Santa Rita de Jacutinga (MG),5065
3159357,Santa Rita de Minas (MG),7042
3159407,Santa Rita de Ibitipoca (MG),3595
3159506,Santa Rita do Itueto (MG),5739
3159605,Santa Rita do Sapucaí (MG),41425
3159704,Santa Rosa da Serra (MG),3368
3159803,Santa Vitória (MG),19389
3159902,Santo Antônio do Amparo (MG),18367
3160009,Santo Antônio do Aventureiro (MG),3659
3160108,Santo Antônio do Grama (MG),4103
3160207,Santo Antônio do Itambé (MG),4093
3160306,Santo Antônio do Jacinto (MG),12008
3160405,Santo Antônio do Monte (MG),27752
3160454,Santo Antônio do Retiro (MG),7290
3160504,Santo Antônio do Rio Abaixo (MG),1816
3160603,Santo Hipólito (MG),3246
3160702,Santos Dumont (MG),47559
3160801,São Bento Abade (MG),5043
3160900,São Brás do Suaçuí (MG),3712
3160959,São Domingos das Dores (MG),5661
3161007,São Domingos do Prata (MG),17798
3161056,São Félix de Minas (MG),3462
3161106,São Francisco (MG),56423
3161205,São Francisco de Paula (MG),6670
3161304,São Francisco de Sales (MG),6150
3161403,São Francisco do Glória (MG),5145
3161502,São Geraldo (MG),11559
3161601,São Geraldo da Piedade (MG),4289
3161650,São Geraldo do Baixio (MG),3834
3161700,São Gonçalo do Abaeté (MG),6780
3161809,São Gonçalo do Pará (MG),11654
3161908,São Gonçalo do Rio Abaixo (MG),10588
3162005,São Gonçalo do Sapucaí (MG),25274
3162104,São Gotardo (MG),34425
3162203,São João Batista do Glória (MG),7341
3162252,São João da Lagoa (MG),4902
3162302,São João da Mata (MG),2810
3162401,São João da Ponte (MG),25906
3162450,São João das Missões (MG),12652
3162500,São João del Rei (MG),89378
3162559,São João do Manhuaçu (MG),11153
3162575,São João do Manteninha (MG),5650
3162609,São João do Oriente (MG),7888
3162658,São João do Pacuí (MG),4339
3162708,São João do Paraíso (MG),23526
3162807,São João Evangelista (MG),16057
3162906,São João Nepomuceno (MG),26336
3162922,São Joaquim de Bicas (MG),29162
3162948,São José da Barra (MG),7270
3162955,São José da Lapa (MG),22257
3163003,São José da Safira (MG),4274
3163102,São José da Varginha (MG),4702
3163201,São José do Alegre (MG),4197
3163300,São José do Divino (MG),3944
3163409,São José do Goiabal (MG),5673
3163508,São José do Jacuri (MG),6671
3163607,São José do Mantimento (MG),2755
3163706,São Lourenço (MG),44781
3163805,São Miguel do Anta (MG),7019
3163904,São Pedro da União (MG),4979
3164001,São Pedro dos Ferros (MG),8284
3164100,São Pedro do Suaçuí (MG),5552
3164209,São Romão (MG),11553
3164308,São Roque de Minas (MG),7035
3164407,São Sebastião da Bela Vista (MG),5348
3164431,São Sebastião da Vargem Alegre (MG),2973
3164472,São Sebastião do Anta (MG),6286
3164506,São Sebastião do Maranhão (MG),10620
3164605,São Sebastião do Oeste (MG),6430
3164704,São Sebastião do Paraíso (MG),69574
3164803,São Sebastião do Rio Preto (MG),1601
3164902,São Sebastião do Rio Verde (MG),2228
3165008,São Tiago (MG),11017
3165107,São Tomás de Aquino (MG),7238
3165206,São Tomé das Letras (MG),7037
3165305,São Vicente de Minas (MG),7552
3165404,Sapucaí-Mirim (MG),6739
3165503,Sardoá (MG),6083
3165537,Sarzedo (MG),29889
3165552,Setubinha (MG),11837
3165560,Sem-Peixe (MG),2814
3165578,Senador Amaral (MG),5419
3165602,Senador Cortes (MG),2047
3165701,Senador Firmino (MG),7700
3165800,Senador José Bento (MG),1735
3165909,Senador Modestino Gonçalves (MG),4484
3166006,Senhora de Oliveira (MG),5879
3166105,Senhora do Porto (MG),3599
3166204,Senhora dos Remédios (MG),10585
3166303,Sericita (MG),7406
3166402,Seritinga (MG),1865
3166501,Serra Azul de Minas (MG),4363
3166600,Serra da Saudade (MG),818
3166709,Serra dos Aimorés (MG),8767
3166808,Serra do Salitre (MG),11325
3166907,Serrania (MG),7796
3166956,Serranópolis de Minas (MG),4712
3167004,Serranos (MG),2030
3167103,Serro (MG),21427
3167202,Sete Lagoas (MG),232107
3167301,Silveirânia (MG),2282
3167400,Silvianópolis (MG),6283
3167509,Simão Pereira (MG),2640
3167608,Simonésia (MG),19421
3167707,Sobrália (MG),5842
3167806,Soledade de Minas (MG),6055
3167905,Tabuleiro (MG),4021
3168002,Taiobeiras (MG),33315
3168051,Taparuba (MG),3203
3168101,Tapira (MG),4542
3168200,Tapiraí (MG),1922
3168309,Taquaraçu de Minas (MG),4030
3168408,Tarumirim (MG),14672
3168507,Teixeiras (MG),11793
3168606,Teófilo Otoni (MG),141046
3168705,Timóteo (MG),87542
3168804,Tiradentes (MG),7640
3168903,Tiros (MG),6871
3169000,Tocantins (MG),16637
3169059,Tocos do Moji (MG),4124
3169109,Toledo (MG),6153
3169208,Tombos (MG),9033
3169307,Três Corações (MG),77921
3169356,Três Marias (MG),31028
3169406,Três Pontas (MG),56649
3169505,Tumiritinga (MG),6669
3169604,Tupaciguara (MG),25363
3169703,Turmalina (MG),19454
3169802,Turvolândia (MG),4964
3169901,Ubá (MG),111012
3170008,Ubaí (MG),12397
3170057,Ubaporanga (MG),12558
3170107,Uberaba (MG),322126
3170206,Uberlândia (MG),662362
3170305,Umburatiba (MG),2727
3170404,Unaí (MG),82887
3170438,União de Minas (MG),4474
3170479,Uruana de Minas (MG),3336
3170503,Urucânia (MG),10585
3170529,Urucuia (MG),15556
3170578,Vargem Alegre (MG),6634
3170602,Vargem Bonita (MG),2213
3170651,Vargem Grande do Rio Pardo (MG),4989
3170701,Varginha (MG),132353
3170750,Varjão de Minas (MG),6762
3170800,Várzea da Palma (MG),38534
3170909,Varzelândia (MG),19702
3171006,Vazante (MG),20652
3171030,Verdelândia (MG),9056
3171071,Veredinha (MG),5773
3171105,Veríssimo (MG),3826
3171154,Vermelho Novo (MG),4883
3171204,Vespasiano (MG),118557
3171303,Viçosa (MG),77318
3171402,Vieiras (MG),3765
3171501,Mathias Lobato (MG),3373
3171600,Virgem da Lapa (MG),14030
3171709,Virgínia (MG),8867
3171808,Virginópolis (MG),10810
3171907,Virgolândia (MG),5664
3172004,Visconde do Rio Branco (MG),41182
3172103,Volta Grande (MG),5288
3172202,Wenceslau Braz (MG),2617
32,Espírito Santo,3929911
3200102,Afonso Cláudio (ES),32454
3200136,Águia Branca (ES),10065
3200169,Água Doce do Norte (ES),12025
3200201,Alegre (ES),32205
3200300,Alfredo Chaves (ES),14973
3200359,Alto Rio Novo (ES),7934
3200409,Anchieta (ES),27624
3200508,Apiacá (ES),7924
3200607,Aracruz (ES),95056
3200706,Atílio Vivácqua (ES),11181
3200805,Baixo Guandu (ES),31467
3200904,Barra de São Francisco (ES),44599
3201001,Boa Esperança (ES),15318
3201100,Bom Jesus do Norte (ES),10176
3201159,Brejetuba (ES),12755
3201209,Cachoeiro de Itapemirim (ES),208702
3201308,Cariacica (ES),381802
3201407,Castelo (ES),37829
3201506,Colatina (ES),122646
3201605,Conceição da Barra (ES),31127
3201704,Conceição do Castelo (ES),12766
3201803,Divino de São Lourenço (ES),4649
3201902,Domingos Martins (ES),34416
3202009,Dores do Rio Preto (ES),6890
3202108,Ecoporanga (ES),24271
3202207,Fundão (ES),19985
3202256,Governador Lindenberg (ES),12284
3202306,Guaçuí (ES),30685
3202405,Guarapari (ES),119802
3202454,Ibatiba (ES),25244
3202504,Ibiraçu (ES),12358
3202553,Ibitirama (ES),9386
3202603,Iconha (ES),13788
3202652,Irupi (ES),13096
3202702,Itaguaçu (ES),14829
3202801,Itapemirim (ES),34272
3202900,Itarana (ES),11289
3203007,Iúna (ES),29585
3203056,Jaguaré (ES),28644
3203106,Jerônimo Monteiro (ES),11876
3203130,João Neiva (ES),17022
3203163,Laranja da Terra (ES),11438
3203205,Linhares (ES),163662
3203304,Mantenópolis (ES),15121
3203320,Marataízes (ES),37923
3203346,Marechal Floriano (ES),16127
3203353,Marilândia (ES),12353
3203403,Mimoso do Sul (ES),27349
3203502,Montanha (ES),19224
3203601,Mucurici (ES),5885
3203700,Muniz Freire (ES),18909
3203809,Muqui (ES),15626
3203908,Nova Venécia (ES),50294
3204005,Pancas (ES),23418
3204054,Pedro Canário (ES),26128
3204104,Pinheiros (ES),26589
3204203,Piúma (ES),20716
3204252,Ponto Belo (ES),7749
3204302,Presidente Kennedy (ES),11309
3204351,Rio Bananal (ES),19181
3204401,Rio Novo do Sul (ES),12045
3204500,Santa Leopoldina (ES),12885
3204559,Santa Maria de Jetibá (ES),38850
3204609,Santa Teresa (ES),23735
3204658,São Domingos do Norte (ES),8709
3204708,São Gabriel da Palha (ES),36328
3204807,São José do Calçado (ES),11012
3204906,São Mateus (ES),124575
3204955,São Roque do Canaã (ES),12384
3205002,Serra (ES),485376
3205010,Sooretama (ES),27966
3205036,Vargem Alta (ES),21141
3205069,Venda Nova do Imigrante (ES),23744
3205101,Viana (ES),74499
3205150,Vila Pavão (ES),9368
3205176,Vila Valério (ES),14657
3205200,Vila Velha (ES),472762
3205309,Vitória (ES),355875
33,Rio de Janeiro,16550024
3300100,Angra dos Reis (RJ),188276
3300159,Aperibé (RJ),11023
3300209,Araruama (RJ),122865
3300225,Areal (RJ),11970
3300233,Armação dos Búzios (RJ),31067
3300258,Arraial do Cabo (RJ),29097
3300308,Barra do Piraí (RJ),96865
3300407,Barra Mansa (RJ),179915
3300456,Belford Roxo (RJ),481127
3300506,Bom Jardim (RJ),26278
3300605,Bom Jesus do Itabapoana (RJ),35964
3300704,Cabo Frio (RJ),208451
3300803,Cachoeiras de Macacu (RJ),56290
3300902,Cambuci (RJ),14836
3300936,Carapebus (RJ),15008
3300951,Comendador Levy Gasparian (RJ),8250
3301009,Campos dos Goytacazes (RJ),483970
3301108,Cantagalo (RJ),19759
3301157,Cardoso Moreira (RJ),12558
3301207,Carmo (RJ),18200
3301306,Casimiro de Abreu (RJ),40305
3301405,Conceição de Macabu (RJ),22163
3301504,Cordeiro (RJ),21063
3301603,Duas Barras (RJ),11121
3301702,Duque de Caxias (RJ),882729
3301801,Engenheiro Paulo de Frontin (RJ),13626
3301850,Guapimirim (RJ),56515
3301876,Iguaba Grande (RJ),25901
3301900,Itaboraí (RJ),229007
3302007,Itaguaí (RJ),119143
3302056,Italva (RJ),14569
3302106,Itaocara (RJ),22779
3302205,Itaperuna (RJ),99021
3302254,Itatiaia (RJ),30240
3302270,Japeri (RJ),99863
3302304,Laje do Muriaé (RJ),7298
3302403,Macaé (RJ),234628
3302452,Macuco (RJ),5398
3302502,Magé (RJ),234809
3302601,Mangaratiba (RJ),40779
3302700,Maricá (RJ),146549
3302809,Mendes (RJ),18099
3302858,Mesquita (RJ),170751
3302908,Miguel Pereira (RJ),24842
3303005,Miracema (RJ),26665
3303104,Natividade (RJ),15013
3303203,Nilópolis (RJ),158309
3303302,Niterói (RJ),496696
3303401,Nova Friburgo (RJ),184786
3303500,Nova Iguaçu (RJ),807492
3303609,Paracambi (RJ),49521
3303708,Paraíba do Sul (RJ),42356
3303807,Paraty (RJ),40478
3303856,Paty do Alferes (RJ),26818
3303906,Petrópolis (RJ),298142
3303955,Pinheiral (RJ),23887
3304003,Piraí (RJ),27838
3304102,Porciúncula (RJ),18059
3304110,Porto Real (RJ),18266
3304128,Quatis (RJ),13543
3304144,Queimados (RJ),143632
3304151,Quissamã (RJ),22700
3304201,Resende (RJ),125214
3304300,Rio Bonito (RJ),57615
3304409,Rio Claro (RJ),17826
3304508,Rio das Flores (RJ),8892
3304524,Rio das Ostras (RJ),131976
3304557,Rio de Janeiro (RJ),6476631
3304607,Santa Maria Madalena (RJ),10225
3304706,Santo Antônio de Pádua (RJ),41178
3304755,São Francisco de Itabapoana (RJ),41291
3304805,São Fidélis (RJ),37703
3304904,São Gonçalo (RJ),1038081
3305000,São João da Barra (RJ),34583
3305109,São João de Meriti (RJ),460625
3305133,São José de Ubá (RJ),7206
3305158,São José do Vale do Rio Preto (RJ),20916
3305208,São Pedro da Aldeia (RJ),96920
3305307,São Sebastião do Alto (RJ),9054
3305406,Sapucaia (RJ),17606
3305505,Saquarema (RJ),82359
3305554,Seropédica (RJ),82892
3305604,Silva Jardim (RJ),21307
3305703,Sumidouro (RJ),15127
3305752,Tanguá (RJ),32426
3305802,Teresópolis (RJ),173060
3305901,Trajano de Moraes (RJ),10350
3306008,Três Rios (RJ),79264
3306107,Valença (RJ),73725
3306156,Varre-Sai (RJ),10402
3306206,Vassouras (RJ),35432
3306305,Volta Redonda (RJ),262970
35,São Paulo,44396484
3500105,Adamantina (SP),35048
3500204,Adolfo (SP),3623
3500303,Aguaí (SP),34863
3500402,Águas da Prata (SP),8025
3500501,Águas de Lindóia (SP),18313
3500550,Águas de Santa Bárbara (SP),5944
3500600,Águas de São Pedro (SP),3139
3500709,Agudos (SP),36524
3500758,Alambari (SP),5560
3500808,Alfredo Marcondes (SP),4101
3500907,Altair (SP),4060
3501004,Altinópolis (SP),16179
3501103,Alto Alegre (SP),4173
3501152,Alumínio (SP),18061
3501202,Álvares Florence (SP),3853
3501301,Álvares Machado (SP),24651
3501400,Álvaro de Carvalho (SP),5030
3501509,Alvinlândia (SP),3168
3501608,Americana (SP),229322
3501707,Américo Brasiliense (SP),38202
3501806,Américo de Campos (SP),5942
3501905,Amparo (SP),70280
3502002,Analândia (SP),4731
3502101,Andradina (SP),57250
3502200,Angatuba (SP),24161
3502309,Anhembi (SP),6307
3502408,Anhumas (SP),3999
3502507,Aparecida (SP),36217
3502606,Aparecida d'Oeste (SP),4397
3502705,Apiaí (SP),25211
3502754,Araçariguama (SP),20114
3502804,Araçatuba (SP),192757
3502903,Araçoiaba da Serra (SP),31321
3503000,Aramina (SP),5486
3503109,Arandu (SP),6351
3503158,Arapeí (SP),2524
3503208,Araraquara (SP),226508
3503307,Araras (SP),128895
3503356,Arco-Íris (SP),1890
3503406,Arealva (SP),8351
3503505,Areias (SP),3859
3503604,Areiópolis (SP),11049
3503703,Ariranha (SP),9277
3503802,Artur Nogueira (SP),50246
3503901,Arujá (SP),83939
3503950,Aspásia (SP),1848
3504008,Assis (SP),101597
3504107,Atibaia (SP),137187
3504206,Auriflama (SP),14961
3504305,Avaí (SP),5275
3504404,Avanhandava (SP),12719
3504503,Avaré (SP),88385
3504602,Bady Bassitt (SP),16359
3504701,Balbinos (SP),4819
3504800,Bálsamo (SP),8773
3504909,Bananal (SP),10775
3505005,Barão de Antonina (SP),3353
3505104,Barbosa (SP),7128
3505203,Bariri (SP),34048
3505302,Barra Bonita (SP),36321
3505351,Barra do Chapéu (SP),5585
3505401,Barra do Turvo (SP),7828
3505500,Barretos (SP),119243
3505609,Barrinha (SP),31230
3505708,Barueri (SP),262275
3505807,Bastos (SP),21067
3505906,Batatais (SP),60589
3506003,Bauru (SP),366992
3506102,Bebedouro (SP),77627
3506201,Bento de Abreu (SP),2879
3506300,Bernardino de Campos (SP),11157
3506359,Bertioga (SP),56555
3506409,Bilac (SP),7682
3506508,Birigui (SP),118352
3506607,Biritiba Mirim (SP),31158
3506706,Boa Esperança do Sul (SP),14546
3506805,Bocaina (SP),11810
3506904,Bofete (SP),10879
3507001,Boituva (SP),55725
3507100,Bom Jesus dos Perdões (SP),23025
3507159,Bom Sucesso de Itararé (SP),3831
3507209,Borá (SP),836
3507308,Boracéia (SP),4631
3507407,Borborema (SP),15569
3507456,Borebi (SP),2519
3507506,Botucatu (SP),139483
3507605,Bragança Paulista (SP),160665
3507704,Braúna (SP),5454
3507753,Brejo Alegre (SP),2768
3507803,Brodowski (SP),23460
3507902,Brotas (SP),23419
3508009,Buri (SP),19570
3508108,Buritama (SP),16583
3508207,Buritizal (SP),4345
3508306,Cabrália Paulista (SP),4390
3508405,Cabreúva (SP),46528
3508504,Caçapava (SP),91162
3508603,Cachoeira Paulista (SP),32294
3508702,Caconde (SP),18976
3508801,Cafelândia (SP),17499
3508900,Caiabu (SP),4206
3509007,Caieiras (SP),95780
3509106,Caiuá (SP),5560
3509205,Cajamar (SP),71805
3509254,Cajati (SP),28962
3509304,Cajobi (SP),10341
3509403,Cajuru (SP),25230
3509452,Campina do Monte Alegre (SP),5901
3509502,Campinas (SP),1164098
3509601,Campo Limpo Paulista (SP),80847
3509700,Campos do Jordão (SP),50852
3509809,Campos Novos Paulista (SP),4839
3509908,Cananéia (SP),12604
3509957,Canas (SP),4852
3510005,Cândido Mota (SP),31131
3510104,Cândido Rodrigues (SP),2780
3510153,Canitar (SP),4884
3510203,Capão Bonito (SP),47486
3510302,Capela do Alto (SP),19482
3510401,Capivari (SP),53152
3510500,Caraguatatuba (SP),113317
3510609,Carapicuíba (SP),392294
3510708,Cardoso (SP),12281
3510807,Casa Branca (SP),29877
3510906,Cássia dos Coqueiros (SP),2623
3511003,Castilho (SP),19873
3511102,Catanduva (SP),119480
3511201,Catiguá (SP),7603
3511300,Cedral (SP),8767
3511409,Cerqueira César (SP),19109
3511508,Cerquilho (SP),45142
3511607,Cesário Lange (SP),17163
3511706,Charqueada (SP),16440
3511904,Clementina (SP),7992
3512001,Colina (SP),18245
3512100,Colômbia (SP),6211
3512209,Conchal (SP),27132
3512308,Conchas (SP),17406
3512407,Cordeirópolis (SP),23234
3512506,Coroados (SP),5753
3512605,Coronel Macedo (SP),4922
3512704,Corumbataí (SP),4036
3512803,Cosmópolis (SP),66807
3512902,Cosmorama (SP),7388
3513009,Cotia (SP),229548
3513108,Cravinhos (SP),34110
3513207,Cristais Paulista (SP),8260
3513306,Cruzália (SP),2209
3513405,Cruzeiro (SP),81082
3513504,Cubatão (SP),127006
3513603,Cunha (SP),22086
3513702,Descalvado (SP),32980
3513801,Diadema (SP),412428
3513850,Dirce Reis (SP),1772
3513900,Divinolândia (SP),11492
3514007,Dobrada (SP),8592
3514106,Dois Córregos (SP),26517
3514205,Dolcinópolis (SP),2142
3514304,Dourado (SP),8897
3514403,Dracena (SP),45847
3514502,Duartina (SP),12567
3514601,Dumont (SP),9178
3514700,Echaporã (SP),6316
3514809,Eldorado (SP),15339
3514908,Elias Fausto (SP),17085
3514924,Elisiário (SP),3451
3514957,Embaúba (SP),2481
3515004,Embu das Artes (SP),261781
3515103,Embu-Guaçu (SP),67296
3515129,Emilianópolis (SP),3174
3515152,Engenheiro Coelho (SP),18611
3515186,Espírito Santo do Pinhal (SP),43897
3515194,Espírito Santo do Turvo (SP),4621
3515202,Estrela d'Oeste (SP),8462
3515301,Estrela do Norte (SP),2761
3515350,Euclides da Cunha Paulista (SP),9642
3515400,Fartura (SP),15960
3515509,Fernandópolis (SP),68120
3515608,Fernando Prestes (SP),5760
3515657,Fernão (SP),1669
3515707,Ferraz de Vasconcelos (SP),184700
3515806,Flora Rica (SP),1634
3515905,Floreal (SP),3011
3516002,Flórida Paulista (SP),14000
3516101,Florínea (SP),2799
3516200,Franca (SP),342112
3516309,Francisco Morato (SP),168243
3516408,Franco da Rocha (SP),145755
3516507,Gabriel Monteiro (SP),2790
3516606,Gália (SP),6894
3516705,Garça (SP),44532
3516804,Gastão Vidigal (SP),4585
3516853,Gavião Peixoto (SP),4688
3516903,General Salgado (SP),10961
3517000,Getulina (SP),11287
3517109,Glicério (SP),4773
3517208,Guaiçara (SP),11633
3517307,Guaimbê (SP),5696
3517406,Guaíra (SP),39813
3517505,Guapiaçu (SP),20037
3517604,Guapiara (SP),17879
3517703,Guará (SP),20911
3517802,Guaraçaí (SP),8525
3517901,Guaraci (SP),10778
3518008,Guarani d'Oeste (SP),2020
3518107,Guarantã (SP),6651
3518206,Guararapes (SP),32346
3518305,Guararema (SP),28344
3518404,Guaratinguetá (SP),119073
3518503,Guareí (SP),16867
3518602,Guariba (SP),38499
3518701,Guarujá (SP),311230
3518800,Guarulhos (SP),1324781
3518859,Guatapará (SP),7446
3518909,Guzolândia (SP),5103
3519006,Herculândia (SP),9278
3519055,Holambra (SP),13375
3519071,Hortolândia (SP),215819
3519105,Iacanga (SP),11066
3519204,Iacri (SP),6481
3519253,Iaras (SP),7970
3519303,Ibaté (SP),33535
3519402,Ibirá (SP),11861
3519501,Ibirarema (SP),7376
3519600,Ibitinga (SP),57649
3519709,Ibiúna (SP),76432
3519808,Icém (SP),7997
3519907,Iepê (SP),8036
3520004,Igaraçu do Tietê (SP),24451
3520103,Igarapava (SP),29727
3520202,Igaratá (SP),9349
3520301,Iguape (SP),30390
3520400,Ilhabela (SP),32197
3520426,Ilha Comprida (SP),10291
3520442,Ilha Solteira (SP),26344
3520509,Indaiatuba (SP),231033
3520608,Indiana (SP),4941
3520707,Indiaporã (SP),3969
3520806,Inúbia Paulista (SP),3881
3520905,Ipaussu (SP),14579
3521002,Iperó (SP),33367
3521101,Ipeúna (SP),6914
3521150,Ipiguá (SP),5022
3521200,Iporanga (SP),4333
3521309,Ipuã (SP),15567
3521408,Iracemápolis (SP),22557
3521507,Irapuã (SP),7774
3521606,Irapuru (SP),8187
3521705,Itaberá (SP),18015
3521804,Itaí (SP),26042
3521903,Itajobi (SP),15177
3522000,Itaju (SP),3606
3522109,Itanhaém (SP),96222
3522158,Itaoca (SP),3337
3522208,Itapecerica da Serra (SP),167236
3522307,Itapetininga (SP),157016
3522406,Itapeva (SP),92710
3522505,Itapevi (SP),223404
3522604,Itapira (SP),72967
3522653,Itapirapuã Paulista (SP),4135
3522703,Itápolis (SP),42343
3522802,Itaporanga (SP),15115
3522901,Itapuí (SP),13328
3523008,Itapura (SP),4717
3523107,Itaquaquecetuba (SP),352801
3523206,Itararé (SP),50105
3523305,Itariri (SP),16759
3523404,Itatiba (SP),113284
3523503,Itatinga (SP),19738
3523602,Itirapina (SP),17160
3523701,Itirapuã (SP),6321
3523800,Itobi (SP),7831
3523909,Itu (SP),167095
3524006,Itupeva (SP),54128
3524105,Ituverava (SP),40994
3524204,Jaborandi (SP),6882
3524303,Jaboticabal (SP),75820
3524402,Jacareí (SP),226539
3524501,Jaci (SP),6486
3524600,Jacupiranga (SP),17851
3524709,Jaguariúna (SP),51907
3524808,Jales (SP),48922
3524907,Jambeiro (SP),6092
3525003,Jandira (SP),118832
3525102,Jardinópolis (SP),41799
3525201,Jarinu (SP),27473
3525300,Jaú (SP),143283
3525409,Jeriquara (SP),3216
3525508,Joanópolis (SP),12725
3525607,João Ramalho (SP),4416
3525706,José Bonifácio (SP),35538
3525805,Júlio Mesquita (SP),4687
3525854,Jumirim (SP),3142
3525904,Jundiaí (SP),401896
3526001,Junqueirópolis (SP),20066
3526100,Juquiá (SP),19359
3526209,Juquitiba (SP),30642
3526308,Lagoinha (SP),4954
3526407,Laranjal Paulista (SP),27384
3526506,Lavínia (SP),10590
3526605,Lavrinhas (SP),7052
3526704,Leme (SP),99388
3526803,Lençóis Paulista (SP),66131
3526902,Limeira (SP),296440
3527009,Lindóia (SP),7485
3527108,Lins (SP),76092
3527207,Lorena (SP),87178
3527256,Lourdes (SP),2249
3527306,Louveira (SP),43862
3527405,Lucélia (SP),21196
3527504,Lucianópolis (SP),2364
3527603,Luís Antônio (SP),13378
3527702,Luiziânia (SP),5511
3527801,Lupércio (SP),4549
3527900,Lutécia (SP),2729
3528007,Macatuba (SP),17013
3528106,Macaubal (SP),8033
3528205,Macedônia (SP),3746
3528304,Magda (SP),3215
3528403,Mairinque (SP),46015
3528502,Mairiporã (SP),92323
3528601,Manduri (SP),9592
3528700,Marabá Paulista (SP),5435
3528809,Maracaí (SP),13913
3528858,Marapoama (SP),2885
3528908,Mariápolis (SP),4072
3529005,Marília (SP),232006
3529104,Marinópolis (SP),2150
3529203,Martinópolis (SP),25805
3529302,Matão (SP),81439
3529401,Mauá (SP),453286
3529500,Mendonça (SP),5161
3529609,Meridiano (SP),3912
3529658,Mesópolis (SP),1931
3529708,Miguelópolis (SP),21728
3529807,Mineiros do Tietê (SP),12700
3529906,Miracatu (SP),20533
3530003,Mira Estrela (SP),3007
3530102,Mirandópolis (SP),29043
3530201,Mirante do Paranapanema (SP),17979
3530300,Mirassol (SP),57857
3530409,Mirassolândia (SP),4668
3530508,Mococa (SP),68797
3530607,Mogi das Cruzes (SP),424633
3530706,Mogi Guaçu (SP),147233
3530805,Mogi Mirim (SP),91483
3530904,Mombuca (SP),3441
3531001,Monções (SP),2235
3531100,Mongaguá (SP),52492
3531209,Monte Alegre do Sul (SP),7736
3531308,Monte Alto (SP),49456
3531407,Monte Aprazível (SP),23857
3531506,Monte Azul Paulista (SP),19304
3531605,Monte Castelo (SP),4188
3531704,Monteiro Lobato (SP),4467
3531803,Monte Mor (SP),55409
3531902,Morro Agudo (SP),31620
3532009,Morungaba (SP),12934
3532058,Motuca (SP),4607
3532108,Murutinga do Sul (SP),4415
3532157,Nantes (SP),2979
3532207,Narandiba (SP),4657
3532306,Natividade da Serra (SP),6786
3532405,Nazaré Paulista (SP),17794
3532504,Neves Paulista (SP),9008
3532603,Nhandeara (SP),11303
3532702,Nipoã (SP),4835
3532801,Nova Aliança (SP),6555
3532827,Nova Campina (SP),9307
3532843,Nova Canaã Paulista (SP),2032
3532868,Nova Castilho (SP),1217
3532900,Nova Europa (SP),10439
3533007,Nova Granada (SP),20717
3533106,Nova Guataporanga (SP),2288
3533205,Nova Independência (SP),3588
3533254,Novais (SP),5313
3533304,Nova Luzitânia (SP),3843
3533403,Nova Odessa (SP),56764
3533502,Novo Horizonte (SP),39543
3533601,Nuporanga (SP),7255
3533700,Ocauçu (SP),4302
3533809,Óleo (SP),2628
3533908,Olímpia (SP),53360
3534005,Onda Verde (SP),4209
3534104,Oriente (SP),6421
3534203,Orindiúva (SP),6493
3534302,Orlândia (SP),42678
3534401,Osasco (SP),694844
3534500,Oscar Bressane (SP),2615
3534609,Osvaldo Cruz (SP),32475
3534708,Ourinhos (SP),110282
3534757,Ouroeste (SP),9564
3534807,Ouro Verde (SP),8330
3534906,Pacaembu (SP),13961
3535002,Palestina (SP),12231
3535101,Palmares Paulista (SP),12336
3535200,Palmeira d'Oeste (SP),9596
3535309,Palmital (SP),22094
3535408,Panorama (SP),15458
3535507,Paraguaçu Paulista (SP),44794
3535606,Paraibuna (SP),18125
3535705,Paraíso (SP),6290
3535804,Paranapanema (SP),19357
3535903,Paranapuã (SP),4018
3536000,Parapuã (SP),11098
3536109,Pardinho (SP),6122
3536208,Pariquera-Açu (SP),19391
3536257,Parisi (SP),2134
3536307,Patrocínio Paulista (SP),14093
3536406,Paulicéia (SP),6981
3536505,Paulínia (SP),97702
3536570,Paulistânia (SP),1839
3536604,Paulo de Faria (SP),8924
3536703,Pederneiras (SP),44910
3536802,Pedra Bela (SP),6044
3536901,Pedranópolis (SP),2570
3537008,Pedregulho (SP),16517
3537107,Pedreira (SP),45579
3537156,Pedrinhas Paulista (SP),3071
3537206,Pedro de Toledo (SP),10967
3537305,Penápolis (SP),62071
3537404,Pereira Barreto (SP),25767
3537503,Pereiras (SP),8213
3537602,Peruíbe (SP),65226
3537701,Piacatu (SP),5739
3537800,Piedade (SP),54717
3537909,Pilar do Sul (SP),28309
3538006,Pindamonhangaba (SP),160614
3538105,Pindorama (SP),16342
3538204,Pinhalzinho (SP),14423
3538303,Piquerobi (SP),3679
3538501,Piquete (SP),14123
3538600,Piracaia (SP),26688
3538709,Piracicaba (SP),391449
3538808,Piraju (SP),29664
3538907,Pirajuí (SP),24546
3539004,Pirangi (SP),11220
3539103,Pirapora do Bom Jesus (SP),17646
3539202,Pirapozinho (SP),26594
3539301,Pirassununga (SP),74587
3539400,Piratininga (SP),13093
3539509,Pitangueiras (SP),38211
3539608,Planalto (SP),4941
3539707,Platina (SP),3434
3539806,Poá (SP),113793
3539905,Poloni (SP),5833
3540002,Pompéia (SP),21375
3540101,Pongaí (SP),3508
3540200,Pontal (SP),45978
3540259,Pontalinda (SP),4433
3540309,Pontes Gestal (SP),2593
3540408,Populina (SP),4269
3540507,Porangaba (SP),9299
3540606,Porto Feliz (SP),51928
3540705,Porto Ferreira (SP),54761
3540754,Potim (SP),22453
3540804,Potirendaba (SP),16709
3540853,Pracinha (SP),3547
3540903,Pradópolis (SP),19814
3541000,Praia Grande (SP),299261
3541059,Pratânia (SP),5021
3541109,Presidente Alves (SP),4179
3541208,Presidente Bernardes (SP),13568
3541307,Presidente Epitácio (SP),43535
3541406,Presidente Prudente (SP),222192
3541505,Presidente Venceslau (SP),39407
3541604,Promissão (SP),38764
3541653,Quadra (SP),3587
3541703,Quatá (SP),13702
3541802,Queiroz (SP),3166
3541901,Queluz (SP),12600
3542008,Quintana (SP),6437
3542107,Rafard (SP),9004
3542206,Rancharia (SP),29778
3542305,Redenção da Serra (SP),3930
3542404,Regente Feijó (SP),19733
3542503,Reginópolis (SP),8640
3542602,Registro (SP),56280
3542701,Restinga (SP),7223
3542800,Ribeira (SP),3408
3542909,Ribeirão Bonito (SP),12909
3543006,Ribeirão Branco (SP),17646
3543105,Ribeirão Corrente (SP),4579
3543204,Ribeirão do Sul (SP),4573
3543238,Ribeirão dos Índios (SP),2245
3543253,Ribeirão Grande (SP),7682
3543303,Ribeirão Pires (SP),120396
3543402,Ribeirão Preto (SP),666323
3543501,Riversul (SP),5941
3543600,Rifaina (SP),3597
3543709,Rincão (SP),10796
3543808,Rinópolis (SP),10133
3543907,Rio Claro (SP),199961
3544004,Rio das Pedras (SP),32982
3544103,Rio Grande da Serra (SP),48302
3544202,Riolândia (SP),11766
3544251,Rosana (SP),18459
3544301,Roseira (SP),10344
3544400,Rubiácea (SP),2983
3544509,Rubinéia (SP),3060
3544608,Sabino (SP),5502
3544707,Sagres (SP),2456
3544806,Sales (SP),6002
3544905,Sales Oliveira (SP),11438
3545001,Salesópolis (SP),16688
3545100,Salmourão (SP),5152
3545159,Saltinho (SP),7818
3545209,Salto (SP),114171
3545308,Salto de Pirapora (SP),43574
3545407,Salto Grande (SP),9223
3545506,Sandovalina (SP),4076
3545605,Santa Adélia (SP),15178
3545704,Santa Albertina (SP),5971
3545803,Santa Bárbara d'Oeste (SP),190139
3546009,Santa Branca (SP),14534
3546108,Santa Clara d'Oeste (SP),2137
3546207,Santa Cruz da Conceição (SP),4332
3546256,Santa Cruz da Esperança (SP),2084
3546306,Santa Cruz das Palmeiras (SP),32749
3546405,Santa Cruz do Rio Pardo (SP),46633
3546504,Santa Ernestina (SP),5681
3546603,Santa Fé do Sul (SP),31348
3546702,Santa Gertrudes (SP),24737
3546801,Santa Isabel (SP),54926
3546900,Santa Lúcia (SP),8687
3547007,Santa Maria da Serra (SP),5902
3547106,Santa Mercedes (SP),2937
3547205,Santana da Ponte Pensa (SP),1591
3547304,Santana de Parnaíba (SP),126574
3547403,Santa Rita d'Oeste (SP),2564
3547502,Santa Rita do Passa Quatro (SP),27502
3547601,Santa Rosa de Viterbo (SP),25666
3547650,Santa Salete (SP),1523
3547700,Santo Anastácio (SP),21044
3547809,Santo André (SP),710210
3547908,Santo Antônio da Alegria (SP),6739
3548005,Santo Antônio de Posse (SP),22389
3548054,Santo Antônio do Aracanguá (SP),8169
3548104,Santo Antônio do Jardim (SP),6053
3548203,Santo Antônio do Pinhal (SP),6767
3548302,Santo Expedito (SP),3011
3548401,Santópolis do Aguapeí (SP),4611
3548500,Santos (SP),433966
3548609,São Bento do Sapucaí (SP),10864
3548708,São Bernardo do Campo (SP),816925
3548807,São Caetano do Sul (SP),158024
3548906,São Carlos (SP),241389
3549003,São Francisco (SP),2857
3549102,São João da Boa Vista (SP),89027
3549201,São João das Duas Pontes (SP),2612
3549250,São João de Iracema (SP),1885
3549300,São João do Pau d'Alho (SP),2141
3549409,São Joaquim da Barra (SP),50110
3549508,São José da Bela Vista (SP),8823
3549607,São José do Barreiro (SP),4185
3549706,São José do Rio Pardo (SP),54388
3549805,São José do Rio Preto (SP),442548
3549904,São José dos Campos (SP),688597
3549953,São Lourenço da Serra (SP),15177
3550001,São Luiz do Paraitinga (SP),10731
3550100,São Manuel (SP),40367
3550209,São Miguel Arcanjo (SP),32769
3550308,São Paulo (SP),11967825
3550407,São Pedro (SP),34284
3550506,São Pedro do Turvo (SP),7567
3550605,São Roque (SP),86515
3550704,São Sebastião (SP),83020
3550803,São Sebastião da Grama (SP),12355
3550902,São Simão (SP),15104
3551009,São Vicente (SP),355542
3551108,Sarapuí (SP),9836
3551207,Sarutaiá (SP),3694
3551306,Sebastianópolis do Sul (SP),3334
3551405,Serra Azul (SP),13216
3551504,Serrana (SP),42784
3551603,Serra Negra (SP),28321
3551702,Sertãozinho (SP),120152
3551801,Sete Barras (SP),13144
3551900,Severínia (SP),16806
3552007,Silveiras (SP),6158
3552106,Socorro (SP),39565
3552205,Sorocaba (SP),644919
3552304,Sud Mennucci (SP),7712
3552403,Sumaré (SP),265955
3552502,Suzano (SP),285280
3552551,Suzanápolis (SP),3742
3552601,Tabapuã (SP),12103
3552700,Tabatinga (SP),15881
3552809,Taboão da Serra (SP),272177
3552908,Taciba (SP),6110
3553005,Taguaí (SP),12586
3553104,Taiaçu (SP),6205
3553203,Taiúva (SP),5605
3553302,Tambaú (SP),23214
3553401,Tanabi (SP),25467
3553500,Tapiraí (SP),8047
3553609,Tapiratiba (SP),13076
3553658,Taquaral (SP),2819
3553708,Taquaritinga (SP),56587
3553807,Taquarituba (SP),23163
3553856,Taquarivaí (SP),5605
3553906,Tarabai (SP),7168
3553955,Tarumã (SP),14205
3554003,Tatuí (SP),116682
3554102,Taubaté (SP),302331
3554201,Tejupá (SP),4750
3554300,Teodoro Sampaio (SP),22675
3554409,Terra Roxa (SP),9101
3554508,Tietê (SP),40194
3554607,Timburi (SP),2699
3554656,Torre de Pedra (SP),2375
3554706,Torrinha (SP),9846
3554755,Trabiju (SP),1664
3554805,Tremembé (SP),44912
3554904,Três Fronteiras (SP),5719
3554953,Tuiuti (SP),6533
3555000,Tupã (SP),65651
3555109,Tupi Paulista (SP),15153
3555208,Turiúba (SP),2009
3555307,Turmalina (SP),1883
3555356,Ubarana (SP),5910
3555406,Ubatuba (SP),86392
3555505,Ubirajara (SP),4687
3555604,Uchoa (SP),9968
3555703,União Paulista (SP),1754
3555802,Urânia (SP),9135
3555901,Uru (SP),1229
3556008,Urupês (SP),13504
3556107,Valentim Gentil (SP),12416
3556206,Valinhos (SP),120258
3556305,Valparaíso (SP),24993
3556354,Vargem (SP),9854
3556404,Vargem Grande do Sul (SP),41807
3556453,Vargem Grande Paulista (SP),48720
3556503,Várzea Paulista (SP),116601
3556602,Vera Cruz (SP),10997
3556701,Vinhedo (SP),72550
3556800,Viradouro (SP),18428
3556909,Vista Alegre do Alto (SP),8002
3556958,Vitória Brasil (SP),1821
3557006,Votorantim (SP),117794
3557105,Votuporanga (SP),91278
3557154,Zacarias (SP),2574
3557204,Chavantes (SP),12484
3557303,Estiva Gerbi (SP),10873
41,Paraná,11163018
4100103,Abatiá (PR),7823
4100202,Adrianópolis (PR),6333
4100301,Agudos do Sul (PR),8983
4100400,Almirante Tamandaré (PR),112870
4100459,Altamira do Paraná (PR),3341
4100509,Altônia (PR),21744
4100608,Alto Paraná (PR),14518
4100707,Alto Piquiri (PR),10285
4100806,Alvorada do Sul (PR),11057
4100905,Amaporã (PR),5953
4101002,Ampére (PR),18591
4101051,Anahy (PR),2915
4101101,Andirá (PR),20876
4101150,Ângulo (PR),2964
4101200,Antonina (PR),19416
4101309,Antônio Olinto (PR),7578
4101408,Apucarana (PR),130430
4101507,Arapongas (PR),115412
4101606,Arapoti (PR),27547
4101655,Arapuã (PR),3426
4101705,Araruna (PR),14014
4101804,Araucária (PR),133428
4101853,Ariranha do Ivaí (PR),2359
4101903,Assaí (PR),16212
4102000,Assis Chateaubriand (PR),34027
4102109,Astorga (PR),25976
4102208,Atalaia (PR),4004
4102307,Balsa Nova (PR),12337
4102406,Bandeirantes (PR),32639
4102505,Barbosa Ferraz (PR),12487
4102604,Barracão (PR),10231
4102703,Barra do Jacaré (PR),2821
4102752,Bela Vista da Caroba (PR),3848
4102802,Bela Vista do Paraíso (PR),15612
4102901,Bituruna (PR),16480
4103008,Boa Esperança (PR),4478
4103024,Boa Esperança do Iguaçu (PR),2716
4103040,Boa Ventura de São Roque (PR),6683
4103057,Boa Vista da Aparecida (PR),7968
4103107,Bocaiúva do Sul (PR),12159
4103156,Bom Jesus do Sul (PR),3777
4103206,Bom Sucesso (PR),6944
4103222,Bom Sucesso do Sul (PR),3365
4103305,Borrazópolis (PR),7497
4103354,Braganey (PR),5742
4103370,Brasilândia do Sul (PR),3037
4103404,Cafeara (PR),2873
4103453,Cafelândia (PR),16611
4103479,Cafezal do Sul (PR),4288
4103503,Califórnia (PR),8505
4103602,Cambará (PR),25170
4103701,Cambé (PR),103822
4103800,Cambira (PR),7708
4103909,Campina da Lagoa (PR),15247
4103958,Campina do Simão (PR),4096
4104006,Campina Grande do Sul (PR),41821
4104055,Campo Bonito (PR),4259
4104105,Campo do Tenente (PR),7693
4104204,Campo Largo (PR),124098
4104253,Campo Magro (PR),27517
4104303,Campo Mourão (PR),92930
4104402,Cândido de Abreu (PR),16339
4104428,Candói (PR),15822
4104451,Cantagalo (PR),13452
4104501,Capanema (PR),19275
4104600,Capitão Leônidas Marques (PR),15724
4104659,Carambeí (PR),21590
4104709,Carlópolis (PR),14337
4104808,Cascavel (PR),312778
4104907,Castro (PR),70810
4105003,Catanduvas (PR),10459
4105102,Centenário do Sul (PR),11312
4105201,Cerro Azul (PR),17755
4105300,Céu Azul (PR),11649
4105409,Chopinzinho (PR),19992
4105508,Cianorte (PR),77515
4105607,Cidade Gaúcha (PR),12069
4105706,Clevelândia (PR),17373
4105805,Colombo (PR),232432
4105904,Colorado (PR),23678
4106001,Congonhinhas (PR),8736
4106100,Conselheiro Mairinck (PR),3831
4106209,Contenda (PR),17525
4106308,Corbélia (PR),17076
4106407,Cornélio Procópio (PR),48551
4106456,Coronel Domingos Soares (PR),7580
4106506,Coronel Vivida (PR),21846
4106555,Corumbataí do Sul (PR),3749
4106571,Cruzeiro do Iguaçu (PR),4376
4106605,Cruzeiro do Oeste (PR),21190
4106704,Cruzeiro do Sul (PR),4637
4106803,Cruz Machado (PR),18807
4106852,Cruzmaltina (PR),3147
4106902,Curitiba (PR),1879355
4107009,Curiúva (PR),14817
4107108,Diamante do Norte (PR),5463
4107124,Diamante do Sul (PR),3568
4107157,Diamante D'Oeste (PR),5259
4107207,Dois Vizinhos (PR),39138
4107256,Douradina (PR),8228
4107306,Doutor Camargo (PR),6047
4107405,Enéas Marques (PR),6195
4107504,Engenheiro Beltrão (PR),14307
4107520,Esperança Nova (PR),1898
4107538,Entre Rios do Oeste (PR),4306
4107546,Espigão Alto do Iguaçu (PR),4542
4107553,Farol (PR),3388
4107603,Faxinal (PR),17160
4107652,Fazenda Rio Grande (PR),92204
4107702,Fênix (PR),4908
4107736,Fernandes Pinheiro (PR),5954
4107751,Figueira (PR),8268
4107801,Floraí (PR),5126
4107850,Flor da Serra do Sul (PR),4802
4107900,Floresta (PR),6467
4108007,Florestópolis (PR),11205
4108106,Flórida (PR),2674
4108205,Formosa do Oeste (PR),7296
4108304,Foz do Iguaçu (PR),263782
4108320,Francisco Alves (PR),6415
4108403,Francisco Beltrão (PR),86499
4108452,Foz do Jordão (PR),5210
4108502,General Carneiro (PR),14039
4108551,Godoy Moreira (PR),3245
4108601,Goioerê (PR),29702
4108650,Goioxim (PR),7517
4108700,Grandes Rios (PR),6337
4108809,Guaíra (PR),32591
4108908,Guairaçá (PR),6531
4108957,Guamiranga (PR),8484
4109005,Guapirama (PR),3950
4109104,Guaporema (PR),2290
4109203,Guaraci (PR),5434
4109302,Guaraniaçu (PR),13998
4109401,Guarapuava (PR),178126
4109500,Guaraqueçaba (PR),7966
4109609,Guaratuba (PR),35182
4109658,Honório Serpa (PR),5769
4109708,Ibaiti (PR),30678
4109757,Ibema (PR),6352
4109807,Ibiporã (PR),52330
4109906,Icaraíma (PR),8641
4110003,Iguaraçu (PR),4275
4110052,Iguatu (PR),2302
4110078,Imbaú (PR),12400
4110102,Imbituva (PR),31055
4110201,Inácio Martins (PR),11307
4110300,Inajá (PR),3119
4110409,Indianópolis (PR),4481
4110508,Ipiranga (PR),14978
4110607,Iporã (PR),14887
4110656,Iracema do Oeste (PR),2512
4110706,Irati (PR),59708
4110805,Iretama (PR),10689
4110904,Itaguajé (PR),4639
4110953,Itaipulândia (PR),10236
4111001,Itambaracá (PR),6852
4111100,Itambé (PR),6192
4111209,Itapejara d'Oeste (PR),11454
4111258,Itaperuçu (PR),26755
4111308,Itaúna do Sul (PR),3349
4111407,Ivaí (PR),13628
4111506,Ivaiporã (PR),32710
4111555,Ivaté (PR),8013
4111605,Ivatuba (PR),3201
4111704,Jaboti (PR),5197
4111803,Jacarezinho (PR),40243
4111902,Jaguapitã (PR),13174
4112009,Jaguariaíva (PR),34468
4112108,Jandaia do Sul (PR),21203
4112207,Janiópolis (PR),6114
4112306,Japira (PR),5071
4112405,Japurá (PR),9167
4112504,Jardim Alegre (PR),12191
4112603,Jardim Olinda (PR),1409
4112702,Jataizinho (PR),12504
4112751,Jesuítas (PR),8964
4112801,Joaquim Távora (PR),11544
4112900,Jundiaí do Sul (PR),3456
4112959,Juranda (PR),7697
4113007,Jussara (PR),6963
4113106,Kaloré (PR),4438
4113205,Lapa (PR),47557
4113254,Laranjal (PR),6292
4113304,Laranjeiras do Sul (PR),32133
4113403,Leópolis (PR),4165
4113429,Lidianópolis (PR),3774
4113452,Lindoeste (PR),5187
4113502,Loanda (PR),22603
4113601,Lobato (PR),4690
4113700,Londrina (PR),548249
4113734,Luiziana (PR),7471
4113759,Lunardelli (PR),5127
4113809,Lupionópolis (PR),4859
4113908,Mallet (PR),13567
4114005,Mamborê (PR),13943
4114104,Mandaguaçu (PR),21672
4114203,Mandaguari (PR),34289
4114302,Mandirituba (PR),24905
4114351,Manfrinópolis (PR),2954
4114401,Mangueirinha (PR),17334
4114500,Manoel Ribas (PR),13660
4114609,Marechal Cândido Rondon (PR),50808
4114708,Maria Helena (PR),5982
4114807,Marialva (PR),34388
4114906,Marilândia do Sul (PR),9078
4115002,Marilena (PR),7134
4115101,Mariluz (PR),10541
4115200,Maringá (PR),397437
4115309,Mariópolis (PR),6585
4115358,Maripá (PR),5793
4115408,Marmeleiro (PR),14470
4115457,Marquinho (PR),4871
4115507,Marumbi (PR),4755
4115606,Matelândia (PR),17340
4115705,Matinhos (PR),32591
4115739,Mato Rico (PR),3668
4115754,Mauá da Serra (PR),9705
4115804,Medianeira (PR),44885
4115853,Mercedes (PR),5398
4115903,Mirador (PR),2334
4116000,Miraselva (PR),1885
4116059,Missal (PR),10847
4116109,Moreira Sales (PR),12709
4116208,Morretes (PR),16435
4116307,Munhoz de Melo (PR),3909
4116406,Nossa Senhora das Graças (PR),4064
4116505,Nova Aliança do Ivaí (PR),1518
4116604,Nova América da Colina (PR),3553
4116703,Nova Aurora (PR),11537
4116802,Nova Cantu (PR),6650
4116901,Nova Esperança (PR),27886
4116950,Nova Esperança do Sudoeste (PR),5206
4117008,Nova Fátima (PR),8359
4117057,Nova Laranjeiras (PR),11968
4117107,Nova Londrina (PR),13470
4117206,Nova Olímpia (PR),5782
4117214,Nova Santa Bárbara (PR),4163
4117222,Nova Santa Rosa (PR),8092
4117255,Nova Prata do Iguaçu (PR),10722
4117271,Nova Tebas (PR),6792
4117297,Novo Itacolomi (PR),2907
4117305,Ortigueira (PR),23418
4117404,Ourizona (PR),3488
4117453,Ouro Verde do Oeste (PR),5976
4117503,Paiçandu (PR),39291
4117602,Palmas (PR),47674
4117701,Palmeira (PR),33753
4117800,Palmital (PR),14477
4117909,Palotina (PR),30859
4118006,Paraíso do Norte (PR),13011
4118105,Paranacity (PR),11069
4118204,Paranaguá (PR),150660
4118303,Paranapoema (PR),3050
4118402,Paranavaí (PR),86773
4118451,Pato Bragado (PR),5304
4118501,Pato Branco (PR),79011
4118600,Paula Freitas (PR),5773
4118709,Paulo Frontin (PR),7291
4118808,Peabiru (PR),14144
4118857,Perobal (PR),5995
4118907,Pérola (PR),10937
4119004,Pérola d'Oeste (PR),6746
4119103,Piên (PR),12211
4119152,Pinhais (PR),127045
4119202,Pinhalão (PR),6425
4119251,Pinhal de São Bento (PR),2740
4119301,Pinhão (PR),31978
4119400,Piraí do Sul (PR),24953
4119509,Piraquara (PR),104481
4119608,Pitanga (PR),32419
4119657,Pitangueiras (PR),3073
4119707,Planaltina do Paraná (PR),4277
4119806,Planalto (PR),13926
4119905,Ponta Grossa (PR),337865
4119954,Pontal do Paraná (PR),24352
4120002,Porecatu (PR),13973
4120101,Porto Amazonas (PR),4782
4120150,Porto Barreiro (PR),3564
4120200,Porto Rico (PR),2608
4120309,Porto Vitória (PR),4143
4120333,Prado Ferreira (PR),3668
4120358,Pranchita (PR),5558
4120408,Presidente Castelo Branco (PR),5144
4120507,Primeiro de Maio (PR),11243
4120606,Prudentópolis (PR),51567
4120655,Quarto Centenário (PR),4824
4120705,Quatiguá (PR),7410
4120804,Quatro Barras (PR),22048
4120853,Quatro Pontes (PR),3998
4120903,Quedas do Iguaçu (PR),32982
4121000,Querência do Norte (PR),12247
4121109,Quinta do Sol (PR),4985
4121208,Quitandinha (PR),18419
4121257,Ramilândia (PR),4385
4121307,Rancho Alegre (PR),3990
4121356,Rancho Alegre D'Oeste (PR),2833
4121406,Realeza (PR),17023
4121505,Rebouças (PR),14869
4121604,Renascença (PR),6984
4121703,Reserva (PR),26522
4121752,Reserva do Iguaçu (PR),7815
4121802,Ribeirão Claro (PR),10949
4121901,Ribeirão do Pinhal (PR),13646
4122008,Rio Azul (PR),15014
4122107,Rio Bom (PR),3360
4122156,Rio Bonito do Iguaçu (PR),13538
4122172,Rio Branco do Ivaí (PR),4088
4122206,Rio Branco do Sul (PR),32232
4122305,Rio Negro (PR),33395
4122404,Rolândia (PR),63316
4122503,Roncador (PR),11065
4122602,Rondon (PR),9488
4122651,Rosário do Ivaí (PR),5367
4122701,Sabáudia (PR),6585
4122800,Salgado Filho (PR),4142
4122909,Salto do Itararé (PR),5201
4123006,Salto do Lontra (PR),14539
4123105,Santa Amélia (PR),3684
4123204,Santa Cecília do Pavão (PR),3597
4123303,Santa Cruz de Monte Castelo (PR),8166
4123402,Santa Fé (PR),11431
4123501,Santa Helena (PR),25415
4123600,Santa Inês (PR),1765
4123709,Santa Isabel do Ivaí (PR),8896
4123808,Santa Izabel do Oeste (PR),14165
4123824,Santa Lúcia (PR),3976
4123857,Santa Maria do Oeste (PR),11009
4123907,Santa Mariana (PR),12432
4123956,Santa Mônica (PR),3849
4124004,Santana do Itararé (PR),5267
4124020,Santa Tereza do Oeste (PR),10509
4124053,Santa Terezinha de Itaipu (PR),22570
4124103,Santo Antônio da Platina (PR),45299
4124202,Santo Antônio do Caiuá (PR),2757
4124301,Santo Antônio do Paraíso (PR),2333
4124400,Santo Antônio do Sudoeste (PR),19958
4124509,Santo Inácio (PR),5481
4124608,São Carlos do Ivaí (PR),6756
4124707,São Jerônimo da Serra (PR),11553
4124806,São João (PR),10709
4124905,São João do Caiuá (PR),6038
4125001,São João do Ivaí (PR),11228
4125100,São João do Triunfo (PR),14700
4125209,São Jorge d'Oeste (PR),9302
4125308,São Jorge do Ivaí (PR),5674
4125357,São Jorge do Patrocínio (PR),6015
4125407,São José da Boa Vista (PR),6539
4125456,São José das Palmeiras (PR),3847
4125506,São José dos Pinhais (PR),297895
4125555,São Manoel do Paraná (PR),2180
4125605,São Mateus do Sul (PR),44594
4125704,São Miguel do Iguaçu (PR),27197
4125753,São Pedro do Iguaçu (PR),6388
4125803,São Pedro do Ivaí (PR),10799
4125902,São Pedro do Paraná (PR),2474
4126009,São Sebastião da Amoreira (PR),8952
4126108,São Tomé (PR),5657
4126207,Sapopema (PR),6908
4126256,Sarandi (PR),90376
4126272,Saudade do Iguaçu (PR),5372
4126306,Sengés (PR),19302
4126355,Serranópolis do Iguaçu (PR),4652
4126405,Sertaneja (PR),5724
4126504,Sertanópolis (PR),16373
4126603,Siqueira Campos (PR),20094
4126652,Sulina (PR),3293
4126678,Tamarana (PR),13730
4126702,Tamboara (PR),4991
4126801,Tapejara (PR),15704
4126900,Tapira (PR),5851
4127007,Teixeira Soares (PR),11495
4127106,Telêmaco Borba (PR),75809
4127205,Terra Boa (PR),16781
4127304,Terra Rica (PR),16326
4127403,Terra Roxa (PR),17517
4127502,Tibagi (PR),20377
4127601,Tijucas do Sul (PR),15970
4127700,Toledo (PR),132077
4127809,Tomazina (PR),8619
4127858,Três Barras do Paraná (PR),12227
4127882,Tunas do Paraná (PR),7559
4127908,Tuneiras do Oeste (PR),8860
4127957,Tupãssi (PR),8261
4127965,Turvo (PR),13785
4128005,Ubiratã (PR),21864
4128104,Umuarama (PR),108218
4128203,União da Vitória (PR),56265
4128302,Uniflor (PR),2593
4128401,Uraí (PR),11695
4128500,Wenceslau Braz (PR),19847
4128534,Ventania (PR),11093
4128559,Vera Cruz do Oeste (PR),8998
4128609,Verê (PR),7799
4128625,Alto Paraíso (PR),3077
4128633,Doutor Ulysses (PR),5808
4128658,Virmond (PR),4085
4128708,Vitorino (PR),6828
4128807,Xambrê (PR),6016
42,Santa Catarina,6819190
4200051,Abdon Batista (SC),2630
4200101,Abelardo Luz (SC),17717
4200200,Agrolândia (SC),10272
4200309,Agronômica (SC),5306
4200408,Água Doce (SC),7132
4200507,Águas de Chapecó (SC),6379
4200556,Águas Frias (SC),2408
4200606,Águas Mornas (SC),6113
4200705,Alfredo Wagner (SC),9850
4200754,Alto Bela Vista (SC),1987
4200804,Anchieta (SC),5987
4200903,Angelina (SC),5053
4201000,Anita Garibaldi (SC),7881
4201109,Anitápolis (SC),3253
4201208,Antônio Carlos (SC),8118
4201257,Apiúna (SC),10322
4201273,Arabutã (SC),4276
4201307,Araquari (SC),32454
4201406,Araranguá (SC),65769
4201505,Armazém (SC),8341
4201604,Arroio Trinta (SC),3563
4201653,Arvoredo (SC),2271
4201703,Ascurra (SC),7781
4201802,Atalanta (SC),3282
4201901,Aurora (SC),5674
4201950,Balneário Arroio do Silva (SC),11616
4202008,Balneário Camboriú (SC),128155
4202057,Balneário Barra do Sul (SC),9828
4202073,Balneário Gaivota (SC),9841
4202081,Bandeirante (SC),2808
4202099,Barra Bonita (SC),1790
4202107,Barra Velha (SC),26374
4202131,Bela Vista do Toldo (SC),6248
4202156,Belmonte (SC),2700
4202206,Benedito Novo (SC),11168
4202305,Biguaçu (SC),64488
4202404,Blumenau (SC),338876
4202438,Bocaina do Sul (SC),3424
4202453,Bombinhas (SC),17477
4202503,Bom Jardim da Serra (SC),4631
4202537,Bom Jesus (SC),2821
4202578,Bom Jesus do Oeste (SC),2156
4202602,Bom Retiro (SC),9598
4202701,Botuverá (SC),4943
4202800,Braço do Norte (SC),31765
4202859,Braço do Trombudo (SC),3654
4202875,Brunópolis (SC),2639
4202909,Brusque (SC),122775
4203006,Caçador (SC),75812
4203105,Caibi (SC),6243
4203154,Calmon (SC),3398
4203204,Camboriú (SC),74434
4203253,Capão Alto (SC),2654
4203303,Campo Alegre (SC),11992
4203402,Campo Belo do Sul (SC),7297
4203501,Campo Erê (SC),8993
4203600,Campos Novos (SC),35054
4203709,Canelinha (SC),11617
4203808,Canoinhas (SC),54188
4203907,Capinzal (SC),22129
4203956,Capivari de Baixo (SC),23663
4204004,Catanduvas (SC),10374
4204103,Caxambu do Sul (SC),4028
4204152,Celso Ramos (SC),2776
4204178,Cerro Negro (SC),3362
4204194,Chapadão do Lageado (SC),2912
4204202,Chapecó (SC),205795
4204251,Cocal do Sul (SC),16156
4204301,Concórdia (SC),72642
4204350,Cordilheira Alta (SC),4184
4204400,Coronel Freitas (SC),10201
4204459,Coronel Martins (SC),2534
4204509,Corupá (SC),15132
4204558,Correia Pinto (SC),13826
4204608,Criciúma (SC),206918
4204707,Cunha Porã (SC),10982
4204756,Cunhataí (SC),1943
4204806,Curitibanos (SC),39231
4204905,Descanso (SC),8505
4205001,Dionísio Cerqueira (SC),15339
4205100,Dona Emma (SC),3997
4205159,Doutor Pedrinho (SC),3937
4205175,Entre Rios (SC),3151
4205191,Ermo (SC),2078
4205209,Erval Velho (SC),4464
4205308,Faxinal dos Guedes (SC),10771
4205357,Flor do Sertão (SC),1600
4205407,Florianópolis (SC),469690
4205431,Formosa do Sul (SC),2576
4205456,Forquilhinha (SC),25129
4205506,Fraiburgo (SC),35942
4205555,Frei Rogério (SC),2249
4205605,Galvão (SC),3217
4205704,Garopaba (SC),21061
4205803,Garuva (SC),16786
4205902,Gaspar (SC),65024
4206009,Governador Celso Ramos (SC),13944
4206108,Grão-Pará (SC),6478
4206207,Gravatal (SC),11231
4206306,Guabiruba (SC),21612
4206405,Guaraciaba (SC),10374
4206504,Guaramirim (SC),40878
4206603,Guarujá do Sul (SC),5097
4206652,Guatambú (SC),4739
4206702,Herval d'Oeste (SC),22204
4206751,Ibiam (SC),1970
4206801,Ibicaré (SC),3313
4206900,Ibirama (SC),18412
4207007,Içara (SC),53145
4207106,Ilhota (SC),13493
4207205,Imaruí (SC),10933
4207304,Imbituba (SC),43168
4207403,Imbuia (SC),6040
4207502,Indaial (SC),63489
4207577,Iomerê (SC),2880
4207601,Ipira (SC),4637
4207650,Iporã do Oeste (SC),8823
4207684,Ipuaçu (SC),7262
4207700,Ipumirim (SC),7499
4207759,Iraceminha (SC),4139
4207809,Irani (SC),10118
4207858,Irati (SC),2025
4207908,Irineópolis (SC),10989
4208005,Itá (SC),6347
4208104,Itaiópolis (SC),21263
4208203,Itajaí (SC),205271
4208302,Itapema (SC),57089
4208401,Itapiranga (SC),16398
4208450,Itapoá (SC),18137
4208500,Ituporanga (SC),24061
4208609,Jaborá (SC),4023
4208708,Jacinto Machado (SC),10608
4208807,Jaguaruna (SC),18980
4208906,Jaraguá do Sul (SC),163735
4208955,Jardinópolis (SC),1672
4209003,Joaçaba (SC),29008
4209102,Joinville (SC),562151
4209151,José Boiteux (SC),4862
4209177,Jupiá (SC),2142
4209201,Lacerdópolis (SC),2246
4209300,Lages (SC),158732
4209409,Laguna (SC),44650
4209458,Lajeado Grande (SC),1470
4209508,Laurentino (SC),6598
4209607,Lauro Müller (SC),14996
4209706,Lebon Régis (SC),12105
4209805,Leoberto Leal (SC),3218
4209854,Lindóia do Sul (SC),4644
4209904,Lontras (SC),11393
4210001,Luiz Alves (SC),11908
4210035,Luzerna (SC),5701
4210050,Macieira (SC),1815
4210100,Mafra (SC),55313
4210209,Major Gercino (SC),3402
4210308,Major Vieira (SC),7899
4210407,Maracajá (SC),6963
4210506,Maravilha (SC),24345
4210555,Marema (SC),1999
4210605,Massaranduba (SC),16024
4210704,Matos Costa (SC),2690
4210803,Meleiro (SC),7066
4210852,Mirim Doce (SC),2424
4210902,Modelo (SC),4169
4211009,Mondaí (SC),11189
4211058,Monte Carlo (SC),9695
4211108,Monte Castelo (SC),8475
4211207,Morro da Fumaça (SC),17213
4211256,Morro Grande (SC),2921
4211306,Navegantes (SC),72772
4211405,Nova Erechim (SC),4729
4211454,Nova Itaberaba (SC),4339
4211504,Nova Trento (SC),13621
4211603,Nova Veneza (SC),14470
4211652,Novo Horizonte (SC),2606
4211702,Orleans (SC),22449
4211751,Otacílio Costa (SC),17835
4211801,Ouro (SC),7399
4211850,Ouro Verde (SC),2263
4211876,Paial (SC),1637
4211892,Painel (SC),2381
4211900,Palhoça (SC),157833
4212007,Palma Sola (SC),7652
4212056,Palmeira (SC),2537
4212106,Palmitos (SC),16262
4212205,Papanduva (SC),18793
4212239,Paraíso (SC),3763
4212254,Passo de Torres (SC),7912
4212270,Passos Maia (SC),4314
4212304,Paulo Lopes (SC),7203
4212403,Pedras Grandes (SC),4068
4212502,Penha (SC),29493
4212601,Peritiba (SC),2906
4212650,Pescaria Brava (SC),9835
4212700,Petrolândia (SC),6080
4212809,Balneário Piçarras (SC),20617
4212908,Pinhalzinho (SC),18696
4213005,Pinheiro Preto (SC),3396
4213104,Piratuba (SC),4316
4213153,Planalto Alegre (SC),2803
4213203,Pomerode (SC),31181
4213302,Ponte Alta (SC),4825
4213351,Ponte Alta do Norte (SC),3397
4213401,Ponte Serrada (SC),11452
4213500,Porto Belo (SC),19189
4213609,Porto União (SC),34882
4213708,Pouso Redondo (SC),16424
4213807,Praia Grande (SC),7370
4213906,Presidente Castello Branco (SC),1650
4214003,Presidente Getúlio (SC),16474
4214102,Presidente Nereu (SC),2309
4214151,Princesa (SC),2877
4214201,Quilombo (SC),10149
4214300,Rancho Queimado (SC),2849
4214409,Rio das Antas (SC),6246
4214508,Rio do Campo (SC),6113
4214607,Rio do Oeste (SC),7392
4214706,Rio dos Cedros (SC),11157
4214805,Rio do Sul (SC),67237
4214904,Rio Fortuna (SC),4582
4215000,Rio Negrinho (SC),41602
4215059,Rio Rufino (SC),2485
4215075,Riqueza (SC),4740
4215109,Rodeio (SC),11380
4215208,Romelândia (SC),5220
4215307,Salete (SC),7594
4215356,Saltinho (SC),3897
4215406,Salto Veloso (SC),4576
4215455,Sangão (SC),11767
4215505,Santa Cecília (SC),16510
4215554,Santa Helena (SC),2309
4215604,Santa Rosa de Lima (SC),2128
4215653,Santa Rosa do Sul (SC),8309
4215679,Santa Terezinha (SC),8864
4215687,Santa Terezinha do Progresso (SC),2666
4215695,Santiago do Sul (SC),1365
4215703,Santo Amaro da Imperatriz (SC),21920
4215752,São Bernardino (SC),2545
4215802,São Bento do Sul (SC),80936
4215901,São Bonifácio (SC),2944
4216008,São Carlos (SC),10944
4216057,São Cristóvão do Sul (SC),5360
4216107,São Domingos (SC),9516
4216206,São Francisco do Sul (SC),48606
4216255,São João do Oeste (SC),6260
4216305,São João Batista (SC),32720
4216354,São João do Itaperiú (SC),3634
4216404,São João do Sul (SC),7226
4216503,São Joaquim (SC),26247
4216602,São José (SC),232309
4216701,São José do Cedro (SC),13901
4216800,São José do Cerrito (SC),8823
4216909,São Lourenço do Oeste (SC),23245
4217006,São Ludgero (SC),12441
4217105,São Martinho (SC),3224
4217154,São Miguel da Boa Vista (SC),1872
4217204,São Miguel do Oeste (SC),38984
4217253,São Pedro de Alcântara (SC),5373
4217303,Saudades (SC),9524
4217402,Schroeder (SC),18827
4217501,Seara (SC),17439
4217550,Serra Alta (SC),3312
4217600,Siderópolis (SC),13686
4217709,Sombrio (SC),28966
4217758,Sul Brasil (SC),2624
4217808,Taió (SC),18060
4217907,Tangará (SC),8757
4217956,Tigrinhos (SC),1720
4218004,Tijucas (SC),35402
4218103,Timbé do Sul (SC),5382
4218202,Timbó (SC),41283
4218251,Timbó Grande (SC),7632
4218301,Três Barras (SC),18945
4218350,Treviso (SC),3785
4218400,Treze de Maio (SC),7067
4218509,Treze Tílias (SC),7237
4218608,Trombudo Central (SC),7057
4218707,Tubarão (SC),102883
4218756,Tunápolis (SC),4628
4218806,Turvo (SC),12551
4218855,União do Oeste (SC),2700
4218905,Urubici (SC),11102
4218954,Urupema (SC),2497
4219002,Urussanga (SC),21003
4219101,Vargeão (SC),3590
4219150,Vargem (SC),2630
4219176,Vargem Bonita (SC),4674
4219200,Vidal Ramos (SC),6366
4219309,Videira (SC),50926
4219358,Vitor Meireles (SC),5123
4219408,Witmarsum (SC),3841
4219507,Xanxerê (SC),48370
4219606,Xavantina (SC),4067
4219705,Xaxim (SC),27630
4219853,Zortéa (SC),3227
4220000,Balneário Rincão (SC),12018
43,Rio Grande do Sul,11247972
4300034,Aceguá (RS),4702
4300059,Água Santa (RS),3840
4300109,Agudo (RS),17120
4300208,Ajuricaba (RS),7387
4300307,Alecrim (RS),6865
4300406,Alegrete (RS),78499
4300455,Alegria (RS),4135
4300471,Almirante Tamandaré do Sul (RS),2091
4300505,Alpestre (RS),7640
4300554,Alto Alegre (RS),1828
4300570,Alto Feliz (RS),3025
4300604,Alvorada (RS),206561
4300638,Amaral Ferrador (RS),6778
4300646,Ametista do Sul (RS),7569
4300661,André da Rocha (RS),1293
4300703,Anta Gorda (RS),6222
4300802,Antônio Prado (RS),13285
4300851,Arambaré (RS),3762
4300877,Araricá (RS),5301
4300901,Aratiba (RS),6641
4301008,Arroio do Meio (RS),20045
4301057,Arroio do Sal (RS),8785
4301073,Arroio do Padre (RS),2883
4301107,Arroio dos Ratos (RS),14197
4301206,Arroio do Tigre (RS),13316
4301305,Arroio Grande (RS),18949
4301404,Arvorezinha (RS),10595
4301503,Augusto Pestana (RS),7145
4301552,Áurea (RS),3732
4301602,Bagé (RS),121749
4301636,Balneário Pinhal (RS),12305
4301651,Barão (RS),6061
4301701,Barão de Cotegipe (RS),6754
4301750,Barão do Triunfo (RS),7388
4301800,Barracão (RS),5485
4301859,Barra do Guarita (RS),3236
4301875,Barra do Quaraí (RS),4201
4301909,Barra do Ribeiro (RS),13263
4301925,Barra do Rio Azul (RS),1952
4301958,Barra Funda (RS),2497
4302006,Barros Cassal (RS),11482
4302055,Benjamin Constant do Sul (RS),2264
4302105,Bento Gonçalves (RS),113287
4302154,Boa Vista das Missões (RS),2170
4302204,Boa Vista do Buricá (RS),6815
4302220,Boa Vista do Cadeado (RS),2523
4302238,Boa Vista do Incra (RS),2559
4302253,Boa Vista do Sul (RS),2859
4302303,Bom Jesus (RS),11797
4302352,Bom Princípio (RS),12932
4302378,Bom Progresso (RS),2261
4302402,Bom Retiro do Sul (RS),12110
4302451,Boqueirão do Leão (RS),7912
4302501,Bossoroca (RS),6873
4302584,Bozano (RS),2238
4302600,Braga (RS),3688
4302659,Brochier (RS),4952
4302709,Butiá (RS),21192
4302808,Caçapava do Sul (RS),34654
4302907,Cacequi (RS),13685
4303004,Cachoeira do Sul (RS),85712
4303103,Cachoeirinha (RS),125975
4303202,Cacique Doble (RS),5080
4303301,Caibaté (RS),5058
4303400,Caiçara (RS),5104
4303509,Camaquã (RS),65835
4303558,Camargo (RS),2718
4303608,Cambará do Sul (RS),6695
4303673,Campestre da Serra (RS),3392
4303707,Campina das Missões (RS),6070
4303806,Campinas do Sul (RS),5649
4303905,Campo Bom (RS),64171
4304002,Campo Novo (RS),5276
4304101,Campos Borges (RS),3535
4304200,Candelária (RS),31476
4304309,Cândido Godói (RS),6608
4304358,Candiota (RS),9315
4304408,Canela (RS),42411
4304507,Canguçu (RS),55801
4304606,Canoas (RS),341343
4304614,Canudos do Vale (RS),1828
4304622,Capão Bonito do Sul (RS),1770
4304630,Capão da Canoa (RS),47148
4304655,Capão do Cipó (RS),3387
4304663,Capão do Leão (RS),25382
4304671,Capivari do Sul (RS),4275
4304689,Capela de Santana (RS),11289
4304697,Capitão (RS),2756
4304705,Carazinho (RS),62039
4304713,Caraá (RS),7863
4304804,Carlos Barbosa (RS),27565
4304853,Carlos Gomes (RS),1574
4304903,Casca (RS),9038
4304952,Caseiros (RS),3163
4305009,Catuípe (RS),9402
4305108,Caxias do Sul (RS),474853
4305116,Centenário (RS),3026
4305124,Cerrito (RS),6481
4305132,Cerro Branco (RS),4668
4305157,Cerro Grande (RS),2450
4305173,Cerro Grande do Sul (RS),11263
4305207,Cerro Largo (RS),13976
4305306,Chapada (RS),9613
4305355,Charqueadas (RS),38281
4305371,Charrua (RS),3505
4305405,Chiapetta (RS),4061
4305439,Chuí (RS),6368
4305447,Chuvisca (RS),5264
4305454,Cidreira (RS),14301
4305504,Ciríaco (RS),5005
4305587,Colinas (RS),2498
4305603,Colorado (RS),3522
4305702,Condor (RS),6815
4305801,Constantina (RS),10094
4305835,Coqueiro Baixo (RS),1562
4305850,Coqueiros do Sul (RS),2476
4305871,Coronel Barros (RS),2553
4305900,Coronel Bicaco (RS),7827
4305934,Coronel Pilar (RS),1740
4305959,Cotiporã (RS),4009
4305975,Coxilha (RS),2885
4306007,Crissiumal (RS),14273
4306056,Cristal (RS),7750
4306072,Cristal do Sul (RS),2917
4306106,Cruz Alta (RS),63776
4306130,Cruzaltense (RS),2096
4306205,Cruzeiro do Sul (RS),12169
4306304,David Canabarro (RS),4840
4306320,Derrubadas (RS),3148
4306353,Dezesseis de Novembro (RS),2795
4306379,Dilermando de Aguiar (RS),3136
4306403,Dois Irmãos (RS),30175
4306429,Dois Irmãos das Missões (RS),2174
4306452,Dois Lajeados (RS),3417
4306502,Dom Feliciano (RS),15165
4306551,Dom Pedro de Alcântara (RS),2619
4306601,Dom Pedrito (RS),39886
4306700,Dona Francisca (RS),3374
4306734,Doutor Maurício Cardoso (RS),5200
4306759,Doutor Ricardo (RS),2076
4306767,Eldorado do Sul (RS),37794
4306809,Encantado (RS),21883
4306908,Encruzilhada do Sul (RS),25726
4306924,Engenho Velho (RS),1397
4306932,Entre-Ijuís (RS),9037
4306957,Entre Rios do Sul (RS),3069
4306973,Erebango (RS),3064
4307005,Erechim (RS),102345
4307054,Ernestina (RS),3207
4307104,Herval (RS),6975
4307203,Erval Grande (RS),5207
4307302,Erval Seco (RS),7773
4307401,Esmeralda (RS),3301
4307450,Esperança do Sul (RS),3245
4307500,Espumoso (RS),15809
4307559,Estação (RS),6169
4307609,Estância Velha (RS),46444
4307708,Esteio (RS),83984
4307807,Estrela (RS),32748
4307815,Estrela Velha (RS),3743
4307831,Eugênio de Castro (RS),2744
4307864,Fagundes Varela (RS),2708
4307906,Farroupilha (RS),68562
4308003,Faxinal do Soturno (RS),6869
4308052,Faxinalzinho (RS),2553
4308078,Fazenda Vilanova (RS),4099
4308102,Feliz (RS),13140
4308201,Flores da Cunha (RS),29196
4308250,Floriano Peixoto (RS),1988
4308300,Fontoura Xavier (RS),10888
4308409,Formigueiro (RS),7096
4308433,Forquetinha (RS),2528
4308458,Fortaleza dos Valos (RS),4619
4308508,Frederico Westphalen (RS),30558
4308607,Garibaldi (RS),33131
4308656,Garruchos (RS),3219
4308706,Gaurama (RS),5918
4308805,General Câmara (RS),8673
4308854,Gentil (RS),1711
4308904,Getúlio Vargas (RS),16647
4309001,Giruá (RS),17198
4309050,Glorinha (RS),7518
4309100,Gramado (RS),34605
4309126,Gramado dos Loureiros (RS),2270
4309159,Gramado Xavier (RS),4212
4309209,Gravataí (RS),272257
4309258,Guabiju (RS),1612
4309308,Guaíba (RS),99029
4309407,Guaporé (RS),24509
4309506,Guarani das Missões (RS),8150
4309555,Harmonia (RS),4595
4309571,Herveiras (RS),3063
4309605,Horizontina (RS),19232
4309654,Hulha Negra (RS),6478
4309704,Humaitá (RS),5008
4309753,Ibarama (RS),4518
4309803,Ibiaçá (RS),4848
4309902,Ibiraiaras (RS),7441
4309951,Ibirapuitã (RS),4162
4310009,Ibirubá (RS),20242
4310108,Igrejinha (RS),34341
4310207,Ijuí (RS),82833
4310306,Ilópolis (RS),4208
4310330,Imbé (RS),19993
4310363,Imigrante (RS),3146
4310405,Independência (RS),6653
4310413,Inhacorá (RS),2318
4310439,Ipê (RS),6412
4310462,Ipiranga do Sul (RS),1982
4310504,Iraí (RS),8020
4310538,Itaara (RS),5329
4310553,Itacurubi (RS),3551
4310579,Itapuca (RS),2325
4310603,Itaqui (RS),39088
4310652,Itati (RS),2602
4310702,Itatiba do Sul (RS),3995
4310751,Ivorá (RS),2133
4310801,Ivoti (RS),22012
4310850,Jaboticaba (RS),4117
4310876,Jacuizinho (RS),2645
4310900,Jacutinga (RS),3713
4311007,Jaguarão (RS),28310
4311106,Jaguari (RS),11590
4311122,Jaquirana (RS),4138
4311130,Jari (RS),3655
4311155,Jóia (RS),8656
4311205,Júlio de Castilhos (RS),20052
4311239,Lagoa Bonita do Sul (RS),2825
4311254,Lagoão (RS),6492
4311270,Lagoa dos Três Cantos (RS),1649
4311304,Lagoa Vermelha (RS),28431
4311403,Lajeado (RS),78486
4311429,Lajeado do Bugre (RS),2588
4311502,Lavras do Sul (RS),7833
4311601,Liberato Salzano (RS),5752
4311627,Lindolfo Collor (RS),5671
4311643,Linha Nova (RS),1703
4311700,Machadinho (RS),5649
4311718,Maçambará (RS),4824
4311734,Mampituba (RS),3083
4311759,Manoel Viana (RS),7359
4311775,Maquiné (RS),7040
4311791,Maratá (RS),2659
4311809,Marau (RS),40174
4311908,Marcelino Ramos (RS),5027
4311981,Mariana Pimentel (RS),3920
4312005,Mariano Moro (RS),2211
4312054,Marques de Souza (RS),4167
4312104,Mata (RS),5159
4312138,Mato Castelhano (RS),2567
4312153,Mato Leitão (RS),4201
4312179,Mato Queimado (RS),1798
4312203,Maximiliano de Almeida (RS),4867
4312252,Minas do Leão (RS),8011
4312302,Miraguaí (RS),4982
4312351,Montauri (RS),1556
4312377,Monte Alegre dos Campos (RS),3236
4312385,Monte Belo do Sul (RS),2704
4312401,Montenegro (RS),63216
4312427,Mormaço (RS),2948
4312443,Morrinhos do Sul (RS),3193
4312450,Morro Redondo (RS),6529
4312476,Morro Reuter (RS),6100
4312500,Mostardas (RS),12720
4312609,Muçum (RS),4989
4312617,Muitos Capões (RS),3137
4312625,Muliterno (RS),1894
4312658,Não-Me-Toque (RS),16997
4312674,Nicolau Vergueiro (RS),1757
4312708,Nonoai (RS),12295
4312757,Nova Alvorada (RS),3431
4312807,Nova Araçá (RS),4385
4312906,Nova Bassano (RS),9478
4312955,Nova Boa Vista (RS),1953
4313003,Nova Bréscia (RS),3329
4313011,Nova Candelária (RS),2814
4313037,Nova Esperança do Sul (RS),5048
4313060,Nova Hartz (RS),20035
4313086,Nova Pádua (RS),2557
4313102,Nova Palma (RS),6588
4313201,Nova Petrópolis (RS),20416
4313300,Nova Prata (RS),25057
4313334,Nova Ramada (RS),2440
4313359,Nova Roma do Sul (RS),3564
4313375,Nova Santa Rita (RS),25700
4313391,Novo Cabrais (RS),4087
4313409,Novo Hamburgo (RS),248694
4313425,Novo Machado (RS),3828
4313441,Novo Tiradentes (RS),2320
4313466,Novo Xingu (RS),1795
4313490,Novo Barreiro (RS),4160
4313508,Osório (RS),43897
4313607,Paim Filho (RS),4221
4313656,Palmares do Sul (RS),11413
4313706,Palmeira das Missões (RS),34974
4313805,Palmitinho (RS),7170
4313904,Panambi (RS),41148
4313953,Pantano Grande (RS),9932
4314001,Paraí (RS),7309
4314027,Paraíso do Sul (RS),7648
4314035,Pareci Novo (RS),3725
4314050,Parobé (RS),55486
4314068,Passa Sete (RS),5491
4314076,Passo do Sobrado (RS),6372
4314100,Passo Fundo (RS),196739
4314134,Paulo Bento (RS),2297
4314159,Paverama (RS),8437
4314175,Pedras Altas (RS),2195
4314209,Pedro Osório (RS),8011
4314308,Pejuçara (RS),4055
4314407,Pelotas (RS),342873
4314423,Picada Café (RS),5532
4314456,Pinhal (RS),2609
4314464,Pinhal da Serra (RS),2126
4314472,Pinhal Grande (RS),4560
4314498,Pinheirinho do Vale (RS),4761
4314506,Pinheiro Machado (RS),12976
4314548,Pinto Bandeira (RS),2824
4314555,Pirapó (RS),2678
4314605,Piratini (RS),20712
4314704,Planalto (RS),10678
4314753,Poço das Antas (RS),2104
4314779,Pontão (RS),3986
4314787,Ponte Preta (RS),1730
4314803,Portão (RS),33994
4314902,Porto Alegre (RS),1476867
4315008,Porto Lucena (RS),5313
4315057,Porto Mauá (RS),2557
4315073,Porto Vera Cruz (RS),1733
4315107,Porto Xavier (RS),10758
4315131,Pouso Novo (RS),1847
4315149,Presidente Lucena (RS),2705
4315156,Progresso (RS),6372
4315172,Protásio Alves (RS),2041
4315206,Putinga (RS),4185
4315305,Quaraí (RS),23579
4315313,Quatro Irmãos (RS),1849
4315321,Quevedos (RS),2816
4315354,Quinze de Novembro (RS),3811
4315404,Redentora (RS),11025
4315453,Relvado (RS),2195
4315503,Restinga Sêca (RS),16334
4315552,Rio dos Índios (RS),3418
4315602,Rio Grande (RS),207860
4315701,Rio Pardo (RS),38934
4315750,Riozinho (RS),4571
4315800,Roca Sales (RS),10976
4315909,Rodeio Bonito (RS),5955
4315958,Rolador (RS),2542
4316006,Rolante (RS),20712
4316105,Ronda Alta (RS),10655
4316204,Rondinha (RS),5544
4316303,Roque Gonzales (RS),7289
4316402,Rosário do Sul (RS),40773
4316428,Sagrada Família (RS),2676
4316436,Saldanha Marinho (RS),2876
4316451,Salto do Jacuí (RS),12429
4316477,Salvador das Missões (RS),2769
4316501,Salvador do Sul (RS),7315
4316600,Sananduva (RS),16139
4316709,Santa Bárbara do Sul (RS),8793
4316733,Santa Cecília do Sul (RS),1698
4316758,Santa Clara do Sul (RS),6183
4316808,Santa Cruz do Sul (RS),126084
4316907,Santa Maria (RS),276108
4316956,Santa Maria do Herval (RS),6328
4316972,Santa Margarida do Sul (RS),2495
4317004,Santana da Boa Vista (RS),8434
4317103,Sant'Ana do Livramento (RS),82968
4317202,Santa Rosa (RS),72240
4317251,Santa Tereza (RS),1781
4317301,Santa Vitória do Palmar (RS),31436
4317400,Santiago (RS),50635
4317509,Santo Ângelo (RS),78976
4317558,Santo Antônio do Palma (RS),2198
4317608,Santo Antônio da Patrulha (RS),41977
4317707,Santo Antônio das Missões (RS),11174
4317756,Santo Antônio do Planalto (RS),2056
4317806,Santo Augusto (RS),14349
4317905,Santo Cristo (RS),14757
4317954,Santo Expedito do Sul (RS),2485
4318002,São Borja (RS),62990
4318051,São Domingos do Sul (RS),3064
4318101,São Francisco de Assis (RS),19495
4318200,São Francisco de Paula (RS),21551
4318309,São Gabriel (RS),62785
4318408,São Jerônimo (RS),23527
4318424,São João da Urtiga (RS),4840
4318432,São João do Polêsine (RS),2651
4318440,São Jorge (RS),2846
4318457,São José das Missões (RS),2736
4318465,São José do Herval (RS),2186
4318481,São José do Hortêncio (RS),4463
4318499,São José do Inhacorá (RS),2220
4318507,São José do Norte (RS),26977
4318606,São José do Ouro (RS),7116
4318614,São José do Sul (RS),2260
4318622,São José dos Ausentes (RS),3470
4318705,São Leopoldo (RS),228370
4318804,São Lourenço do Sul (RS),44541
4318903,São Luiz Gonzaga (RS),35193
4319000,São Marcos (RS),21204
4319109,São Martinho (RS),5821
4319125,São Martinho da Serra (RS),3306
4319158,São Miguel das Missões (RS),7728
4319208,São Nicolau (RS),5732
4319307,São Paulo das Missões (RS),6348
4319356,São Pedro da Serra (RS),3584
4319364,São Pedro das Missões (RS),1984
4319372,São Pedro do Butiá (RS),2983
4319406,São Pedro do Sul (RS),16788
4319505,São Sebastião do Caí (RS),24676
4319604,São Sepé (RS),24432
4319703,São Valentim (RS),3621
4319711,São Valentim do Sul (RS),2257
4319737,São Valério do Sul (RS),2752
4319752,São Vendelino (RS),2124
4319802,São Vicente do Sul (RS),8787
4319901,Sapiranga (RS),79560
4320008,Sapucaia do Sul (RS),138357
4320107,Sarandi (RS),23036
4320206,Seberi (RS),11164
4320230,Sede Nova (RS),3063
4320263,Segredo (RS),7388
4320305,Selbach (RS),5134
4320321,Senador Salgado Filho (RS),2885
4320354,Sentinela do Sul (RS),5486
4320404,Serafina Corrêa (RS),15814
4320453,Sério (RS),2235
4320503,Sertão (RS),6169
4320552,Sertão Santana (RS),6246
4320578,Sete de Setembro (RS),2132
4320602,Severiano de Almeida (RS),3890
4320651,Silveira Martins (RS),2487
4320677,Sinimbu (RS),10400
4320701,Sobradinho (RS),14944
4320800,Soledade (RS),31261
4320859,Tabaí (RS),4460
4320909,Tapejara (RS),21525
4321006,Tapera (RS),10803
4321105,Tapes (RS),17354
4321204,Taquara (RS),57238
4321303,Taquari (RS),27128
4321329,Taquaruçu do Sul (RS),3090
4321352,Tavares (RS),5554
4321402,Tenente Portela (RS),14039
4321436,Terra de Areia (RS),10634
4321451,Teutônia (RS),30170
4321469,Tio Hugo (RS),2912
4321477,Tiradentes do Sul (RS),6384
4321493,Toropi (RS),2988
4321501,Torres (RS),37107
4321600,Tramandaí (RS),46369
4321626,Travesseiro (RS),2389
4321634,Três Arroios (RS),2873
4321667,Três Cachoeiras (RS),10811
4321709,Três Coroas (RS),26092
4321808,Três de Maio (RS),24485
4321832,Três Forquilhas (RS),2924
4321857,Três Palmeiras (RS),4471
4321907,Três Passos (RS),24647
4321956,Trindade do Sul (RS),5961
4322004,Triunfo (RS),27867
4322103,Tucunduva (RS),5993
4322152,Tunas (RS),4586
4322186,Tupanci do Sul (RS),1584
4322202,Tupanciretã (RS),23521
4322251,Tupandi (RS),4366
4322301,Tuparendi (RS),8574
4322327,Turuçu (RS),3596
4322343,Ubiretama (RS),2265
4322350,União da Serra (RS),1413
4322376,Unistalda (RS),2481
4322400,Uruguaiana (RS),129652
4322509,Vacaria (RS),64857
4322525,Vale Verde (RS),3434
4322533,Vale do Sol (RS),11650
4322541,Vale Real (RS),5548
4322558,Vanini (RS),2087
4322608,Venâncio Aires (RS),69859
4322707,Vera Cruz (RS),25700
4322806,Veranópolis (RS),24686
4322855,Vespasiano Corrêa (RS),1976
4322905,Viadutos (RS),5271
4323002,Viamão (RS),251978
4323101,Vicente Dutra (RS),5224
4323200,Victor Graeff (RS),3070
4323309,Vila Flores (RS),3363
4323358,Vila Lângaro (RS),2193
4323408,Vila Maria (RS),4393
4323457,Vila Nova do Sul (RS),4365
4323507,Vista Alegre (RS),2887
4323606,Vista Alegre do Prata (RS),1613
4323705,Vista Gaúcha (RS),2873
4323754,Vitória das Missões (RS),3463
4323770,Westfália (RS),2953
4323804,Xangri-lá (RS),14197
50,Mato Grosso do Sul,2651235
5000203,Água Clara (MS),14474
5000252,Alcinópolis (MS),5038
5000609,Amambai (MS),37590
5000708,Anastácio (MS),24748
5000807,Anaurilândia (MS),8844
5000856,Angélica (MS),10149
5000906,Antônio João (MS),8679
5001003,Aparecida do Taboado (MS),24414
5001102,Aquidauana (MS),47162
5001243,Aral Moreira (MS),11399
5001508,Bandeirantes (MS),6771
5001904,Bataguassu (MS),21775
5002001,Batayporã (MS),11208
5002100,Bela Vista (MS),24113
5002159,Bodoquena (MS),7898
5002209,Bonito (MS),21047
5002308,Brasilândia (MS),11903
5002407,Caarapó (MS),28437
5002605,Camapuã (MS),13731
5002704,Campo Grande (MS),853622
5002803,Caracol (MS),5838
5002902,Cassilândia (MS),21622
5002951,Chapadão do Sul (MS),22620
5003108,Corguinho (MS),5513
5003157,Coronel Sapucaia (MS),14815
5003207,Corumbá (MS),108656
5003256,Costa Rica (MS),19508
5003306,Coxim (MS),33139
5003454,Deodápolis (MS),12650
5003488,Dois Irmãos do Buriti (MS),10965
5003504,Douradina (MS),5723
5003702,Dourados (MS),212870
5003751,Eldorado (MS),12128
5003801,Fátima do Sul (MS),19220
5003900,Figueirão (MS),3012
5004007,Glória de Dourados (MS),9992
5004106,Guia Lopes da Laguna (MS),10136
5004304,Iguatemi (MS),15637
5004403,Inocência (MS),7664
5004502,Itaporã (MS),22896
5004601,Itaquiraí (MS),20162
5004700,Ivinhema (MS),22928
5004809,Japorã (MS),8567
5004908,Jaraguari (MS),6860
5005004,Jardim (MS),25473
5005103,Jateí (MS),4038
5005152,Juti (MS),6399
5005202,Ladário (MS),21860
5005251,Laguna Carapã (MS),7017
5005400,Maracaju (MS),43078
5005608,Miranda (MS),27104
5005681,Mundo Novo (MS),17884
5005707,Naviraí (MS),51535
5005806,Nioaque (MS),14233
5006002,Nova Alvorada do Sul (MS),19656
5006200,Nova Andradina (MS),50893
5006259,Novo Horizonte do Sul (MS),4306
5006275,Paraíso das Águas (MS),5150
5006309,Paranaíba (MS),41495
5006358,Paranhos (MS),13494
5006408,Pedro Gomes (MS),7794
5006606,Ponta Porã (MS),86717
5006903,Porto Murtinho (MS),16514
5007109,Ribas do Rio Pardo (MS),23167
5007208,Rio Brilhante (MS),34776
5007307,Rio Negro (MS),4910
5007406,Rio Verde de Mato Grosso (MS),19462
5007505,Rochedo (MS),5252
5007554,Santa Rita do Pardo (MS),7633
5007695,São Gabriel do Oeste (MS),24982
5007703,Sete Quedas (MS),10832
5007802,Selvíria (MS),6455
5007901,Sidrolândia (MS),51355
5007935,Sonora (MS),17483
5007950,Tacuru (MS),11035
5007976,Taquarussu (MS),3570
5008008,Terenos (MS),19914
5008305,Três Lagoas (MS),113619
5008404,Vicentina (MS),6027
51,Mato Grosso,3265486
5100102,Acorizal (MT),5362
5100201,Água Boa (MT),23551
5100250,Alta Floresta (MT),49991
5100300,Alto Araguaia (MT),17509
5100359,Alto Boa Vista (MT),6146
5100409,Alto Garças (MT),11229
5100508,Alto Paraguai (MT),10704
5100607,Alto Taquari (MT),9674
5100805,Apiacás (MT),9400
5101001,Araguaiana (MT),3083
5101209,Araguainha (MT),976
5101258,Araputanga (MT),16047
5101308,Arenápolis (MT),9699
5101407,Aripuanã (MT),20657
5101605,Barão de Melgaço (MT),7526
5101704,Barra do Bugres (MT),33700
5101803,Barra do Garças (MT),58398
5101837,Boa Esperança do Norte (MT),...
5101852,Bom Jesus do Araguaia (MT),6018
5101902,Brasnorte (MT),17815
5102504,Cáceres (MT),90518
5102603,Campinápolis (MT),15112
5102637,Campo Novo do Parecis (MT),31985
5102678,Campo Verde (MT),37989
5102686,Campos de Júlio (MT),6155
5102694,Canabrava do Norte (MT),4678
5102702,Canarana (MT),20208
5102793,Carlinda (MT),10364
5102850,Castanheira (MT),8405
5103007,Chapada dos Guimarães (MT),18699
5103056,Cláudia (MT),11546
5103106,Cocalinho (MT),5530
5103205,Colíder (MT),31895
5103254,Colniza (MT),33575
5103304,Comodoro (MT),19536
5103353,Confresa (MT),28339
5103361,Conquista D'Oeste (MT),3737
5103379,Cotriguaçu (MT),17716
5103403,Cuiabá (MT),580489
5103437,Curvelândia (MT),5006
5103452,Denise (MT),8975
5103502,Diamantino (MT),21064
5103601,Dom Aquino (MT),8032
5103700,Feliz Natal (MT),12782
5103809,Figueirópolis D'Oeste (MT),3549
5103858,Gaúcha do Norte (MT),7036
5103908,General Carneiro (MT),5318
5103957,Glória D'Oeste (MT),3023
5104104,Guarantã do Norte (MT),33929
5104203,Guiratinga (MT),14496
5104500,Indiavaí (MT),2543
5104526,Ipiranga do Norte (MT),6629
5104542,Itanhangá (MT),6103
5104559,Itaúba (MT),4013
5104609,Itiquira (MT),12472
5104807,Jaciara (MT),26401
5104906,Jangada (MT),7925
5105002,Jauru (MT),9241
5105101,Juara (MT),33610
5105150,Juína (MT),39688
5105176,Juruena (MT),13933
5105200,Juscimeira (MT),11107
5105234,Lambari D'Oeste (MT),5767
5105259,Lucas do Rio Verde (MT),57285
5105309,Luciara (MT),2094
5105507,Vila Bela da Santíssima Trindade (MT),15274
5105580,Marcelândia (MT),10861
5105606,Matupá (MT),15433
5105622,Mirassol d'Oeste (MT),26369
5105903,Nobres (MT),14959
5106000,Nortelândia (MT),6048
5106109,Nossa Senhora do Livramento (MT),11393
5106158,Nova Bandeirantes (MT),13729
5106174,Nova Nazaré (MT),3491
5106182,Nova Lacerda (MT),6052
5106190,Nova Santa Helena (MT),3566
5106208,Nova Brasilândia (MT),4029
5106216,Nova Canaã do Norte (MT),12365
5106224,Nova Mutum (MT),39712
5106232,Nova Olímpia (MT),18965
5106240,Nova Ubiratã (MT),10801
5106257,Nova Xavantina (MT),20399
5106265,Novo Mundo (MT),8364
5106273,Novo Horizonte do Norte (MT),3845
5106281,Novo São Joaquim (MT),5323
5106299,Paranaíta (MT),10844
5106307,Paranatinga (MT),21014
5106315,Novo Santo Antônio (MT),2369
5106372,Pedra Preta (MT),16674
5106422,Peixoto de Azevedo (MT),32818
5106455,Planalto da Serra (MT),2647
5106505,Poconé (MT),32131
5106653,Pontal do Araguaia (MT),6128
5106703,Ponte Branca (MT),1618
5106752,Pontes e Lacerda (MT),43235
5106778,Porto Alegre do Norte (MT),11674
5106802,Porto dos Gaúchos (MT),5334
5106828,Porto Esperidião (MT),11464
5106851,Porto Estrela (MT),3158
5107008,Poxoréu (MT),16441
5107040,Primavera do Leste (MT),57423
5107065,Querência (MT),15597
5107107,São José dos Quatro Marcos (MT),18622
5107156,Reserva do Cabaçal (MT),2630
5107180,Ribeirão Cascalheira (MT),9562
5107198,Ribeirãozinho (MT),2290
5107206,Rio Branco (MT),5044
5107248,Santa Carmem (MT),4292
5107263,Santo Afonso (MT),3038
5107297,São José do Povo (MT),3823
5107305,São José do Rio Claro (MT),19052
5107354,São José do Xingu (MT),5375
5107404,São Pedro da Cipa (MT),4444
5107578,Rondolândia (MT),3792
5107602,Rondonópolis (MT),215320
5107701,Rosário Oeste (MT),17161
5107743,Santa Cruz do Xingu (MT),2284
5107750,Salto do Céu (MT),3502
5107768,Santa Rita do Trivelato (MT),3036
5107776,Santa Terezinha (MT),7883
5107792,Santo Antônio do Leste (MT),4591
5107800,Santo Antônio de Leverger (MT),19257
5107859,São Félix do Araguaia (MT),11125
5107875,Sapezal (MT),22665
5107883,Serra Nova Dourada (MT),1520
5107909,Sinop (MT),129916
5107925,Sorriso (MT),80298
5107941,Tabaporã (MT),9489
5107958,Tangará da Serra (MT),94289
5108006,Tapurah (MT),12305
5108055,Terra Nova do Norte (MT),10167
5108105,Tesouro (MT),3513
5108204,Torixoréu (MT),3713
5108303,União do Sul (MT),3551
5108352,Vale de São Domingos (MT),3040
5108402,Várzea Grande (MT),268594
5108501,Vera (MT),10736
5108600,Vila Rica (MT),23937
5108808,Nova Guarita (MT),4590
5108857,Nova Marilândia (MT),3107
5108907,Nova Maringá (MT),7764
5108956,Nova Monte Verde (MT),8640
52,Goiás,6610681
5200050,Abadia de Goiás (GO),7895
5200100,Abadiânia (GO),18069
5200134,Acreúna (GO),21730
5200159,Adelândia (GO),2557
5200175,Água Fria de Goiás (GO),5507
5200209,Água Limpa (GO),1993
5200258,Águas Lindas de Goiás (GO),187072
5200308,Alexânia (GO),26135
5200506,Aloândia (GO),2079
5200555,Alto Horizonte (GO),5470
5200605,Alto Paraíso de Goiás (GO),7391
5200803,Alvorada do Norte (GO),8549
5200829,Amaralina (GO),3691
5200852,Americano do Brasil (GO),5918
5200902,Amorinópolis (GO),3487
5201108,Anápolis (GO),366491
5201207,Anhanguera (GO),1104
5201306,Anicuns (GO),21478
5201405,Aparecida de Goiânia (GO),521910
5201454,Aparecida do Rio Doce (GO),2510
5201504,Aporé (GO),4077
5201603,Araçu (GO),3776
5201702,Aragarças (GO),19583
5201801,Aragoiânia (GO),9444
5202155,Araguapaz (GO),7818
5202353,Arenópolis (GO),3066
5202502,Aruanã (GO),8746
5202601,Aurilândia (GO),3508
5202809,Avelinópolis (GO),2499
5203104,Baliza (GO),4443
5203203,Barro Alto (GO),10031
5203302,Bela Vista de Goiás (GO),27628
5203401,Bom Jardim de Goiás (GO),8826
5203500,Bom Jesus de Goiás (GO),23257
5203559,Bonfinópolis (GO),8694
5203575,Bonópolis (GO),3994
5203609,Brazabrantes (GO),3526
5203807,Britânia (GO),5772
5203906,Buriti Alegre (GO),9467
5203939,Buriti de Goiás (GO),2595
5203962,Buritinópolis (GO),3394
5204003,Cabeceiras (GO),7829
5204102,Cachoeira Alta (GO),11683
5204201,Cachoeira de Goiás (GO),1425
5204250,Cachoeira Dourada (GO),8384
5204300,Caçu (GO),14837
5204409,Caiapônia (GO),18148
5204508,Caldas Novas (GO),81477
5204557,Caldazinha (GO),3624
5204607,Campestre de Goiás (GO),3581
5204656,Campinaçu (GO),3743
5204706,Campinorte (GO),12071
5204805,Campo Alegre de Goiás (GO),6896
5204854,Campo Limpo de Goiás (GO),7090
5204904,Campos Belos (GO),19540
5204953,Campos Verdes (GO),3870
5205000,Carmo do Rio Verde (GO),9671
5205059,Castelândia (GO),3642
5205109,Catalão (GO),98737
5205208,Caturaí (GO),4977
5205307,Cavalcante (GO),9775
5205406,Ceres (GO),21909
5205455,Cezarina (GO),8210
5205471,Chapadão do Céu (GO),8589
5205497,Cidade Ocidental (GO),64229
5205513,Cocalzinho de Goiás (GO),19115
5205521,Colinas do Sul (GO),3551
5205703,Córrego do Ouro (GO),2564
5205802,Corumbá de Goiás (GO),10961
5205901,Corumbaíba (GO),9077
5206206,Cristalina (GO),53300
5206305,Cristianópolis (GO),3023
5206404,Crixás (GO),16695
5206503,Cromínia (GO),3616
5206602,Cumari (GO),2992
5206701,Damianópolis (GO),3385
5206800,Damolândia (GO),2903
5206909,Davinópolis (GO),2126
5207105,Diorama (GO),2545
5207253,Doverlândia (GO),7842
5207352,Edealina (GO),3814
5207402,Edéia (GO),12047
5207501,Estrela do Norte (GO),3386
5207535,Faina (GO),7004
5207600,Fazenda Nova (GO),6181
5207808,Firminópolis (GO),12640
5207907,Flores de Goiás (GO),14372
5208004,Formosa (GO),112236
5208103,Formoso (GO),4726
5208152,Gameleira de Goiás (GO),3664
5208301,Divinópolis de Goiás (GO),5020
5208400,Goianápolis (GO),11024
5208509,Goiandira (GO),5549
5208608,Goianésia (GO),65767
5208707,Goiânia (GO),1430697
5208806,Goianira (GO),39484
5208905,Goiás (GO),24439
5209101,Goiatuba (GO),34043
5209150,Gouvelândia (GO),5499
5209200,Guapó (GO),14441
5209291,Guaraíta (GO),2268
5209408,Guarani de Goiás (GO),4204
5209457,Guarinos (GO),2134
5209606,Heitoraí (GO),3731
5209705,Hidrolândia (GO),19761
5209804,Hidrolina (GO),3927
5209903,Iaciara (GO),13423
5209937,Inaciolândia (GO),6066
5209952,Indiara (GO),14895
5210000,Inhumas (GO),51543
5210109,Ipameri (GO),26373
5210158,Ipiranga de Goiás (GO),2940
5210208,Iporá (GO),32194
5210307,Israelândia (GO),2923
5210406,Itaberaí (GO),39629
5210562,Itaguari (GO),4703
5210604,Itaguaru (GO),5488
5210802,Itajá (GO),4961
5210901,Itapaci (GO),20945
5211008,Itapirapuã (GO),6776
5211206,Itapuranga (GO),26639
5211305,Itarumã (GO),6853
5211404,Itauçu (GO),8957
5211503,Itumbiara (GO),100548
5211602,Ivolândia (GO),2601
5211701,Jandaia (GO),6272
5211800,Jaraguá (GO),46790
5211909,Jataí (GO),95998
5212006,Jaupaci (GO),3024
5212055,Jesúpolis (GO),2444
5212105,Joviânia (GO),7422
5212204,Jussara (GO),19346
5212253,Lagoa Santa (GO),1435
5212303,Leopoldo de Bulhões (GO),8167
5212501,Luziânia (GO),194039
5212600,Mairipotaba (GO),2432
5212709,Mambaí (GO),7945
5212808,Mara Rosa (GO),10414
5212907,Marzagão (GO),2198
5212956,Matrinchã (GO),4500
5213004,Maurilândia (GO),12956
5213053,Mimoso de Goiás (GO),2715
5213087,Minaçu (GO),31031
5213103,Mineiros (GO),60464
5213400,Moiporá (GO),1704
5213509,Monte Alegre de Goiás (GO),8319
5213707,Montes Claros de Goiás (GO),8224
5213756,Montividiu (GO),12101
5213772,Montividiu do Norte (GO),4387
5213806,Morrinhos (GO),44607
5213855,Morro Agudo de Goiás (GO),2369
5213905,Mossâmedes (GO),4817
5214002,Mozarlândia (GO),14752
5214051,Mundo Novo (GO),5914
5214101,Mutunópolis (GO),3917
5214408,Nazário (GO),8641
5214507,Nerópolis (GO),27341
5214606,Niquelândia (GO),45243
5214705,Nova América (GO),2358
5214804,Nova Aurora (GO),2181
5214838,Nova Crixás (GO),12653
5214861,Nova Glória (GO),8575
5214879,Nova Iguaçu de Goiás (GO),2944
5214903,Nova Roma (GO),3470
5215009,Nova Veneza (GO),9105
5215207,Novo Brasil (GO),3341
5215231,Novo Gama (GO),106677
5215256,Novo Planalto (GO),4298
5215306,Orizona (GO),15254
5215405,Ouro Verde de Goiás (GO),4016
5215504,Ouvidor (GO),6142
5215603,Padre Bernardo (GO),31129
5215652,Palestina de Goiás (GO),3499
5215702,Palmeiras de Goiás (GO),26393
5215801,Palmelo (GO),2416
5215900,Palminópolis (GO),3661
5216007,Panamá (GO),2722
5216304,Paranaiguara (GO),9760
5216403,Paraúna (GO),11199
5216452,Perolândia (GO),3105
5216809,Petrolina de Goiás (GO),10547
5216908,Pilar de Goiás (GO),2614
5217104,Piracanjuba (GO),24772
5217203,Piranhas (GO),11164
5217302,Pirenópolis (GO),24444
5217401,Pires do Rio (GO),30703
5217609,Planaltina (GO),87474
5217708,Pontalina (GO),17873
5218003,Porangatu (GO),44798
5218052,Porteirão (GO),3670
5218102,Portelândia (GO),4015
5218300,Posse (GO),34663
5218391,Professor Jamil (GO),3380
5218508,Quirinópolis (GO),47377
5218607,Rialma (GO),10969
5218706,Rianápolis (GO),4788
5218789,Rio Quente (GO),3931
5218805,Rio Verde (GO),207296
5218904,Rubiataba (GO),19832
5219001,Sanclerlândia (GO),7783
5219100,Santa Bárbara de Goiás (GO),6259
5219209,Santa Cruz de Goiás (GO),3095
5219258,Santa Fé de Goiás (GO),5194
5219308,Santa Helena de Goiás (GO),38378
5219357,Santa Isabel (GO),3836
5219407,Santa Rita do Araguaia (GO),7916
5219456,Santa Rita do Novo Destino (GO),3331
5219506,Santa Rosa de Goiás (GO),2722
5219605,Santa Tereza de Goiás (GO),3814
5219704,Santa Terezinha de Goiás (GO),9876
5219712,Santo Antônio da Barra (GO),4714
5219738,Santo Antônio de Goiás (GO),5527
5219753,Santo Antônio do Descoberto (GO),69988
5219803,São Domingos (GO),12307
5219902,São Francisco de Goiás (GO),6341
5220009,São João d'Aliança (GO),12070
5220058,São João da Paraúna (GO),1597
5220108,São Luís de Montes Belos (GO),32491
5220157,São Luiz do Norte (GO),4980
5220207,São Miguel do Araguaia (GO),22728
5220264,São Miguel do Passa Quatro (GO),3987
5220280,São Patrício (GO),2062
5220405,São Simão (GO),19110
5220454,Senador Canedo (GO),100367
5220504,Serranópolis (GO),8147
5220603,Silvânia (GO),20233
5220686,Simolândia (GO),6834
5220702,Sítio d'Abadia (GO),2970
5221007,Taquaral de Goiás (GO),3626
5221080,Teresina de Goiás (GO),3290
5221197,Terezópolis de Goiás (GO),7389
5221304,Três Ranchos (GO),2898
5221403,Trindade (GO),117454
5221452,Trombas (GO),3562
5221502,Turvânia (GO),4857
5221551,Turvelândia (GO),4904
5221577,Uirapuru (GO),2973
5221601,Uruaçu (GO),39483
5221700,Uruana (GO),14190
5221809,Urutaí (GO),3153
5221858,Valparaíso de Goiás (GO),153255
5221908,Varjão (GO),3827
5222005,Vianópolis (GO),13456
5222054,Vicentinópolis (GO),8171
5222203,Vila Boa (GO),5495
5222302,Vila Propício (GO),5578
53,Distrito Federal,2914830
5300108,Brasília (DF),2914830