"ANO","NIVEL","CODMUNRES","TN","TNRC","TNRCR","TGI_15","TGI_15_19","TGI_20_24","TGI_25_29","TGI_30_34","TGI_35_39","TGI_40_44","TGI_45_49","TGI_50","TGIF","IM_P25","IM_P50","IM_P75","IM_MD","IM_DP","EM_S","EM_FI","EM_FII","EM_M","EM_SI","EM_SC","TGRC_B","TGRC_PT","TGRC_A","TGRC_PD","TGRC_I","TGSC","TGCC","TGPRI","TGNPRI","TGU","TGG","TGD_22","TGD_22_27","TGD_28_31","TGD_32_36","TGD_37_41","TGD_42","TGD_PRT","TGD_AT","TGD_PST","DG_P25","DG_P50","DG_P75","DG_MD","DG_DP","TKC_NR","TKC_ID","TKC_IT","TKC_AD","TKC_MAD","TGPRG_S","TGPRG_N","TRAP_C","TRAP_P","TRAP_T","TGROB_1","TGROB_2","TGROB_3","TGROB_4","TGROB_5","TGROB_6","TGROB_7","TGROB_8","TGROB_9","TGROB_10","TNLOC_H","TNLOC_ES","TNLOC_D","TNLOC_O","TNLOC_AI","TRS_M","TRS_F","TRRC_B","TRRC_PT","TRRC_A","TRRC_PD","TRRC_I","TRP_BP","TRP_N","TRP_M","PESO_P25","PESO_P50","PESO_P75","PESO_MD","PESO_DP","TRPIG_P","TRPIG_A","TRPIG_G","TRAC","TRSAC"
2015,"UF","51",56673,0,5213,55485,56673,228,9109,37899,27706,363,10959,4069,48759,NA,NA,NA,25.55,6.34,0,221,0,13889,13228,21416,192,56673,2257,54290,45381,12122,1191,192,1566,46,0,9571,38902,0,51121,5007,147,51121,5007,147,NA,NA,NA,38.43,2.08,56673,0,5213,369,223,55485,2506,2257,54290,45381,56673,228,9109,37899,27706,363,10959,4069,48759,0,1191,12122,1566,192,46,369,223,0,339,9571,38902,0,221,0,13889,2920,3225,3530,3199.12,537.73,13228,21416,0,192,56673
2015,"UF","51",0,3284,48759,1102,0,383,8027,1269,0,55983,4064,8077,1191,NA,NA,NA,25.55,6.34,56673,476,56673,2262,1537,35257,55715,0,220,28962,5726,29110,169,4676,5935,25,0,5147,17415,0,4353,34510,13771,4353,34510,13771,NA,NA,NA,38.43,2.08,0,3284,48759,1927,38180,1102,1115,220,28962,5726,0,383,8027,1269,0,55983,4064,8077,1191,56673,169,29110,5935,4676,25,1927,38180,0,7,5147,17415,0,476,56673,2262,2920,3225,3530,3199.12,537.73,1537,35257,0,55715,0
2015,"UF","51",54290,45381,1191,46,0,339,9571,38902,0,51121,5007,147,56673,NA,NA,NA,25.55,6.34,0,5213,369,223,2506,55485,228,9109,37899,27706,363,4069,10959,0,48759,221,0,13228,21416,0,192,56673,2257,192,56673,2257,NA,NA,NA,38.43,2.08,54290,45381,1191,12122,1566,46,192,37899,27706,363,0,339,9571,38902,0,51121,5007,147,56673,0,10959,4069,48759,0,221,12122,1566,0,13889,13228,21416,0,5213,369,223,2920,3225,3530,3199.12,537.73,2506,55485,56673,228,9109
2015,"UF","51",28962,5726,169,25,0,7,5147,17415,0,4353,34510,13771,0,NA,NA,NA,25.55,6.34,3284,48759,1927,38180,1115,1102,383,8027,1269,0,55983,8077,4064,56673,1191,476,56673,1537,35257,0,55715,0,220,55715,0,220,NA,NA,NA,38.43,2.08,28962,5726,169,29110,5935,25,4676,1269,0,55983,0,7,5147,17415,0,4353,34510,13771,0,3284,4064,8077,1191,56673,476,29110,5935,56673,2262,1537,35257,0,48759,1927,38180,2920,3225,3530,3199.12,537.73,1115,1102,0,383,8027
2015,"UF","51",27706,363,10959,221,0,13889,13228,21416,0,192,56673,2257,54290,NA,NA,NA,25.55,6.34,45381,1191,12122,1566,192,46,339,9571,38902,0,51121,147,5007,0,56673,5213,369,2506,55485,56673,228,9109,37899,228,9109,37899,NA,NA,NA,38.43,2.08,27706,363,10959,4069,48759,221,0,38902,0,51121,0,13889,13228,21416,0,192,56673,2257,54290,45381,5007,147,56673,0,5213,4069,48759,369,223,2506,55485,56673,1191,12122,1566,2920,3225,3530,3199.12,537.73,192,46,0,339,9571
2015,"UF","51",0,55983,4064,476,56673,2262,1537,35257,0,55715,0,220,28962,NA,NA,NA,25.55,6.34,5726,169,29110,5935,4676,25,7,5147,17415,0,4353,13771,34510,3284,0,48759,1927,1115,1102,0,383,8027,1269,383,8027,1269,NA,NA,NA,38.43,2.08,0,55983,4064,8077,1191,476,56673,17415,0,4353,56673,2262,1537,35257,0,55715,0,220,28962,5726,34510,13771,0,3284,48759,8077,1191,1927,38180,1115,1102,0,169,29110,5935,2920,3225,3530,3199.12,537.73,4676,25,0,7,5147
2015,"UF","51",0,51121,5007,5213,369,223,2506,55485,56673,228,9109,37899,27706,NA,NA,NA,25.55,6.34,363,10959,4069,48759,0,221,13889,13228,21416,0,192,2257,56673,45381,54290,1191,12122,192,46,0,339,9571,38902,339,9571,38902,NA,NA,NA,38.43,2.08,0,51121,5007,147,56673,5213,0,21416,0,192,369,223,2506,55485,56673,228,9109,37899,27706,363,56673,2257,54290,45381,1191,147,56673,12122,1566,192,46,0,10959,4069,48759,2920,3225,3530,3199.12,537.73,0,221,0,13889,13228
2015,"UF","51",0,4353,34510,48759,1927,38180,1115,1102,0,383,8027,1269,0,NA,NA,NA,25.55,6.34,55983,4064,8077,1191,56673,476,2262,1537,35257,0,55715,220,0,5726,28962,169,29110,4676,25,0,7,5147,17415,7,5147,17415,NA,NA,NA,38.43,2.08,0,4353,34510,13771,0,48759,3284,35257,0,55715,1927,38180,1115,1102,0,383,8027,1269,0,55983,0,220,28962,5726,169,13771,0,29110,5935,4676,25,0,4064,8077,1191,2920,3225,3530,3199.12,537.73,56673,476,56673,2262,1537
2015,"UF","51",0,192,56673,1191,12122,1566,192,46,0,339,9571,38902,0,NA,NA,NA,25.55,6.34,51121,5007,147,56673,0,5213,223,2506,55485,56673,228,37899,9109,363,27706,10959,4069,0,221,0,13889,13228,21416,13889,13228,21416,NA,NA,NA,38.43,2.08,0,192,56673,2257,54290,1191,45381,55485,56673,228,12122,1566,192,46,0,339,9571,38902,0,51121,9109,37899,27706,363,10959,2257,54290,4069,48759,0,221,0,5007,147,56673,2920,3225,3530,3199.12,537.73,0,5213,369,223,2506
2015,"UF","51",0,55715,0,169,29110,5935,4676,25,0,7,5147,17415,0,NA,NA,NA,25.55,6.34,4353,34510,13771,0,3284,48759,38180,1115,1102,0,383,1269,8027,55983,0,4064,8077,56673,476,56673,2262,1537,35257,2262,1537,35257,NA,NA,NA,38.43,2.08,0,55715,0,220,28962,169,5726,1102,0,383,29110,5935,4676,25,0,7,5147,17415,0,4353,8027,1269,0,55983,4064,220,28962,8077,1191,56673,476,56673,34510,13771,0,2920,3225,3530,3199.12,537.73,3284,48759,1927,38180,1115
2015,"UF","51",56673,228,9109,10959,4069,48759,0,221,0,13889,13228,21416,0,NA,NA,NA,25.55,6.34,192,56673,2257,54290,45381,1191,1566,192,46,0,339,38902,9571,51121,0,5007,147,0,5213,369,223,2506,55485,223,2506,55485,NA,NA,NA,38.43,2.08,56673,228,9109,37899,27706,10959,363,46,0,339,4069,48759,0,221,0,13889,13228,21416,0,192,9571,38902,0,51121,5007,37899,27706,147,56673,0,5213,369,56673,2257,54290,2920,3225,3530,3199.12,537.73,45381,1191,12122,1566,192
2015,"UF","51",0,383,8027,4064,8077,1191,56673,476,56673,2262,1537,35257,0,NA,NA,NA,25.55,6.34,55715,0,220,28962,5726,169,5935,4676,25,0,7,17415,5147,4353,0,34510,13771,3284,48759,1927,38180,1115,1102,38180,1115,1102,NA,NA,NA,38.43,2.08,0,383,8027,1269,0,4064,55983,25,0,7,8077,1191,56673,476,56673,2262,1537,35257,0,55715,5147,17415,0,4353,34510,1269,0,13771,0,3284,48759,1927,0,220,28962,2920,3225,3530,3199.12,537.73,5726,169,29110,5935,4676
2015,"UF","51",0,339,9571,5007,147,56673,0,5213,369,223,2506,55485,56673,NA,NA,NA,25.55,6.34,228,9109,37899,27706,363,10959,48759,0,221,0,13889,21416,13228,192,0,56673,2257,45381,1191,12122,1566,192,46,1566,192,46,NA,NA,NA,38.43,2.08,0,339,9571,38902,0,5007,51121,221,0,13889,147,56673,0,5213,369,223,2506,55485,56673,228,13228,21416,0,192,56673,38902,0,2257,54290,45381,1191,12122,9109,37899,27706,2920,3225,3530,3199.12,537.73,363,10959,4069,48759,0
2015,"UF","51",0,7,5147,34510,13771,0,3284,48759,1927,38180,1115,1102,0,NA,NA,NA,25.55,6.34,383,8027,1269,0,55983,4064,1191,56673,476,56673,2262,35257,1537,55715,0,0,220,5726,169,29110,5935,4676,25,5935,4676,25,NA,NA,NA,38.43,2.08,0,7,5147,17415,0,34510,4353,476,56673,2262,13771,0,3284,48759,1927,38180,1115,1102,0,383,1537,35257,0,55715,0,17415,0,220,28962,5726,169,29110,8027,1269,0,2920,3225,3530,3199.12,537.73,55983,4064,8077,1191,56673
2015,"UF","51",0,13889,13228,56673,2257,54290,45381,1191,12122,1566,192,46,0,NA,NA,NA,25.55,6.34,339,9571,38902,0,51121,5007,56673,0,5213,369,223,55485,2506,228,56673,9109,37899,363,10959,4069,48759,0,221,48759,0,221,NA,NA,NA,38.43,2.08,0,13889,13228,21416,0,56673,192,5213,369,223,2257,54290,45381,1191,12122,1566,192,46,0,339,2506,55485,56673,228,9109,21416,0,37899,27706,363,10959,4069,9571,38902,0,2920,3225,3530,3199.12,537.73,51121,5007,147,56673,0
2015,"UF","51",56673,2262,1537,0,220,28962,5726,169,29110,5935,4676,25,0,NA,NA,NA,25.55,6.34,7,5147,17415,0,4353,34510,0,3284,48759,1927,38180,1102,1115,383,0,8027,1269,55983,4064,8077,1191,56673,476,1191,56673,476,NA,NA,NA,38.43,2.08,56673,2262,1537,35257,0,0,55715,48759,1927,38180,220,28962,5726,169,29110,5935,4676,25,0,7,1115,1102,0,383,8027,35257,0,1269,0,55983,4064,8077,5147,17415,0,2920,3225,3530,3199.12,537.73,4353,34510,13771,0,3284
2015,"UF","51",369,223,2506,9109,37899,27706,363,10959,4069,48759,0,221,0,NA,NA,NA,25.55,6.34,13889,13228,21416,0,192,56673,54290,45381,1191,12122,1566,46,192,339,0,9571,38902,51121,5007,147,56673,0,5213,56673,0,5213,NA,NA,NA,38.43,2.08,369,223,2506,55485,56673,9109,228,1191,12122,1566,37899,27706,363,10959,4069,48759,0,221,0,13889,192,46,0,339,9571,55485,56673,38902,0,51121,5007,147,13228,21416,0,2920,3225,3530,3199.12,537.73,192,56673,2257,54290,45381
2015,"UF","51",1927,38180,1115,8027,1269,0,55983,4064,8077,1191,56673,476,56673,NA,NA,NA,25.55,6.34,2262,1537,35257,0,55715,0,28962,5726,169,29110,5935,25,4676,7,0,5147,17415,4353,34510,13771,0,3284,48759,0,3284,48759,NA,NA,NA,38.43,2.08,1927,38180,1115,1102,0,8027,383,169,29110,5935,1269,0,55983,4064,8077,1191,56673,476,56673,2262,4676,25,0,7,5147,1102,0,17415,0,4353,34510,13771,1537,35257,0,2920,3225,3530,3199.12,537.73,55715,0,220,28962,5726
2015,"UF","51",12122,1566,192,9571,38902,0,51121,5007,147,56673,0,5213,369,NA,NA,NA,25.55,6.34,223,2506,55485,56673,228,9109,27706,363,10959,4069,48759,221,0,13889,0,13228,21416,192,56673,2257,54290,45381,1191,54290,45381,1191,NA,NA,NA,38.43,2.08,12122,1566,192,46,0,9571,339,10959,4069,48759,38902,0,51121,5007,147,56673,0,5213,369,223,0,221,0,13889,13228,46,0,21416,0,192,56673,2257,2506,55485,56673,2920,3225,3530,3199.12,537.73,228,9109,37899,27706,363
2015,"UF","51",29110,5935,4676,5147,17415,0,4353,34510,13771,0,3284,48759,1927,NA,NA,NA,25.55,6.34,38180,1115,1102,0,383,8027,0,55983,4064,8077,1191,476,56673,2262,56673,1537,35257,55715,0,220,28962,5726,169,28962,5726,169,NA,NA,NA,38.43,2.08,29110,5935,4676,25,0,5147,7,4064,8077,1191,17415,0,4353,34510,13771,0,3284,48759,1927,38180,56673,476,56673,2262,1537,25,0,35257,0,55715,0,220,1115,1102,0,2920,3225,3530,3199.12,537.73,383,8027,1269,0,55983
2015,"UF","51",4069,48759,0,13228,21416,0,192,56673,2257,54290,45381,1191,12122,NA,NA,NA,25.55,6.34,1566,192,46,0,339,9571,0,51121,5007,147,56673,5213,0,223,369,2506,55485,228,9109,37899,27706,363,10959,27706,363,10959,NA,NA,NA,38.43,2.08,4069,48759,0,221,0,13228,13889,5007,147,56673,21416,0,192,56673,2257,54290,45381,1191,12122,1566,0,5213,369,223,2506,221,0,55485,56673,228,9109,37899,192,46,0,2920,3225,3530,3199.12,537.73,339,9571,38902,0,51121
2015,"UF","51",8077,1191,56673,1537,35257,0,55715,0,220,28962,5726,169,29110,NA,NA,NA,25.55,6.34,5935,4676,25,0,7,5147,0,4353,34510,13771,0,48759,3284,38180,1927,1115,1102,383,8027,1269,0,55983,4064,0,55983,4064,NA,NA,NA,38.43,2.08,8077,1191,56673,476,56673,1537,2262,34510,13771,0,35257,0,55715,0,220,28962,5726,169,29110,5935,3284,48759,1927,38180,1115,476,56673,1102,0,383,8027,1269,4676,25,0,2920,3225,3530,3199.12,537.73,7,5147,17415,0,4353
2015,"UF","51",147,56673,0,2506,55485,56673,228,9109,37899,27706,363,10959,4069,NA,NA,NA,25.55,6.34,48759,0,221,0,13889,13228,0,192,56673,2257,54290,1191,45381,1566,12122,192,46,339,9571,38902,0,51121,5007,0,51121,5007,NA,NA,NA,38.43,2.08,147,56673,0,5213,369,2506,223,56673,2257,54290,55485,56673,228,9109,37899,27706,363,10959,4069,48759,45381,1191,12122,1566,192,5213,369,46,0,339,9571,38902,0,221,0,2920,3225,3530,3199.12,537.73,13889,13228,21416,0,192
2015,"UF","51",13771,0,3284,1115,1102,0,383,8027,1269,0,55983,4064,8077,NA,NA,NA,25.55,6.34,1191,56673,476,56673,2262,1537,0,55715,0,220,28962,169,5726,5935,29110,4676,25,7,5147,17415,0,4353,34510,0,4353,34510,NA,NA,NA,38.43,2.08,13771,0,3284,48759,1927,1115,38180,0,220,28962,1102,0,383,8027,1269,0,55983,4064,8077,1191,5726,169,29110,5935,4676,48759,1927,25,0,7,5147,17415,56673,476,56673,2920,3225,3530,3199.12,537.73,2262,1537,35257,0,55715
2015,"UF","51",2257,54290,45381,192,46,0,339,9571,38902,0,51121,5007,147,NA,NA,NA,25.55,6.34,56673,0,5213,369,223,2506,56673,228,9109,37899,27706,10959,363,48759,4069,0,221,13889,13228,21416,0,192,56673,0,192,56673,NA,NA,NA,38.43,2.08,2257,54290,45381,1191,12122,192,1566,9109,37899,27706,46,0,339,9571,38902,0,51121,5007,147,56673,363,10959,4069,48759,0,1191,12122,221,0,13889,13228,21416,0,5213,369,2920,3225,3530,3199.12,537.73,223,2506,55485,56673,228
2015,"UF","51",220,28962,5726,4676,25,0,7,5147,17415,0,4353,34510,13771,NA,NA,NA,25.55,6.34,0,3284,48759,1927,38180,1115,0,383,8027,1269,0,4064,55983,1191,8077,56673,476,2262,1537,35257,0,55715,0,0,55715,0,NA,NA,NA,38.43,2.08,220,28962,5726,169,29110,4676,5935,8027,1269,0,25,0,7,5147,17415,0,4353,34510,13771,0,55983,4064,8077,1191,56673,169,29110,476,56673,2262,1537,35257,3284,48759,1927,2920,3225,3530,3199.12,537.73,38180,1115,1102,0,383
2015,"UF","51",37899,27706,363,0,221,0,13889,13228,21416,0,192,56673,2257,NA,NA,NA,25.55,6.34,54290,45381,1191,12122,1566,192,0,339,9571,38902,0,5007,51121,56673,147,0,5213,223,2506,55485,56673,228,9109,56673,228,9109,NA,NA,NA,38.43,2.08,37899,27706,363,10959,4069,0,48759,9571,38902,0,221,0,13889,13228,21416,0,192,56673,2257,54290,51121,5007,147,56673,0,10959,4069,5213,369,223,2506,55485,45381,1191,12122,2920,3225,3530,3199.12,537.73,1566,192,46,0,339
2015,"UF","51",1269,0,55983,56673,476,56673,2262,1537,35257,0,55715,0,220,NA,NA,NA,25.55,6.34,28962,5726,169,29110,5935,4676,0,7,5147,17415,0,34510,4353,0,13771,3284,48759,38180,1115,1102,0,383,8027,0,383,8027,NA,NA,NA,38.43,2.08,1269,0,55983,4064,8077,56673,1191,5147,17415,0,476,56673,2262,1537,35257,0,55715,0,220,28962,4353,34510,13771,0,3284,4064,8077,48759,1927,38180,1115,1102,5726,169,29110,2920,3225,3530,3199.12,537.73,5935,4676,25,0,7
2015,"UF","51",38902,0,51121,0,5213,369,223,2506,55485,56673,228,9109,37899,NA,NA,NA,25.55,6.34,27706,363,10959,4069,48759,0,0,13889,13228,21416,0,56673,192,54290,2257,45381,1191,1566,192,46,0,339,9571,0,339,9571,NA,NA,NA,38.43,2.08,38902,0,51121,5007,147,0,56673,13228,21416,0,5213,369,223,2506,55485,56673,228,9109,37899,27706,192,56673,2257,54290,45381,5007,147,1191,12122,1566,192,46,363,10959,4069,2920,3225,3530,3199.12,537.73,48759,0,221,0,13889
2015,"UF","51",17415,0,4353,3284,48759,1927,38180,1115,1102,0,383,8027,1269,NA,NA,NA,25.55,6.34,0,55983,4064,8077,1191,56673,56673,2262,1537,35257,0,0,55715,28962,220,5726,169,5935,4676,25,0,7,5147,0,7,5147,NA,NA,NA,38.43,2.08,17415,0,4353,34510,13771,3284,0,1537,35257,0,48759,1927,38180,1115,1102,0,383,8027,1269,0,55715,0,220,28962,5726,34510,13771,169,29110,5935,4676,25,55983,4064,8077,2920,3225,3530,3199.12,537.73,1191,56673,476,56673,2262
2015,"UF","51",21416,0,192,45381,1191,12122,1566,192,46,0,339,9571,38902,NA,NA,NA,25.55,6.34,0,51121,5007,147,56673,0,369,223,2506,55485,56673,9109,228,27706,37899,363,10959,48759,0,221,0,13889,13228,0,13889,13228,NA,NA,NA,38.43,2.08,21416,0,192,56673,2257,45381,54290,2506,55485,56673,1191,12122,1566,192,46,0,339,9571,38902,0,228,9109,37899,27706,363,56673,2257,10959,4069,48759,0,221,51121,5007,147,2920,3225,3530,3199.12,537.73,56673,0,5213,369,223
2015,"UF","51",35257,0,55715,5726,169,29110,5935,4676,25,0,7,5147,17415,NA,NA,NA,25.55,6.34,0,4353,34510,13771,0,3284,1927,38180,1115,1102,0,8027,383,0,1269,55983,4064,1191,56673,476,56673,2262,1537,56673,2262,1537,NA,NA,NA,38.43,2.08,35257,0,55715,0,220,5726,28962,1115,1102,0,169,29110,5935,4676,25,0,7,5147,17415,0,383,8027,1269,0,55983,0,220,4064,8077,1191,56673,476,4353,34510,13771,2920,3225,3530,3199.12,537.73,0,3284,48759,1927,38180
2015,"UF","51",55485,56673,228,363,10959,4069,48759,0,221,0,13889,13228,21416,NA,NA,NA,25.55,6.34,0,192,56673,2257,54290,45381,12122,1566,192,46,0,9571,339,0,38902,51121,5007,56673,0,5213,369,223,2506,369,223,2506,NA,NA,NA,38.43,2.08,55485,56673,228,9109,37899,363,27706,192,46,0,10959,4069,48759,0,221,0,13889,13228,21416,0,339,9571,38902,0,51121,9109,37899,5007,147,56673,0,5213,192,56673,2257,2920,3225,3530,3199.12,537.73,54290,45381,1191,12122,1566
2015,"UF","51",1102,0,383,55983,4064,8077,1191,56673,476,56673,2262,1537,35257,NA,NA,NA,25.55,6.34,0,55715,0,220,28962,5726,29110,5935,4676,25,0,5147,7,0,17415,4353,34510,0,3284,48759,1927,38180,1115,1927,38180,1115,NA,NA,NA,38.43,2.08,1102,0,383,8027,1269,55983,0,4676,25,0,4064,8077,1191,56673,476,56673,2262,1537,35257,0,7,5147,17415,0,4353,8027,1269,34510,13771,0,3284,48759,55715,0,220,2920,3225,3530,3199.12,537.73,28962,5726,169,29110,5935
2015,"UF","51",46,0,339,51121,5007,147,56673,0,5213,369,223,2506,55485,NA,NA,NA,25.55,6.34,56673,228,9109,37899,27706,363,4069,48759,0,221,0,13228,13889,0,21416,192,56673,54290,45381,1191,12122,1566,192,12122,1566,192,NA,NA,NA,38.43,2.08,46,0,339,9571,38902,51121,0,0,221,0,5007,147,56673,0,5213,369,223,2506,55485,56673,13889,13228,21416,0,192,9571,38902,56673,2257,54290,45381,1191,228,9109,37899,2920,3225,3530,3199.12,537.73,27706,363,10959,4069,48759
2015,"UF","51",25,0,7,4353,34510,13771,0,3284,48759,1927,38180,1115,1102,NA,NA,NA,25.55,6.34,0,383,8027,1269,0,55983,8077,1191,56673,476,56673,1537,2262,0,35257,55715,0,28962,5726,169,29110,5935,4676,29110,5935,4676,NA,NA,NA,38.43,2.08,25,0,7,5147,17415,4353,0,56673,476,56673,34510,13771,0,3284,48759,1927,38180,1115,1102,0,2262,1537,35257,0,55715,5147,17415,0,220,28962,5726,169,383,8027,1269,2920,3225,3530,3199.12,537.73,0,55983,4064,8077,1191
2015,"UF","51",221,0,13889,192,56673,2257,54290,45381,1191,12122,1566,192,46,NA,NA,NA,25.55,6.34,0,339,9571,38902,0,51121,147,56673,0,5213,369,2506,223,56673,55485,228,9109,27706,363,10959,4069,48759,0,4069,48759,0,NA,NA,NA,38.43,2.08,221,0,13889,13228,21416,192,0,0,5213,369,56673,2257,54290,45381,1191,12122,1566,192,46,0,223,2506,55485,56673,228,13228,21416,9109,37899,27706,363,10959,339,9571,38902,2920,3225,3530,3199.12,537.73,0,51121,5007,147,56673
2015,"UF","51",476,56673,2262,55715,0,220,28962,5726,169,29110,5935,4676,25,NA,NA,NA,25.55,6.34,0,7,5147,17415,0,4353,13771,0,3284,48759,1927,1115,38180,0,1102,383,8027,0,55983,4064,8077,1191,56673,8077,1191,56673,NA,NA,NA,38.43,2.08,476,56673,2262,1537,35257,55715,0,3284,48759,1927,0,220,28962,5726,169,29110,5935,4676,25,0,38180,1115,1102,0,383,1537,35257,8027,1269,0,55983,4064,7,5147,17415,2920,3225,3530,3199.12,537.73,0,4353,34510,13771,0
2015,"UF","51",5213,369,223,228,9109,37899,27706,363,10959,4069,48759,0,221,NA,NA,NA,25.55,6.34,0,13889,13228,21416,0,192,2257,54290,45381,1191,12122,192,1566,0,46,339,9571,0,51121,5007,147,56673,0,147,56673,0,NA,NA,NA,38.43,2.08,5213,369,223,2506,55485,228,56673,45381,1191,12122,9109,37899,27706,363,10959,4069,48759,0,221,0,1566,192,46,0,339,2506,55485,9571,38902,0,51121,5007,13889,13228,21416,2920,3225,3530,3199.12,537.73,0,192,56673,2257,54290
2015,"UF","51",48759,1927,38180,383,8027,1269,0,55983,4064,8077,1191,56673,476,NA,NA,NA,25.55,6.34,56673,2262,1537,35257,0,55715,220,28962,5726,169,29110,4676,5935,0,25,7,5147,0,4353,34510,13771,0,3284,13771,0,3284,NA,NA,NA,38.43,2.08,48759,1927,38180,1115,1102,383,0,5726,169,29110,8027,1269,0,55983,4064,8077,1191,56673,476,56673,5935,4676,25,0,7,1115,1102,5147,17415,0,4353,34510,2262,1537,35257,2920,3225,3530,3199.12,537.73,0,55715,0,220,28962
2015,"UF","51",1191,12122,1566,339,9571,38902,0,51121,5007,147,56673,0,5213,NA,NA,NA,25.55,6.34,369,223,2506,55485,56673,228,37899,27706,363,10959,4069,0,48759,0,221,13889,13228,0,192,56673,2257,54290,45381,2257,54290,45381,NA,NA,NA,38.43,2.08,1191,12122,1566,192,46,339,0,363,10959,4069,9571,38902,0,51121,5007,147,56673,0,5213,369,48759,0,221,0,13889,192,46,13228,21416,0,192,56673,223,2506,55485,2920,3225,3530,3199.12,537.73,56673,228,9109,37899,27706
2015,"UF","51",169,29110,5935,7,5147,17415,0,4353,34510,13771,0,3284,48759,NA,NA,NA,25.55,6.34,1927,38180,1115,1102,0,383,1269,0,55983,4064,8077,56673,1191,56673,476,2262,1537,0,55715,0,220,28962,5726,220,28962,5726,NA,NA,NA,38.43,2.08,169,29110,5935,4676,25,7,0,55983,4064,8077,5147,17415,0,4353,34510,13771,0,3284,48759,1927,1191,56673,476,56673,2262,4676,25,1537,35257,0,55715,0,38180,1115,1102,2920,3225,3530,3199.12,537.73,0,383,8027,1269,0
2015,"UF","51",10959,4069,48759,13889,13228,21416,0,192,56673,2257,54290,45381,1191,NA,NA,NA,25.55,6.34,12122,1566,192,46,0,339,38902,0,51121,5007,147,0,56673,369,5213,223,2506,56673,228,9109,37899,27706,363,37899,27706,363,NA,NA,NA,38.43,2.08,10959,4069,48759,0,221,13889,0,51121,5007,147,13228,21416,0,192,56673,2257,54290,45381,1191,12122,56673,0,5213,369,223,0,221,2506,55485,56673,228,9109,1566,192,46,2920,3225,3530,3199.12,537.73,0,339,9571,38902,0
2015,"UF","51",4064,8077,1191,2262,1537,35257,0,55715,0,220,28962,5726,169,NA,NA,NA,25.55,6.34,29110,5935,4676,25,0,7,17415,0,4353,34510,13771,3284,0,1927,48759,38180,1115,0,383,8027,1269,0,55983,1269,0,55983,NA,NA,NA,38.43,2.08,4064,8077,1191,56673,476,2262,56673,4353,34510,13771,1537,35257,0,55715,0,220,28962,5726,169,29110,0,3284,48759,1927,38180,56673,476,1115,1102,0,383,8027,5935,4676,25,2920,3225,3530,3199.12,537.73,0,7,5147,17415,0
2015,"UF","51",5007,147,56673,223,2506,55485,56673,228,9109,37899,27706,363,10959,NA,NA,NA,25.55,6.34,4069,48759,0,221,0,13889,21416,0,192,56673,2257,45381,54290,12122,1191,1566,192,0,339,9571,38902,0,51121,38902,0,51121,NA,NA,NA,38.43,2.08,5007,147,56673,0,5213,223,369,192,56673,2257,2506,55485,56673,228,9109,37899,27706,363,10959,4069,54290,45381,1191,12122,1566,0,5213,192,46,0,339,9571,48759,0,221,2920,3225,3530,3199.12,537.73,0,13889,13228,21416,0
2015,"UF","51",34510,13771,0,38180,1115,1102,0,383,8027,1269,0,55983,4064,NA,NA,NA,25.55,6.34,8077,1191,56673,476,56673,2262,35257,0,55715,0,220,5726,28962,29110,169,5935,4676,0,7,5147,17415,0,4353,17415,0,4353,NA,NA,NA,38.43,2.08,34510,13771,0,3284,48759,38180,1927,55715,0,220,1115,1102,0,383,8027,1269,0,55983,4064,8077,28962,5726,169,29110,5935,3284,48759,4676,25,0,7,5147,1191,56673,476,2920,3225,3530,3199.12,537.73,56673,2262,1537,35257,0
2015,"UF","51",56673,2257,54290,1566,192,46,0,339,9571,38902,0,51121,5007,NA,NA,NA,25.55,6.34,147,56673,0,5213,369,223,55485,56673,228,9109,37899,363,27706,4069,10959,48759,0,0,13889,13228,21416,0,192,21416,0,192,NA,NA,NA,38.43,2.08,56673,2257,54290,45381,1191,1566,12122,228,9109,37899,192,46,0,339,9571,38902,0,51121,5007,147,27706,363,10959,4069,48759,45381,1191,0,221,0,13889,13228,56673,0,5213,2920,3225,3530,3199.12,537.73,369,223,2506,55485,56673
2015,"UF","51",0,220,28962,5935,4676,25,0,7,5147,17415,0,4353,34510,NA,NA,NA,25.55,6.34,13771,0,3284,48759,1927,38180,1102,0,383,8027,1269,55983,0,8077,4064,1191,56673,56673,2262,1537,35257,0,55715,35257,0,55715,NA,NA,NA,38.43,2.08,0,220,28962,5726,169,5935,29110,383,8027,1269,4676,25,0,7,5147,17415,0,4353,34510,13771,0,55983,4064,8077,1191,5726,169,56673,476,56673,2262,1537,0,3284,48759,2920,3225,3530,3199.12,537.73,1927,38180,1115,1102,0
2015,"UF","51",9109,37899,27706,48759,0,221,0,13889,13228,21416,0,192,56673,NA,NA,NA,25.55,6.34,2257,54290,45381,1191,12122,1566,46,0,339,9571,38902,51121,0,147,5007,56673,0,369,223,2506,55485,56673,228,55485,56673,228,NA,NA,NA,38.43,2.08,9109,37899,27706,363,10959,48759,4069,339,9571,38902,0,221,0,13889,13228,21416,0,192,56673,2257,0,51121,5007,147,56673,363,10959,0,5213,369,223,2506,54290,45381,1191,2920,3225,3530,3199.12,537.73,12122,1566,192,46,0
2015,"UF","51",8027,1269,0,1191,56673,476,56673,2262,1537,35257,0,55715,0,NA,NA,NA,25.55,6.34,220,28962,5726,169,29110,5935,25,0,7,5147,17415,4353,0,13771,34510,0,3284,1927,38180,1115,1102,0,383,1102,0,383,NA,NA,NA,38.43,2.08,8027,1269,0,55983,4064,1191,8077,7,5147,17415,56673,476,56673,2262,1537,35257,0,55715,0,220,0,4353,34510,13771,0,55983,4064,3284,48759,1927,38180,1115,28962,5726,169,2920,3225,3530,3199.12,537.73,29110,5935,4676,25,0
2015,"UF","51",9571,38902,0,56673,0,5213,369,223,2506,55485,56673,228,9109,NA,NA,NA,25.55,6.34,37899,27706,363,10959,4069,48759,221,0,13889,13228,21416,192,0,2257,56673,54290,45381,12122,1566,192,46,0,339,46,0,339,NA,NA,NA,38.43,2.08,9571,38902,0,51121,5007,56673,147,13889,13228,21416,0,5213,369,223,2506,55485,56673,228,9109,37899,0,192,56673,2257,54290,51121,5007,45381,1191,12122,1566,192,27706,363,10959,2920,3225,3530,3199.12,537.73,4069,48759,0,221,0
2015,"UF","51",5147,17415,0,0,3284,48759,1927,38180,1115,1102,0,383,8027,NA,NA,NA,25.55,6.34,1269,0,55983,4064,8077,1191,476,56673,2262,1537,35257,55715,0,220,0,28962,5726,29110,5935,4676,25,0,7,25,0,7,NA,NA,NA,38.43,2.08,5147,17415,0,4353,34510,0,13771,2262,1537,35257,3284,48759,1927,38180,1115,1102,0,383,8027,1269,0,55715,0,220,28962,4353,34510,5726,169,29110,5935,4676,0,55983,4064,2920,3225,3530,3199.12,537.73,8077,1191,56673,476,56673
2015,"UF","51",13228,21416,0,54290,45381,1191,12122,1566,192,46,0,339,9571,NA,NA,NA,25.55,6.34,38902,0,51121,5007,147,56673,5213,369,223,2506,55485,228,56673,37899,9109,27706,363,4069,48759,0,221,0,13889,221,0,13889,NA,NA,NA,38.43,2.08,13228,21416,0,192,56673,54290,2257,223,2506,55485,45381,1191,12122,1566,192,46,0,339,9571,38902,56673,228,9109,37899,27706,192,56673,363,10959,4069,48759,0,0,51121,5007,2920,3225,3530,3199.12,537.73,147,56673,0,5213,369
2015,"UF","51",1537,35257,0,28962,5726,169,29110,5935,4676,25,0,7,5147,NA,NA,NA,25.55,6.34,17415,0,4353,34510,13771,0,48759,1927,38180,1115,1102,383,0,1269,8027,0,55983,8077,1191,56673,476,56673,2262,476,56673,2262,NA,NA,NA,38.43,2.08,1537,35257,0,55715,0,28962,220,38180,1115,1102,5726,169,29110,5935,4676,25,0,7,5147,17415,0,383,8027,1269,0,55715,0,55983,4064,8077,1191,56673,0,4353,34510,2920,3225,3530,3199.12,537.73,13771,0,3284,48759,1927
2015,"UF","51",2506,55485,56673,27706,363,10959,4069,48759,0,221,0,13889,13228,NA,NA,NA,25.55,6.34,21416,0,192,56673,2257,54290,1191,12122,1566,192,46,339,0,38902,9571,0,51121,147,56673,0,5213,369,223,5213,369,223,NA,NA,NA,38.43,2.08,2506,55485,56673,228,9109,27706,37899,1566,192,46,363,10959,4069,48759,0,221,0,13889,13228,21416,0,339,9571,38902,0,228,9109,51121,5007,147,56673,0,0,192,56673,2920,3225,3530,3199.12,537.73,2257,54290,45381,1191,12122
2015,"UF","51",1115,1102,0,0,55983,4064,8077,1191,56673,476,56673,2262,1537,NA,NA,NA,25.55,6.34,35257,0,55715,0,220,28962,169,29110,5935,4676,25,7,0,17415,5147,0,4353,13771,0,3284,48759,1927,38180,48759,1927,38180,NA,NA,NA,38.43,2.08,1115,1102,0,383,8027,0,1269,5935,4676,25,55983,4064,8077,1191,56673,476,56673,2262,1537,35257,0,7,5147,17415,0,383,8027,4353,34510,13771,0,3284,0,55715,0,2920,3225,3530,3199.12,537.73,220,28962,5726,169,29110
2015,"UF","51",192,46,0,0,51121,5007,147,56673,0,5213,369,223,2506,NA,NA,NA,25.55,6.34,55485,56673,228,9109,37899,27706,10959,4069,48759,0,221,13889,0,21416,13228,0,192,2257,54290,45381,1191,12122,1566,1191,12122,1566,NA,NA,NA,38.43,2.08,192,46,0,339,9571,0,38902,48759,0,221,51121,5007,147,56673,0,5213,369,223,2506,55485,0,13889,13228,21416,0,339,9571,192,56673,2257,54290,45381,56673,228,9109,2920,3225,3530,3199.12,537.73,37899,27706,363,10959,4069
2015,"UF","51",4676,25,0,0,4353,34510,13771,0,3284,48759,1927,38180,1115,NA,NA,NA,25.55,6.34,1102,0,383,8027,1269,0,4064,8077,1191,56673,476,2262,56673,35257,1537,0,55715,220,28962,5726,169,29110,5935,169,29110,5935,NA,NA,NA,38.43,2.08,4676,25,0,7,5147,0,17415,1191,56673,476,4353,34510,13771,0,3284,48759,1927,38180,1115,1102,56673,2262,1537,35257,0,7,5147,55715,0,220,28962,5726,0,383,8027,2920,3225,3530,3199.12,537.73,1269,0,55983,4064,8077
2015,"UF","51",0,221,0,0,192,56673,2257,54290,45381,1191,12122,1566,192,NA,NA,NA,25.55,6.34,46,0,339,9571,38902,0,5007,147,56673,0,5213,223,369,55485,2506,56673,228,37899,27706,363,10959,4069,48759,10959,4069,48759,NA,NA,NA,38.43,2.08,0,221,0,13889,13228,0,21416,56673,0,5213,192,56673,2257,54290,45381,1191,12122,1566,192,46,369,223,2506,55485,56673,13889,13228,228,9109,37899,27706,363,0,339,9571,2920,3225,3530,3199.12,537.73,38902,0,51121,5007,147
2015,"UF","51",56673,476,56673,0,55715,0,220,28962,5726,169,29110,5935,4676,NA,NA,NA,25.55,6.34,25,0,7,5147,17415,0,34510,13771,0,3284,48759,38180,1927,1102,1115,0,383,1269,0,55983,4064,8077,1191,4064,8077,1191,NA,NA,NA,38.43,2.08,56673,476,56673,2262,1537,0,35257,0,3284,48759,55715,0,220,28962,5726,169,29110,5935,4676,25,1927,38180,1115,1102,0,2262,1537,383,8027,1269,0,55983,0,7,5147,2920,3225,3530,3199.12,537.73,17415,0,4353,34510,13771
2015,"UF","51",0,5213,369,56673,228,9109,37899,27706,363,10959,4069,48759,0,NA,NA,NA,25.55,6.34,221,0,13889,13228,21416,0,56673,2257,54290,45381,1191,1566,12122,46,192,0,339,38902,0,51121,5007,147,56673,5007,147,56673,NA,NA,NA,38.43,2.08,0,5213,369,223,2506,56673,55485,54290,45381,1191,228,9109,37899,27706,363,10959,4069,48759,0,221,12122,1566,192,46,0,223,2506,339,9571,38902,0,51121,0,13889,13228,2920,3225,3530,3199.12,537.73,21416,0,192,56673,2257
2015,"UF","51",3284,48759,1927,0,383,8027,1269,0,55983,4064,8077,1191,56673,NA,NA,NA,25.55,6.34,476,56673,2262,1537,35257,0,0,220,28962,5726,169,5935,29110,25,4676,0,7,17415,0,4353,34510,13771,0,34510,13771,0,NA,NA,NA,38.43,2.08,3284,48759,1927,38180,1115,0,1102,28962,5726,169,383,8027,1269,0,55983,4064,8077,1191,56673,476,29110,5935,4676,25,0,38180,1115,7,5147,17415,0,4353,56673,2262,1537,2920,3225,3530,3199.12,537.73,35257,0,55715,0,220
2015,"UF","51",45381,1191,12122,0,339,9571,38902,0,51121,5007,147,56673,0,NA,NA,NA,25.55,6.34,5213,369,223,2506,55485,56673,9109,37899,27706,363,10959,48759,4069,221,0,0,13889,21416,0,192,56673,2257,54290,56673,2257,54290,NA,NA,NA,38.43,2.08,45381,1191,12122,1566,192,0,46,27706,363,10959,339,9571,38902,0,51121,5007,147,56673,0,5213,4069,48759,0,221,0,1566,192,13889,13228,21416,0,192,369,223,2506,2920,3225,3530,3199.12,537.73,55485,56673,228,9109,37899
2015,"UF","51",5726,169,29110,0,7,5147,17415,0,4353,34510,13771,0,3284,NA,NA,NA,25.55,6.34,48759,1927,38180,1115,1102,0,8027,1269,0,55983,4064,1191,8077,476,56673,56673,2262,35257,0,55715,0,220,28962,0,220,28962,NA,NA,NA,38.43,2.08,5726,169,29110,5935,4676,0,25,0,55983,4064,7,5147,17415,0,4353,34510,13771,0,3284,48759,8077,1191,56673,476,56673,5935,4676,2262,1537,35257,0,55715,1927,38180,1115,2920,3225,3530,3199.12,537.73,1102,0,383,8027,1269
2015,"UF","51",363,10959,4069,0,13889,13228,21416,0,192,56673,2257,54290,45381,NA,NA,NA,25.55,6.34,1191,12122,1566,192,46,0,9571,38902,0,51121,5007,56673,147,5213,0,369,223,55485,56673,228,9109,37899,27706,9109,37899,27706,NA,NA,NA,38.43,2.08,363,10959,4069,48759,0,0,221,0,51121,5007,13889,13228,21416,0,192,56673,2257,54290,45381,1191,147,56673,0,5213,369,48759,0,223,2506,55485,56673,228,12122,1566,192,2920,3225,3530,3199.12,537.73,46,0,339,9571,38902
2015,"UF","51",55983,4064,8077,56673,2262,1537,35257,0,55715,0,220,28962,5726,NA,NA,NA,25.55,6.34,169,29110,5935,4676,25,0,5147,17415,0,4353,34510,0,13771,48759,3284,1927,38180,1102,0,383,8027,1269,0,8027,1269,0,NA,NA,NA,38.43,2.08,55983,4064,8077,1191,56673,56673,476,0,4353,34510,2262,1537,35257,0,55715,0,220,28962,5726,169,13771,0,3284,48759,1927,1191,56673,38180,1115,1102,0,383,29110,5935,4676,2920,3225,3530,3199.12,537.73,25,0,7,5147,17415
2015,"UF","51",51121,5007,147,369,223,2506,55485,56673,228,9109,37899,27706,363,NA,NA,NA,25.55,6.34,10959,4069,48759,0,221,0,13228,21416,0,192,56673,54290,2257,1191,45381,12122,1566,46,0,339,9571,38902,0,9571,38902,0,NA,NA,NA,38.43,2.08,51121,5007,147,56673,0,369,5213,0,192,56673,223,2506,55485,56673,228,9109,37899,27706,363,10959,2257,54290,45381,1191,12122,56673,0,1566,192,46,0,339,4069,48759,0,2920,3225,3530,3199.12,537.73,221,0,13889,13228,21416
2015,"UF","51",4353,34510,13771,1927,38180,1115,1102,0,383,8027,1269,0,55983,NA,NA,NA,25.55,6.34,4064,8077,1191,56673,476,56673,1537,35257,0,55715,0,28962,220,169,5726,29110,5935,25,0,7,5147,17415,0,5147,17415,0,NA,NA,NA,38.43,2.08,4353,34510,13771,0,3284,1927,48759,0,55715,0,38180,1115,1102,0,383,8027,1269,0,55983,4064,220,28962,5726,169,29110,0,3284,5935,4676,25,0,7,8077,1191,56673,2920,3225,3530,3199.12,537.73,476,56673,2262,1537,35257
2015,"UF","51",192,56673,2257,12122,1566,192,46,0,339,9571,38902,0,51121,NA,NA,NA,25.55,6.34,5007,147,56673,0,5213,369,2506,55485,56673,228,9109,27706,37899,10959,363,4069,48759,221,0,13889,13228,21416,0,13228,21416,0,NA,NA,NA,38.43,2.08,192,56673,2257,54290,45381,12122,1191,56673,228,9109,1566,192,46,0,339,9571,38902,0,51121,5007,37899,27706,363,10959,4069,54290,45381,48759,0,221,0,13889,147,56673,0,2920,3225,3530,3199.12,537.73,5213,369,223,2506,55485
2015,"UF","51",55715,0,220,29110,5935,4676,25,0,7,5147,17415,0,4353,NA,NA,NA,25.55,6.34,34510,13771,0,3284,48759,1927,1115,1102,0,383,8027,0,1269,4064,55983,8077,1191,476,56673,2262,1537,35257,0,1537,35257,0,NA,NA,NA,38.43,2.08,55715,0,220,28962,5726,29110,169,0,383,8027,5935,4676,25,0,7,5147,17415,0,4353,34510,1269,0,55983,4064,8077,28962,5726,1191,56673,476,56673,2262,13771,0,3284,2920,3225,3530,3199.12,537.73,48759,1927,38180,1115,1102
2015,"UF","51",228,9109,37899,4069,48759,0,221,0,13889,13228,21416,0,192,NA,NA,NA,25.55,6.34,56673,2257,54290,45381,1191,12122,192,46,0,339,9571,0,38902,5007,51121,147,56673,5213,369,223,2506,55485,56673,2506,55485,56673,NA,NA,NA,38.43,2.08,228,9109,37899,27706,363,4069,10959,0,339,9571,48759,0,221,0,13889,13228,21416,0,192,56673,38902,0,51121,5007,147,27706,363,56673,0,5213,369,223,2257,54290,45381,2920,3225,3530,3199.12,537.73,1191,12122,1566,192,46
2015,"UF","51",383,8027,1269,8077,1191,56673,476,56673,2262,1537,35257,0,55715,NA,NA,NA,25.55,6.34,0,220,28962,5726,169,29110,4676,25,0,7,5147,0,17415,34510,4353,13771,0,48759,1927,38180,1115,1102,0,1115,1102,0,NA,NA,NA,38.43,2.08,383,8027,1269,0,55983,8077,4064,0,7,5147,1191,56673,476,56673,2262,1537,35257,0,55715,0,17415,0,4353,34510,13771,0,55983,0,3284,48759,1927,38180,220,28962,5726,2920,3225,3530,3199.12,537.73,169,29110,5935,4676,25
2015,"UF","51",339,9571,38902,147,56673,0,5213,369,223,2506,55485,56673,228,NA,NA,NA,25.55,6.34,9109,37899,27706,363,10959,4069,0,221,0,13889,13228,0,21416,56673,192,2257,54290,1191,12122,1566,192,46,0,192,46,0,NA,NA,NA,38.43,2.08,339,9571,38902,0,51121,147,5007,0,13889,13228,56673,0,5213,369,223,2506,55485,56673,228,9109,21416,0,192,56673,2257,0,51121,54290,45381,1191,12122,1566,37899,27706,363,2920,3225,3530,3199.12,537.73,10959,4069,48759,0,221
2015,"UF","51",7,5147,17415,13771,0,3284,48759,1927,38180,1115,1102,0,383,NA,NA,NA,25.55,6.34,8027,1269,0,55983,4064,8077,56673,476,56673,2262,1537,0,35257,0,55715,220,28962,169,29110,5935,4676,25,0,4676,25,0,NA,NA,NA,38.43,2.08,7,5147,17415,0,4353,13771,34510,56673,2262,1537,0,3284,48759,1927,38180,1115,1102,0,383,8027,35257,0,55715,0,220,0,4353,28962,5726,169,29110,5935,1269,0,55983,2920,3225,3530,3199.12,537.73,4064,8077,1191,56673,476
2015,"UF","51",13889,13228,21416,2257,54290,45381,1191,12122,1566,192,46,0,339,NA,NA,NA,25.55,6.34,9571,38902,0,51121,5007,147,0,5213,369,223,2506,56673,55485,9109,228,37899,27706,10959,4069,48759,0,221,0,0,221,0,NA,NA,NA,38.43,2.08,13889,13228,21416,0,192,2257,56673,369,223,2506,54290,45381,1191,12122,1566,192,46,0,339,9571,55485,56673,228,9109,37899,0,192,27706,363,10959,4069,48759,38902,0,51121,2920,3225,3530,3199.12,537.73,5007,147,56673,0,5213
2015,"UF","51",2262,1537,35257,220,28962,5726,169,29110,5935,4676,25,0,7,NA,NA,NA,25.55,6.34,5147,17415,0,4353,34510,13771,3284,48759,1927,38180,1115,0,1102,8027,383,1269,0,4064,8077,1191,56673,476,56673,56673,476,56673,NA,NA,NA,38.43,2.08,2262,1537,35257,0,55715,220,0,1927,38180,1115,28962,5726,169,29110,5935,4676,25,0,7,5147,1102,0,383,8027,1269,0,55715,0,55983,4064,8077,1191,17415,0,4353,2920,3225,3530,3199.12,537.73,34510,13771,0,3284,48759
2015,"UF","51",223,2506,55485,37899,27706,363,10959,4069,48759,0,221,0,13889,NA,NA,NA,25.55,6.34,13228,21416,0,192,56673,2257,45381,1191,12122,1566,192,0,46,9571,339,38902,0,5007,147,56673,0,5213,369,0,5213,369,NA,NA,NA,38.43,2.08,223,2506,55485,56673,228,37899,9109,12122,1566,192,27706,363,10959,4069,48759,0,221,0,13889,13228,46,0,339,9571,38902,56673,228,0,51121,5007,147,56673,21416,0,192,2920,3225,3530,3199.12,537.73,56673,2257,54290,45381,1191
2015,"UF","51",38180,1115,1102,1269,0,55983,4064,8077,1191,56673,476,56673,2262,NA,NA,NA,25.55,6.34,1537,35257,0,55715,0,220,5726,169,29110,5935,4676,0,25,5147,7,17415,0,34510,13771,0,3284,48759,1927,3284,48759,1927,NA,NA,NA,38.43,2.08,38180,1115,1102,0,383,1269,8027,29110,5935,4676,0,55983,4064,8077,1191,56673,476,56673,2262,1537,25,0,7,5147,17415,0,383,0,4353,34510,13771,0,35257,0,55715,2920,3225,3530,3199.12,537.73,0,220,28962,5726,169
2015,"UF","51",1566,192,46,38902,0,51121,5007,147,56673,0,5213,369,223,NA,NA,NA,25.55,6.34,2506,55485,56673,228,9109,37899,363,10959,4069,48759,0,0,221,13228,13889,21416,0,56673,2257,54290,45381,1191,12122,45381,1191,12122,NA,NA,NA,38.43,2.08,1566,192,46,0,339,38902,9571,4069,48759,0,0,51121,5007,147,56673,0,5213,369,223,2506,221,0,13889,13228,21416,0,339,0,192,56673,2257,54290,55485,56673,228,2920,3225,3530,3199.12,537.73,9109,37899,27706,363,10959
2015,"UF","51",5935,4676,25,17415,0,4353,34510,13771,0,3284,48759,1927,38180,NA,NA,NA,25.55,6.34,1115,1102,0,383,8027,1269,55983,4064,8077,1191,56673,56673,476,1537,2262,35257,0,0,220,28962,5726,169,29110,5726,169,29110,NA,NA,NA,38.43,2.08,5935,4676,25,0,7,17415,5147,8077,1191,56673,0,4353,34510,13771,0,3284,48759,1927,38180,1115,476,56673,2262,1537,35257,0,7,0,55715,0,220,28962,1102,0,383,2920,3225,3530,3199.12,537.73,8027,1269,0,55983,4064
2015,"UF","51",48759,0,221,21416,0,192,56673,2257,54290,45381,1191,12122,1566,NA,NA,NA,25.55,6.34,192,46,0,339,9571,38902,51121,5007,147,56673,0,369,5213,2506,223,55485,56673,9109,37899,27706,363,10959,4069,363,10959,4069,NA,NA,NA,38.43,2.08,48759,0,221,0,13889,21416,13228,147,56673,0,0,192,56673,2257,54290,45381,1191,12122,1566,192,5213,369,223,2506,55485,0,13889,56673,228,9109,37899,27706,46,0,339,2920,3225,3530,3199.12,537.73,9571,38902,0,51121,5007
2015,"UF","51",1191,56673,476,35257,0,55715,0,220,28962,5726,169,29110,5935,NA,NA,NA,25.55,6.34,4676,25,0,7,5147,17415,4353,34510,13771,0,3284,1927,48759,1115,38180,1102,0,8027,1269,0,55983,4064,8077,55983,4064,8077,NA,NA,NA,38.43,2.08,1191,56673,476,56673,2262,35257,1537,13771,0,3284,0,55715,0,220,28962,5726,169,29110,5935,4676,48759,1927,38180,1115,1102,56673,2262,0,383,8027,1269,0,25,0,7,2920,3225,3530,3199.12,537.73,5147,17415,0,4353,34510
2015,"UF","51",56673,0,5213,55485,56673,228,9109,37899,27706,363,10959,4069,48759,NA,NA,NA,25.55,6.34,0,221,0,13889,13228,21416,192,56673,2257,54290,45381,12122,1191,192,1566,46,0,9571,38902,0,51121,5007,147,51121,5007,147,NA,NA,NA,38.43,2.08,56673,0,5213,369,223,55485,2506,2257,54290,45381,56673,228,9109,37899,27706,363,10959,4069,48759,0,1191,12122,1566,192,46,369,223,0,339,9571,38902,0,221,0,13889,2920,3225,3530,3199.12,537.73,13228,21416,0,192,56673
2015,"UF","51",0,3284,48759,1102,0,383,8027,1269,0,55983,4064,8077,1191,NA,NA,NA,25.55,6.34,56673,476,56673,2262,1537,35257,55715,0,220,28962,5726,29110,169,4676,5935,25,0,5147,17415,0,4353,34510,13771,4353,34510,13771,NA,NA,NA,38.43,2.08,0,3284,48759,1927,38180,1102,1115,220,28962,5726,0,383,8027,1269,0,55983,4064,8077,1191,56673,169,29110,5935,4676,25,1927,38180,0,7,5147,17415,0,476,56673,2262,2920,3225,3530,3199.12,537.73,1537,35257,0,55715,0
2015,"UF","51",54290,45381,1191,46,0,339,9571,38902,0,51121,5007,147,56673,NA,NA,NA,25.55,6.34,0,5213,369,223,2506,55485,228,9109,37899,27706,363,4069,10959,0,48759,221,0,13228,21416,0,192,56673,2257,192,56673,2257,NA,NA,NA,38.43,2.08,54290,45381,1191,12122,1566,46,192,37899,27706,363,0,339,9571,38902,0,51121,5007,147,56673,0,10959,4069,48759,0,221,12122,1566,0,13889,13228,21416,0,5213,369,223,2920,3225,3530,3199.12,537.73,2506,55485,56673,228,9109
2015,"UF","51",28962,5726,169,25,0,7,5147,17415,0,4353,34510,13771,0,NA,NA,NA,25.55,6.34,3284,48759,1927,38180,1115,1102,383,8027,1269,0,55983,8077,4064,56673,1191,476,56673,1537,35257,0,55715,0,220,55715,0,220,NA,NA,NA,38.43,2.08,28962,5726,169,29110,5935,25,4676,1269,0,55983,0,7,5147,17415,0,4353,34510,13771,0,3284,4064,8077,1191,56673,476,29110,5935,56673,2262,1537,35257,0,48759,1927,38180,2920,3225,3530,3199.12,537.73,1115,1102,0,383,8027
2015,"UF","51",27706,363,10959,221,0,13889,13228,21416,0,192,56673,2257,54290,NA,NA,NA,25.55,6.34,45381,1191,12122,1566,192,46,339,9571,38902,0,51121,147,5007,0,56673,5213,369,2506,55485,56673,228,9109,37899,228,9109,37899,NA,NA,NA,38.43,2.08,27706,363,10959,4069,48759,221,0,38902,0,51121,0,13889,13228,21416,0,192,56673,2257,54290,45381,5007,147,56673,0,5213,4069,48759,369,223,2506,55485,56673,1191,12122,1566,2920,3225,3530,3199.12,537.73,192,46,0,339,9571
2015,"UF","51",0,55983,4064,476,56673,2262,1537,35257,0,55715,0,220,28962,NA,NA,NA,25.55,6.34,5726,169,29110,5935,4676,25,7,5147,17415,0,4353,13771,34510,3284,0,48759,1927,1115,1102,0,383,8027,1269,383,8027,1269,NA,NA,NA,38.43,2.08,0,55983,4064,8077,1191,476,56673,17415,0,4353,56673,2262,1537,35257,0,55715,0,220,28962,5726,34510,13771,0,3284,48759,8077,1191,1927,38180,1115,1102,0,169,29110,5935,2920,3225,3530,3199.12,537.73,4676,25,0,7,5147
2015,"UF","51",0,51121,5007,5213,369,223,2506,55485,56673,228,9109,37899,27706,NA,NA,NA,25.55,6.34,363,10959,4069,48759,0,221,13889,13228,21416,0,192,2257,56673,45381,54290,1191,12122,192,46,0,339,9571,38902,339,9571,38902,NA,NA,NA,38.43,2.08,0,51121,5007,147,56673,5213,0,21416,0,192,369,223,2506,55485,56673,228,9109,37899,27706,363,56673,2257,54290,45381,1191,147,56673,12122,1566,192,46,0,10959,4069,48759,2920,3225,3530,3199.12,537.73,0,221,0,13889,13228
2015,"UF","51",0,4353,34510,48759,1927,38180,1115,1102,0,383,8027,1269,0,NA,NA,NA,25.55,6.34,55983,4064,8077,1191,56673,476,2262,1537,35257,0,55715,220,0,5726,28962,169,29110,4676,25,0,7,5147,17415,7,5147,17415,NA,NA,NA,38.43,2.08,0,4353,34510,13771,0,48759,3284,35257,0,55715,1927,38180,1115,1102,0,383,8027,1269,0,55983,0,220,28962,5726,169,13771,0,29110,5935,4676,25,0,4064,8077,1191,2920,3225,3530,3199.12,537.73,56673,476,56673,2262,1537
2015,"UF","51",0,192,56673,1191,12122,1566,192,46,0,339,9571,38902,0,NA,NA,NA,25.55,6.34,51121,5007,147,56673,0,5213,223,2506,55485,56673,228,37899,9109,363,27706,10959,4069,0,221,0,13889,13228,21416,13889,13228,21416,NA,NA,NA,38.43,2.08,0,192,56673,2257,54290,1191,45381,55485,56673,228,12122,1566,192,46,0,339,9571,38902,0,51121,9109,37899,27706,363,10959,2257,54290,4069,48759,0,221,0,5007,147,56673,2920,3225,3530,3199.12,537.73,0,5213,369,223,2506
2015,"UF","51",0,55715,0,169,29110,5935,4676,25,0,7,5147,17415,0,NA,NA,NA,25.55,6.34,4353,34510,13771,0,3284,48759,38180,1115,1102,0,383,1269,8027,55983,0,4064,8077,56673,476,56673,2262,1537,35257,2262,1537,35257,NA,NA,NA,38.43,2.08,0,55715,0,220,28962,169,5726,1102,0,383,29110,5935,4676,25,0,7,5147,17415,0,4353,8027,1269,0,55983,4064,220,28962,8077,1191,56673,476,56673,34510,13771,0,2920,3225,3530,3199.12,537.73,3284,48759,1927,38180,1115
2015,"UF","51",56673,228,9109,10959,4069,48759,0,221,0,13889,13228,21416,0,NA,NA,NA,25.55,6.34,192,56673,2257,54290,45381,1191,1566,192,46,0,339,38902,9571,51121,0,5007,147,0,5213,369,223,2506,55485,223,2506,55485,NA,NA,NA,38.43,2.08,56673,228,9109,37899,27706,10959,363,46,0,339,4069,48759,0,221,0,13889,13228,21416,0,192,9571,38902,0,51121,5007,37899,27706,147,56673,0,5213,369,56673,2257,54290,2920,3225,3530,3199.12,537.73,45381,1191,12122,1566,192
2015,"UF","51",0,383,8027,4064,8077,1191,56673,476,56673,2262,1537,35257,0,NA,NA,NA,25.55,6.34,55715,0,220,28962,5726,169,5935,4676,25,0,7,17415,5147,4353,0,34510,13771,3284,48759,1927,38180,1115,1102,38180,1115,1102,NA,NA,NA,38.43,2.08,0,383,8027,1269,0,4064,55983,25,0,7,8077,1191,56673,476,56673,2262,1537,35257,0,55715,5147,17415,0,4353,34510,1269,0,13771,0,3284,48759,1927,0,220,28962,2920,3225,3530,3199.12,537.73,5726,169,29110,5935,4676
2015,"UF","51",0,339,9571,5007,147,56673,0,5213,369,223,2506,55485,56673,NA,NA,NA,25.55,6.34,228,9109,37899,27706,363,10959,48759,0,221,0,13889,21416,13228,192,0,56673,2257,45381,1191,12122,1566,192,46,1566,192,46,NA,NA,NA,38.43,2.08,0,339,9571,38902,0,5007,51121,221,0,13889,147,56673,0,5213,369,223,2506,55485,56673,228,13228,21416,0,192,56673,38902,0,2257,54290,45381,1191,12122,9109,37899,27706,2920,3225,3530,3199.12,537.73,363,10959,4069,48759,0
2015,"UF","51",0,7,5147,34510,13771,0,3284,48759,1927,38180,1115,1102,0,NA,NA,NA,25.55,6.34,383,8027,1269,0,55983,4064,1191,56673,476,56673,2262,35257,1537,55715,0,0,220,5726,169,29110,5935,4676,25,5935,4676,25,NA,NA,NA,38.43,2.08,0,7,5147,17415,0,34510,4353,476,56673,2262,13771,0,3284,48759,1927,38180,1115,1102,0,383,1537,35257,0,55715,0,17415,0,220,28962,5726,169,29110,8027,1269,0,2920,3225,3530,3199.12,537.73,55983,4064,8077,1191,56673
2015,"UF","51",0,13889,13228,56673,2257,54290,45381,1191,12122,1566,192,46,0,NA,NA,NA,25.55,6.34,339,9571,38902,0,51121,5007,56673,0,5213,369,223,55485,2506,228,56673,9109,37899,363,10959,4069,48759,0,221,48759,0,221,NA,NA,NA,38.43,2.08,0,13889,13228,21416,0,56673,192,5213,369,223,2257,54290,45381,1191,12122,1566,192,46,0,339,2506,55485,56673,228,9109,21416,0,37899,27706,363,10959,4069,9571,38902,0,2920,3225,3530,3199.12,537.73,51121,5007,147,56673,0
2015,"UF","51",56673,2262,1537,0,220,28962,5726,169,29110,5935,4676,25,0,NA,NA,NA,25.55,6.34,7,5147,17415,0,4353,34510,0,3284,48759,1927,38180,1102,1115,383,0,8027,1269,55983,4064,8077,1191,56673,476,1191,56673,476,NA,NA,NA,38.43,2.08,56673,2262,1537,35257,0,0,55715,48759,1927,38180,220,28962,5726,169,29110,5935,4676,25,0,7,1115,1102,0,383,8027,35257,0,1269,0,55983,4064,8077,5147,17415,0,2920,3225,3530,3199.12,537.73,4353,34510,13771,0,3284
2015,"UF","51",369,223,2506,9109,37899,27706,363,10959,4069,48759,0,221,0,NA,NA,NA,25.55,6.34,13889,13228,21416,0,192,56673,54290,45381,1191,12122,1566,46,192,339,0,9571,38902,51121,5007,147,56673,0,5213,56673,0,5213,NA,NA,NA,38.43,2.08,369,223,2506,55485,56673,9109,228,1191,12122,1566,37899,27706,363,10959,4069,48759,0,221,0,13889,192,46,0,339,9571,55485,56673,38902,0,51121,5007,147,13228,21416,0,2920,3225,3530,3199.12,537.73,192,56673,2257,54290,45381
2015,"UF","51",1927,38180,1115,8027,1269,0,55983,4064,8077,1191,56673,476,56673,NA,NA,NA,25.55,6.34,2262,1537,35257,0,55715,0,28962,5726,169,29110,5935,25,4676,7,0,5147,17415,4353,34510,13771,0,3284,48759,0,3284,48759,NA,NA,NA,38.43,2.08,1927,38180,1115,1102,0,8027,383,169,29110,5935,1269,0,55983,4064,8077,1191,56673,476,56673,2262,4676,25,0,7,5147,1102,0,17415,0,4353,34510,13771,1537,35257,0,2920,3225,3530,3199.12,537.73,55715,0,220,28962,5726
2015,"UF","51",12122,1566,192,9571,38902,0,51121,5007,147,56673,0,5213,369,NA,NA,NA,25.55,6.34,223,2506,55485,56673,228,9109,27706,363,10959,4069,48759,221,0,13889,0,13228,21416,192,56673,2257,54290,45381,1191,54290,45381,1191,NA,NA,NA,38.43,2.08,12122,1566,192,46,0,9571,339,10959,4069,48759,38902,0,51121,5007,147,56673,0,5213,369,223,0,221,0,13889,13228,46,0,21416,0,192,56673,2257,2506,55485,56673,2920,3225,3530,3199.12,537.73,228,9109,37899,27706,363
2015,"UF","51",29110,5935,4676,5147,17415,0,4353,34510,13771,0,3284,48759,1927,NA,NA,NA,25.55,6.34,38180,1115,1102,0,383,8027,0,55983,4064,8077,1191,476,56673,2262,56673,1537,35257,55715,0,220,28962,5726,169,28962,5726,169,NA,NA,NA,38.43,2.08,29110,5935,4676,25,0,5147,7,4064,8077,1191,17415,0,4353,34510,13771,0,3284,48759,1927,38180,56673,476,56673,2262,1537,25,0,35257,0,55715,0,220,1115,1102,0,2920,3225,3530,3199.12,537.73,383,8027,1269,0,55983
2015,"UF","51",4069,48759,0,13228,21416,0,192,56673,2257,54290,45381,1191,12122,NA,NA,NA,25.55,6.34,1566,192,46,0,339,9571,0,51121,5007,147,56673,5213,0,223,369,2506,55485,228,9109,37899,27706,363,10959,27706,363,10959,NA,NA,NA,38.43,2.08,4069,48759,0,221,0,13228,13889,5007,147,56673,21416,0,192,56673,2257,54290,45381,1191,12122,1566,0,5213,369,223,2506,221,0,55485,56673,228,9109,37899,192,46,0,2920,3225,3530,3199.12,537.73,339,9571,38902,0,51121
2015,"UF","51",8077,1191,56673,1537,35257,0,55715,0,220,28962,5726,169,29110,NA,NA,NA,25.55,6.34,5935,4676,25,0,7,5147,0,4353,34510,13771,0,48759,3284,38180,1927,1115,1102,383,8027,1269,0,55983,4064,0,55983,4064,NA,NA,NA,38.43,2.08,8077,1191,56673,476,56673,1537,2262,34510,13771,0,35257,0,55715,0,220,28962,5726,169,29110,5935,3284,48759,1927,38180,1115,476,56673,1102,0,383,8027,1269,4676,25,0,2920,3225,3530,3199.12,537.73,7,5147,17415,0,4353
2015,"UF","51",147,56673,0,2506,55485,56673,228,9109,37899,27706,363,10959,4069,NA,NA,NA,25.55,6.34,48759,0,221,0,13889,13228,0,192,56673,2257,54290,1191,45381,1566,12122,192,46,339,9571,38902,0,51121,5007,0,51121,5007,NA,NA,NA,38.43,2.08,147,56673,0,5213,369,2506,223,56673,2257,54290,55485,56673,228,9109,37899,27706,363,10959,4069,48759,45381,1191,12122,1566,192,5213,369,46,0,339,9571,38902,0,221,0,2920,3225,3530,3199.12,537.73,13889,13228,21416,0,192
2015,"UF","51",13771,0,3284,1115,1102,0,383,8027,1269,0,55983,4064,8077,NA,NA,NA,25.55,6.34,1191,56673,476,56673,2262,1537,0,55715,0,220,28962,169,5726,5935,29110,4676,25,7,5147,17415,0,4353,34510,0,4353,34510,NA,NA,NA,38.43,2.08,13771,0,3284,48759,1927,1115,38180,0,220,28962,1102,0,383,8027,1269,0,55983,4064,8077,1191,5726,169,29110,5935,4676,48759,1927,25,0,7,5147,17415,56673,476,56673,2920,3225,3530,3199.12,537.73,2262,1537,35257,0,55715
2015,"UF","51",2257,54290,45381,192,46,0,339,9571,38902,0,51121,5007,147,NA,NA,NA,25.55,6.34,56673,0,5213,369,223,2506,56673,228,9109,37899,27706,10959,363,48759,4069,0,221,13889,13228,21416,0,192,56673,0,192,56673,NA,NA,NA,38.43,2.08,2257,54290,45381,1191,12122,192,1566,9109,37899,27706,46,0,339,9571,38902,0,51121,5007,147,56673,363,10959,4069,48759,0,1191,12122,221,0,13889,13228,21416,0,5213,369,2920,3225,3530,3199.12,537.73,223,2506,55485,56673,228
2015,"UF","51",220,28962,5726,4676,25,0,7,5147,17415,0,4353,34510,13771,NA,NA,NA,25.55,6.34,0,3284,48759,1927,38180,1115,0,383,8027,1269,0,4064,55983,1191,8077,56673,476,2262,1537,35257,0,55715,0,0,55715,0,NA,NA,NA,38.43,2.08,220,28962,5726,169,29110,4676,5935,8027,1269,0,25,0,7,5147,17415,0,4353,34510,13771,0,55983,4064,8077,1191,56673,169,29110,476,56673,2262,1537,35257,3284,48759,1927,2920,3225,3530,3199.12,537.73,38180,1115,1102,0,383
2015,"UF","51",37899,27706,363,0,221,0,13889,13228,21416,0,192,56673,2257,NA,NA,NA,25.55,6.34,54290,45381,1191,12122,1566,192,0,339,9571,38902,0,5007,51121,56673,147,0,5213,223,2506,55485,56673,228,9109,56673,228,9109,NA,NA,NA,38.43,2.08,37899,27706,363,10959,4069,0,48759,9571,38902,0,221,0,13889,13228,21416,0,192,56673,2257,54290,51121,5007,147,56673,0,10959,4069,5213,369,223,2506,55485,45381,1191,12122,2920,3225,3530,3199.12,537.73,1566,192,46,0,339
2015,"UF","51",1269,0,55983,56673,476,56673,2262,1537,35257,0,55715,0,220,NA,NA,NA,25.55,6.34,28962,5726,169,29110,5935,4676,0,7,5147,17415,0,34510,4353,0,13771,3284,48759,38180,1115,1102,0,383,8027,0,383,8027,NA,NA,NA,38.43,2.08,1269,0,55983,4064,8077,56673,1191,5147,17415,0,476,56673,2262,1537,35257,0,55715,0,220,28962,4353,34510,13771,0,3284,4064,8077,48759,1927,38180,1115,1102,5726,169,29110,2920,3225,3530,3199.12,537.73,5935,4676,25,0,7
2015,"UF","51",38902,0,51121,0,5213,369,223,2506,55485,56673,228,9109,37899,NA,NA,NA,25.55,6.34,27706,363,10959,4069,48759,0,0,13889,13228,21416,0,56673,192,54290,2257,45381,1191,1566,192,46,0,339,9571,0,339,9571,NA,NA,NA,38.43,2.08,38902,0,51121,5007,147,0,56673,13228,21416,0,5213,369,223,2506,55485,56673,228,9109,37899,27706,192,56673,2257,54290,45381,5007,147,1191,12122,1566,192,46,363,10959,4069,2920,3225,3530,3199.12,537.73,48759,0,221,0,13889
2015,"UF","51",17415,0,4353,3284,48759,1927,38180,1115,1102,0,383,8027,1269,NA,NA,NA,25.55,6.34,0,55983,4064,8077,1191,56673,56673,2262,1537,35257,0,0,55715,28962,220,5726,169,5935,4676,25,0,7,5147,0,7,5147,NA,NA,NA,38.43,2.08,17415,0,4353,34510,13771,3284,0,1537,35257,0,48759,1927,38180,1115,1102,0,383,8027,1269,0,55715,0,220,28962,5726,34510,13771,169,29110,5935,4676,25,55983,4064,8077,2920,3225,3530,3199.12,537.73,1191,56673,476,56673,2262
2015,"UF","51",21416,0,192,45381,1191,12122,1566,192,46,0,339,9571,38902,NA,NA,NA,25.55,6.34,0,51121,5007,147,56673,0,369,223,2506,55485,56673,9109,228,27706,37899,363,10959,48759,0,221,0,13889,13228,0,13889,13228,NA,NA,NA,38.43,2.08,21416,0,192,56673,2257,45381,54290,2506,55485,56673,1191,12122,1566,192,46,0,339,9571,38902,0,228,9109,37899,27706,363,56673,2257,10959,4069,48759,0,221,51121,5007,147,2920,3225,3530,3199.12,537.73,56673,0,5213,369,223
2015,"UF","51",35257,0,55715,5726,169,29110,5935,4676,25,0,7,5147,17415,NA,NA,NA,25.55,6.34,0,4353,34510,13771,0,3284,1927,38180,1115,1102,0,8027,383,0,1269,55983,4064,1191,56673,476,56673,2262,1537,56673,2262,1537,NA,NA,NA,38.43,2.08,35257,0,55715,0,220,5726,28962,1115,1102,0,169,29110,5935,4676,25,0,7,5147,17415,0,383,8027,1269,0,55983,0,220,4064,8077,1191,56673,476,4353,34510,13771,2920,3225,3530,3199.12,537.73,0,3284,48759,1927,38180
2015,"UF","51",55485,56673,228,363,10959,4069,48759,0,221,0,13889,13228,21416,NA,NA,NA,25.55,6.34,0,192,56673,2257,54290,45381,12122,1566,192,46,0,9571,339,0,38902,51121,5007,56673,0,5213,369,223,2506,369,223,2506,NA,NA,NA,38.43,2.08,55485,56673,228,9109,37899,363,27706,192,46,0,10959,4069,48759,0,221,0,13889,13228,21416,0,339,9571,38902,0,51121,9109,37899,5007,147,56673,0,5213,192,56673,2257,2920,3225,3530,3199.12,537.73,54290,45381,1191,12122,1566
2015,"UF","51",1102,0,383,55983,4064,8077,1191,56673,476,56673,2262,1537,35257,NA,NA,NA,25.55,6.34,0,55715,0,220,28962,5726,29110,5935,4676,25,0,5147,7,0,17415,4353,34510,0,3284,48759,1927,38180,1115,1927,38180,1115,NA,NA,NA,38.43,2.08,1102,0,383,8027,1269,55983,0,4676,25,0,4064,8077,1191,56673,476,56673,2262,1537,35257,0,7,5147,17415,0,4353,8027,1269,34510,13771,0,3284,48759,55715,0,220,2920,3225,3530,3199.12,537.73,28962,5726,169,29110,5935
2015,"UF","51",46,0,339,51121,5007,147,56673,0,5213,369,223,2506,55485,NA,NA,NA,25.55,6.34,56673,228,9109,37899,27706,363,4069,48759,0,221,0,13228,13889,0,21416,192,56673,54290,45381,1191,12122,1566,192,12122,1566,192,NA,NA,NA,38.43,2.08,46,0,339,9571,38902,51121,0,0,221,0,5007,147,56673,0,5213,369,223,2506,55485,56673,13889,13228,21416,0,192,9571,38902,56673,2257,54290,45381,1191,228,9109,37899,2920,3225,3530,3199.12,537.73,27706,363,10959,4069,48759
2015,"UF","51",25,0,7,4353,34510,13771,0,3284,48759,1927,38180,1115,1102,NA,NA,NA,25.55,6.34,0,383,8027,1269,0,55983,8077,1191,56673,476,56673,1537,2262,0,35257,55715,0,28962,5726,169,29110,5935,4676,29110,5935,4676,NA,NA,NA,38.43,2.08,25,0,7,5147,17415,4353,0,56673,476,56673,34510,13771,0,3284,48759,1927,38180,1115,1102,0,2262,1537,35257,0,55715,5147,17415,0,220,28962,5726,169,383,8027,1269,2920,3225,3530,3199.12,537.73,0,55983,4064,8077,1191
2015,"UF","51",221,0,13889,192,56673,2257,54290,45381,1191,12122,1566,192,46,NA,NA,NA,25.55,6.34,0,339,9571,38902,0,51121,147,56673,0,5213,369,2506,223,56673,55485,228,9109,27706,363,10959,4069,48759,0,4069,48759,0,NA,NA,NA,38.43,2.08,221,0,13889,13228,21416,192,0,0,5213,369,56673,2257,54290,45381,1191,12122,1566,192,46,0,223,2506,55485,56673,228,13228,21416,9109,37899,27706,363,10959,339,9571,38902,2920,3225,3530,3199.12,537.73,0,51121,5007,147,56673
2015,"UF","51",476,56673,2262,55715,0,220,28962,5726,169,29110,5935,4676,25,NA,NA,NA,25.55,6.34,0,7,5147,17415,0,4353,13771,0,3284,48759,1927,1115,38180,0,1102,383,8027,0,55983,4064,8077,1191,56673,8077,1191,56673,NA,NA,NA,38.43,2.08,476,56673,2262,1537,35257,55715,0,3284,48759,1927,0,220,28962,5726,169,29110,5935,4676,25,0,38180,1115,1102,0,383,1537,35257,8027,1269,0,55983,4064,7,5147,17415,2920,3225,3530,3199.12,537.73,0,4353,34510,13771,0
2015,"UF","51",5213,369,223,228,9109,37899,27706,363,10959,4069,48759,0,221,NA,NA,NA,25.55,6.34,0,13889,13228,21416,0,192,2257,54290,45381,1191,12122,192,1566,0,46,339,9571,0,51121,5007,147,56673,0,147,56673,0,NA,NA,NA,38.43,2.08,5213,369,223,2506,55485,228,56673,45381,1191,12122,9109,37899,27706,363,10959,4069,48759,0,221,0,1566,192,46,0,339,2506,55485,9571,38902,0,51121,5007,13889,13228,21416,2920,3225,3530,3199.12,537.73,0,192,56673,2257,54290
2015,"UF","51",48759,1927,38180,383,8027,1269,0,55983,4064,8077,1191,56673,476,NA,NA,NA,25.55,6.34,56673,2262,1537,35257,0,55715,220,28962,5726,169,29110,4676,5935,0,25,7,5147,0,4353,34510,13771,0,3284,13771,0,3284,NA,NA,NA,38.43,2.08,48759,1927,38180,1115,1102,383,0,5726,169,29110,8027,1269,0,55983,4064,8077,1191,56673,476,56673,5935,4676,25,0,7,1115,1102,5147,17415,0,4353,34510,2262,1537,35257,2920,3225,3530,3199.12,537.73,0,55715,0,220,28962
2015,"UF","51",1191,12122,1566,339,9571,38902,0,51121,5007,147,56673,0,5213,NA,NA,NA,25.55,6.34,369,223,2506,55485,56673,228,37899,27706,363,10959,4069,0,48759,0,221,13889,13228,0,192,56673,2257,54290,45381,2257,54290,45381,NA,NA,NA,38.43,2.08,1191,12122,1566,192,46,339,0,363,10959,4069,9571,38902,0,51121,5007,147,56673,0,5213,369,48759,0,221,0,13889,192,46,13228,21416,0,192,56673,223,2506,55485,2920,3225,3530,3199.12,537.73,56673,228,9109,37899,27706
2015,"UF","51",169,29110,5935,7,5147,17415,0,4353,34510,13771,0,3284,48759,NA,NA,NA,25.55,6.34,1927,38180,1115,1102,0,383,1269,0,55983,4064,8077,56673,1191,56673,476,2262,1537,0,55715,0,220,28962,5726,220,28962,5726,NA,NA,NA,38.43,2.08,169,29110,5935,4676,25,7,0,55983,4064,8077,5147,17415,0,4353,34510,13771,0,3284,48759,1927,1191,56673,476,56673,2262,4676,25,1537,35257,0,55715,0,38180,1115,1102,2920,3225,3530,3199.12,537.73,0,383,8027,1269,0
2015,"UF","51",10959,4069,48759,13889,13228,21416,0,192,56673,2257,54290,45381,1191,NA,NA,NA,25.55,6.34,12122,1566,192,46,0,339,38902,0,51121,5007,147,0,56673,369,5213,223,2506,56673,228,9109,37899,27706,363,37899,27706,363,NA,NA,NA,38.43,2.08,10959,4069,48759,0,221,13889,0,51121,5007,147,13228,21416,0,192,56673,2257,54290,45381,1191,12122,56673,0,5213,369,223,0,221,2506,55485,56673,228,9109,1566,192,46,2920,3225,3530,3199.12,537.73,0,339,9571,38902,0
2015,"UF","51",4064,8077,1191,2262,1537,35257,0,55715,0,220,28962,5726,169,NA,NA,NA,25.55,6.34,29110,5935,4676,25,0,7,17415,0,4353,34510,13771,3284,0,1927,48759,38180,1115,0,383,8027,1269,0,55983,1269,0,55983,NA,NA,NA,38.43,2.08,4064,8077,1191,56673,476,2262,56673,4353,34510,13771,1537,35257,0,55715,0,220,28962,5726,169,29110,0,3284,48759,1927,38180,56673,476,1115,1102,0,383,8027,5935,4676,25,2920,3225,3530,3199.12,537.73,0,7,5147,17415,0
2015,"UF","51",5007,147,56673,223,2506,55485,56673,228,9109,37899,27706,363,10959,NA,NA,NA,25.55,6.34,4069,48759,0,221,0,13889,21416,0,192,56673,2257,45381,54290,12122,1191,1566,192,0,339,9571,38902,0,51121,38902,0,51121,NA,NA,NA,38.43,2.08,5007,147,56673,0,5213,223,369,192,56673,2257,2506,55485,56673,228,9109,37899,27706,363,10959,4069,54290,45381,1191,12122,1566,0,5213,192,46,0,339,9571,48759,0,221,2920,3225,3530,3199.12,537.73,0,13889,13228,21416,0
2015,"UF","51",34510,13771,0,38180,1115,1102,0,383,8027,1269,0,55983,4064,NA,NA,NA,25.55,6.34,8077,1191,56673,476,56673,2262,35257,0,55715,0,220,5726,28962,29110,169,5935,4676,0,7,5147,17415,0,4353,17415,0,4353,NA,NA,NA,38.43,2.08,34510,13771,0,3284,48759,38180,1927,55715,0,220,1115,1102,0,383,8027,1269,0,55983,4064,8077,28962,5726,169,29110,5935,3284,48759,4676,25,0,7,5147,1191,56673,476,2920,3225,3530,3199.12,537.73,56673,2262,1537,35257,0
2015,"UF","51",56673,2257,54290,1566,192,46,0,339,9571,38902,0,51121,5007,NA,NA,NA,25.55,6.34,147,56673,0,5213,369,223,55485,56673,228,9109,37899,363,27706,4069,10959,48759,0,0,13889,13228,21416,0,192,21416,0,192,NA,NA,NA,38.43,2.08,56673,2257,54290,45381,1191,1566,12122,228,9109,37899,192,46,0,339,9571,38902,0,51121,5007,147,27706,363,10959,4069,48759,45381,1191,0,221,0,13889,13228,56673,0,5213,2920,3225,3530,3199.12,537.73,369,223,2506,55485,56673
2015,"UF","51",0,220,28962,5935,4676,25,0,7,5147,17415,0,4353,34510,NA,NA,NA,25.55,6.34,13771,0,3284,48759,1927,38180,1102,0,383,8027,1269,55983,0,8077,4064,1191,56673,56673,2262,1537,35257,0,55715,35257,0,55715,NA,NA,NA,38.43,2.08,0,220,28962,5726,169,5935,29110,383,8027,1269,4676,25,0,7,5147,17415,0,4353,34510,13771,0,55983,4064,8077,1191,5726,169,56673,476,56673,2262,1537,0,3284,48759,2920,3225,3530,3199.12,537.73,1927,38180,1115,1102,0
2015,"UF","51",9109,37899,27706,48759,0,221,0,13889,13228,21416,0,192,56673,NA,NA,NA,25.55,6.34,2257,54290,45381,1191,12122,1566,46,0,339,9571,38902,51121,0,147,5007,56673,0,369,223,2506,55485,56673,228,55485,56673,228,NA,NA,NA,38.43,2.08,9109,37899,27706,363,10959,48759,4069,339,9571,38902,0,221,0,13889,13228,21416,0,192,56673,2257,0,51121,5007,147,56673,363,10959,0,5213,369,223,2506,54290,45381,1191,2920,3225,3530,3199.12,537.73,12122,1566,192,46,0
2015,"UF","51",8027,1269,0,1191,56673,476,56673,2262,1537,35257,0,55715,0,NA,NA,NA,25.55,6.34,220,28962,5726,169,29110,5935,25,0,7,5147,17415,4353,0,13771,34510,0,3284,1927,38180,1115,1102,0,383,1102,0,383,NA,NA,NA,38.43,2.08,8027,1269,0,55983,4064,1191,8077,7,5147,17415,56673,476,56673,2262,1537,35257,0,55715,0,220,0,4353,34510,13771,0,55983,4064,3284,48759,1927,38180,1115,28962,5726,169,2920,3225,3530,3199.12,537.73,29110,5935,4676,25,0
2015,"UF","51",9571,38902,0,56673,0,5213,369,223,2506,55485,56673,228,9109,NA,NA,NA,25.55,6.34,37899,27706,363,10959,4069,48759,221,0,13889,13228,21416,192,0,2257,56673,54290,45381,12122,1566,192,46,0,339,46,0,339,NA,NA,NA,38.43,2.08,9571,38902,0,51121,5007,56673,147,13889,13228,21416,0,5213,369,223,2506,55485,56673,228,9109,37899,0,192,56673,2257,54290,51121,5007,45381,1191,12122,1566,192,27706,363,10959,2920,3225,3530,3199.12,537.73,4069,48759,0,221,0
2015,"UF","51",5147,17415,0,0,3284,48759,1927,38180,1115,1102,0,383,8027,NA,NA,NA,25.55,6.34,1269,0,55983,4064,8077,1191,476,56673,2262,1537,35257,55715,0,220,0,28962,5726,29110,5935,4676,25,0,7,25,0,7,NA,NA,NA,38.43,2.08,5147,17415,0,4353,34510,0,13771,2262,1537,35257,3284,48759,1927,38180,1115,1102,0,383,8027,1269,0,55715,0,220,28962,4353,34510,5726,169,29110,5935,4676,0,55983,4064,2920,3225,3530,3199.12,537.73,8077,1191,56673,476,56673
2015,"UF","51",13228,21416,0,54290,45381,1191,12122,1566,192,46,0,339,9571,NA,NA,NA,25.55,6.34,38902,0,51121,5007,147,56673,5213,369,223,2506,55485,228,56673,37899,9109,27706,363,4069,48759,0,221,0,13889,221,0,13889,NA,NA,NA,38.43,2.08,13228,21416,0,192,56673,54290,2257,223,2506,55485,45381,1191,12122,1566,192,46,0,339,9571,38902,56673,228,9109,37899,27706,192,56673,363,10959,4069,48759,0,0,51121,5007,2920,3225,3530,3199.12,537.73,147,56673,0,5213,369
2015,"UF","51",1537,35257,0,28962,5726,169,29110,5935,4676,25,0,7,5147,NA,NA,NA,25.55,6.34,17415,0,4353,34510,13771,0,48759,1927,38180,1115,1102,383,0,1269,8027,0,55983,8077,1191,56673,476,56673,2262,476,56673,2262,NA,NA,NA,38.43,2.08,1537,35257,0,55715,0,28962,220,38180,1115,1102,5726,169,29110,5935,4676,25,0,7,5147,17415,0,383,8027,1269,0,55715,0,55983,4064,8077,1191,56673,0,4353,34510,2920,3225,3530,3199.12,537.73,13771,0,3284,48759,1927
2015,"UF","51",2506,55485,56673,27706,363,10959,4069,48759,0,221,0,13889,13228,NA,NA,NA,25.55,6.34,21416,0,192,56673,2257,54290,1191,12122,1566,192,46,339,0,38902,9571,0,51121,147,56673,0,5213,369,223,5213,369,223,NA,NA,NA,38.43,2.08,2506,55485,56673,228,9109,27706,37899,1566,192,46,363,10959,4069,48759,0,221,0,13889,13228,21416,0,339,9571,38902,0,228,9109,51121,5007,147,56673,0,0,192,56673,2920,3225,3530,3199.12,537.73,2257,54290,45381,1191,12122
2015,"UF","51",1115,1102,0,0,55983,4064,8077,1191,56673,476,56673,2262,1537,NA,NA,NA,25.55,6.34,35257,0,55715,0,220,28962,169,29110,5935,4676,25,7,0,17415,5147,0,4353,13771,0,3284,48759,1927,38180,48759,1927,38180,NA,NA,NA,38.43,2.08,1115,1102,0,383,8027,0,1269,5935,4676,25,55983,4064,8077,1191,56673,476,56673,2262,1537,35257,0,7,5147,17415,0,383,8027,4353,34510,13771,0,3284,0,55715,0,2920,3225,3530,3199.12,537.73,220,28962,5726,169,29110
2015,"UF","51",192,46,0,0,51121,5007,147,56673,0,5213,369,223,2506,NA,NA,NA,25.55,6.34,55485,56673,228,9109,37899,27706,10959,4069,48759,0,221,13889,0,21416,13228,0,192,2257,54290,45381,1191,12122,1566,1191,12122,1566,NA,NA,NA,38.43,2.08,192,46,0,339,9571,0,38902,48759,0,221,51121,5007,147,56673,0,5213,369,223,2506,55485,0,13889,13228,21416,0,339,9571,192,56673,2257,54290,45381,56673,228,9109,2920,3225,3530,3199.12,537.73,37899,27706,363,10959,4069
2015,"UF","51",4676,25,0,0,4353,34510,13771,0,3284,48759,1927,38180,1115,NA,NA,NA,25.55,6.34,1102,0,383,8027,1269,0,4064,8077,1191,56673,476,2262,56673,35257,1537,0,55715,220,28962,5726,169,29110,5935,169,29110,5935,NA,NA,NA,38.43,2.08,4676,25,0,7,5147,0,17415,1191,56673,476,4353,34510,13771,0,3284,48759,1927,38180,1115,1102,56673,2262,1537,35257,0,7,5147,55715,0,220,28962,5726,0,383,8027,2920,3225,3530,3199.12,537.73,1269,0,55983,4064,8077
2015,"UF","51",0,221,0,0,192,56673,2257,54290,45381,1191,12122,1566,192,NA,NA,NA,25.55,6.34,46,0,339,9571,38902,0,5007,147,56673,0,5213,223,369,55485,2506,56673,228,37899,27706,363,10959,4069,48759,10959,4069,48759,NA,NA,NA,38.43,2.08,0,221,0,13889,13228,0,21416,56673,0,5213,192,56673,2257,54290,45381,1191,12122,1566,192,46,369,223,2506,55485,56673,13889,13228,228,9109,37899,27706,363,0,339,9571,2920,3225,3530,3199.12,537.73,38902,0,51121,5007,147
2015,"UF","51",56673,476,56673,0,55715,0,220,28962,5726,169,29110,5935,4676,NA,NA,NA,25.55,6.34,25,0,7,5147,17415,0,34510,13771,0,3284,48759,38180,1927,1102,1115,0,383,1269,0,55983,4064,8077,1191,4064,8077,1191,NA,NA,NA,38.43,2.08,56673,476,56673,2262,1537,0,35257,0,3284,48759,55715,0,220,28962,5726,169,29110,5935,4676,25,1927,38180,1115,1102,0,2262,1537,383,8027,1269,0,55983,0,7,5147,2920,3225,3530,3199.12,537.73,17415,0,4353,34510,13771
2015,"MUNICIPIO","510000",2,0,2,0,0,0,0,2,0,0,0,0,2,25.75,27.5,29.25,27.5,4.95,0,0,0,0,0,2,1,0,0,1,0,1,1,1,1,2,0,0,0,0,1,1,0,1,1,0,35.25,36.5,37.75,36.5,3.54,0,0,0,0,1,0,2,1,0,0,0,0,0,0,0,0,0,0,0,1,2,0,0,0,0,2,0,1,0,0,1,0,0,2,0,2698.75,2807.5,2916.25,2807.5,307.59,0,2,0,0,2
2015,"MUNICIPIO","510010",64,0,62,0,0,0,0,64,0,0,0,0,64,21,25,29,25.52,6.13,0,2,8,44,6,4,7,2,0,55,0,10,54,42,22,64,0,0,0,1,3,57,2,4,57,2,38,39,39.5,38.54,1.76,0,8,2,16,36,0,64,63,1,0,7,14,8,11,18,0,1,0,0,4,64,0,0,0,0,24,40,7,2,0,55,0,0,64,0,2765,3107.5,3440,3117.88,511.97,8,50,5,1,63
2015,"MUNICIPIO","510020",428,0,290,0,0,0,0,428,0,0,0,0,428,20,25,30,25.4,6.47,11,19,94,206,30,58,106,5,0,200,13,65,350,246,182,414,9,0,2,7,25,342,8,34,342,8,38,39,39,38.5,2.16,0,69,22,24,265,0,428,399,22,2,78,64,62,35,88,10,8,12,2,25,422,0,1,5,0,227,201,107,5,0,200,13,0,428,0,2967.5,3312.5,3610,3266.75,549.79,15,305,48,1,427
2015,"MUNICIPIO","510025",894,0,877,0,0,0,0,894,0,0,0,0,894,21,25,30,25.41,6.13,4,26,227,468,61,108,238,31,4,621,0,206,687,554,340,877,17,0,5,7,60,794,12,72,794,12,38,39,40,38.58,1.97,0,118,109,97,537,0,894,862,30,0,217,83,171,51,261,11,14,17,0,51,891,0,2,1,0,471,423,238,31,4,621,0,0,894,0,2925,3240,3560,3206.62,548.74,50,732,79,4,890
2015,"MUNICIPIO","510030",253,0,237,0,0,0,0,253,0,0,0,0,253,20,24,30,24.96,6.26,0,11,61,125,20,36,79,7,1,156,0,94,156,165,88,250,2,0,1,2,19,220,8,22,220,8,38,39,39,38.4,2.01,3,33,12,21,179,0,253,199,35,0,39,25,33,13,70,15,20,2,0,16,252,0,1,0,0,125,128,79,7,1,156,0,0,253,0,2950,3250,3520,3203,547.5,14,196,32,3,250
2015,"MUNICIPIO","510035",42,0,37,0,0,0,0,42,0,0,0,0,42,20,24,30.75,25.38,6.47,0,2,11,20,2,3,10,1,0,27,0,7,32,34,8,42,0,0,0,0,1,40,0,1,40,0,38,39,40,38.93,1.15,0,11,2,3,23,0,42,42,0,0,7,0,19,1,13,0,0,0,0,1,42,0,0,0,0,16,26,10,1,0,27,0,0,42,0,3099.25,3349,3518.75,3363.45,459.02,1,34,6,0,42
2015,"MUNICIPIO","510040",145,0,144,0,0,0,0,145,0,0,0,0,145,21,25,30,25.52,6.31,0,7,46,71,5,16,29,2,0,113,0,49,95,90,55,145,0,0,1,0,6,138,0,7,138,0,38,39,39,38.61,1.66,0,25,10,22,87,0,145,78,67,0,20,11,25,3,15,23,44,0,0,4,141,4,0,0,0,75,70,29,2,0,113,0,0,145,0,3000,3300,3600,3274.91,521.31,7,120,18,2,143
2015,"MUNICIPIO","510050",102,0,81,0,0,0,0,102,0,0,0,0,102,19.25,23,29,24.56,6.55,1,2,28,44,6,5,15,5,0,66,0,40,61,63,39,102,0,0,0,0,12,80,7,12,80,7,38,39,41,39,2.25,1,17,3,5,56,0,102,85,2,0,14,10,21,5,21,0,2,0,0,11,101,0,1,0,0,48,54,18,5,0,78,0,0,102,0,2931.25,3245,3597.5,3253.12,513.47,8,76,11,1,101
2015,"MUNICIPIO","510060",191,0,191,0,0,0,0,191,0,0,0,0,191,20,25,29,24.67,6.13,0,4,56,92,16,23,100,8,0,83,0,63,128,122,69,188,3,0,1,0,15,170,5,16,170,5,38,39,39,38.47,1.95,0,21,1,5,163,0,191,160,24,7,44,8,29,4,65,12,12,3,7,7,191,0,0,0,0,97,94,100,8,0,83,0,0,191,0,2970,3260,3600,3254.34,504.1,11,149,26,0,190
2015,"MUNICIPIO","510080",129,0,45,0,0,0,0,129,0,0,0,0,129,19,23,28,23.98,5.9,0,2,12,21,3,7,16,1,0,25,3,72,56,77,52,123,4,0,0,1,7,119,1,8,119,1,39,41,41,39.98,1.84,0,9,0,0,36,0,129,44,1,0,12,5,6,2,11,1,0,4,0,6,129,0,0,0,0,54,75,52,1,0,73,3,0,129,0,2930,3200,3470,3181.76,546.91,14,98,10,0,129
2015,"MUNICIPIO","510100",37,0,35,0,0,0,0,37,0,0,0,0,37,23,26,30,26.51,6.17,0,1,10,15,2,8,10,2,0,25,0,18,19,28,9,37,0,0,0,0,1,29,6,1,29,6,38,39,40.25,39.17,1.89,0,9,3,3,22,0,37,35,2,0,6,2,9,2,14,1,1,0,0,1,36,1,0,0,0,20,17,10,2,0,25,0,0,37,0,3125,3360,3500,3342.03,330.85,2,28,4,0,37
2015,"MUNICIPIO","510120",10,0,9,0,0,0,0,10,0,0,0,0,10,21,26,31.5,26,5.56,0,0,0,10,0,0,0,2,0,8,0,4,6,8,2,10,0,0,0,0,1,7,1,1,7,1,38,38,39,38.33,2.18,0,3,1,2,4,0,10,7,1,0,0,0,1,2,3,0,1,0,0,1,10,0,0,0,0,6,4,0,2,0,8,0,0,10,0,2842.5,3257.5,3422.5,3164.5,1162.57,1,6,2,0,9
2015,"MUNICIPIO","510125",245,0,241,0,0,0,0,245,0,0,0,0,245,21,25,30,25.48,6.19,0,2,56,136,17,34,48,4,0,191,0,98,146,151,94,239,6,0,0,4,21,219,0,25,219,0,38,39,39,38.3,1.61,1,13,35,24,171,0,245,242,3,0,36,46,30,25,78,1,2,6,0,20,245,0,0,0,0,124,121,48,4,0,191,0,0,245,0,2850,3130,3425,3120.93,466.44,20,205,13,0,245
2015,"MUNICIPIO","510130",140,0,91,0,0,0,0,140,0,0,0,0,140,20,25,30,25.09,6.33,0,0,18,55,8,19,28,5,0,65,0,40,99,83,57,140,0,0,1,0,15,118,6,16,118,6,38,39,41,38.97,2.42,1,19,4,13,58,0,140,99,1,0,23,13,12,11,29,0,1,0,0,11,140,0,0,0,0,67,73,39,6,1,92,0,0,140,0,2990,3317.5,3610,3277.46,555.16,12,106,21,1,139
2015,"MUNICIPIO","510140",345,0,341,0,0,0,0,345,0,0,0,0,345,19,23,27,23.81,5.82,5,21,106,179,10,23,77,18,0,223,24,171,174,216,129,345,0,0,0,6,28,292,18,34,292,18,38,39,40,38.71,2.04,0,86,27,37,185,0,345,337,8,0,83,31,84,17,88,5,3,0,0,33,343,1,0,1,0,192,153,77,18,0,223,24,0,345,0,2920,3305,3600,3258.44,521.31,22,287,33,5,340
2015,"MUNICIPIO","510160",52,0,52,0,0,0,0,52,0,0,0,0,52,20,24,28,25.4,6.22,1,6,15,27,2,1,2,3,0,47,0,6,45,36,16,52,0,0,0,0,4,48,0,4,48,0,38,39,40,38.73,1.7,0,13,5,9,25,0,52,50,1,1,7,4,13,12,10,1,0,0,1,4,50,1,0,1,0,33,19,2,3,0,47,0,0,52,0,3053.75,3298,3656.25,3333.48,491.07,3,43,6,0,52
2015,"MUNICIPIO","510170",518,0,516,0,0,0,0,518,0,0,0,0,518,20,24,28,24.4,6.17,4,27,152,268,20,47,60,8,1,442,7,103,415,317,201,502,16,0,0,0,40,469,8,40,469,8,38,39,40,38.53,1.6,2,135,36,58,255,0,518,512,6,0,145,32,126,32,126,2,3,16,0,35,516,0,2,0,0,271,246,60,8,1,442,7,0,518,0,2926.25,3250,3573.75,3232.19,484.75,27,416,57,4,513
2015,"MUNICIPIO","510180",1058,0,983,0,0,0,0,1058,0,0,0,0,1058,20,24,29,25.17,6.41,23,55,234,481,77,160,319,32,2,554,142,459,595,654,404,1037,20,0,1,7,123,844,74,131,844,74,38,39,40,38.65,2.14,5,280,69,87,582,0,1058,993,28,10,211,112,215,63,258,13,12,20,10,111,1013,1,15,29,0,565,493,319,32,2,555,142,0,1058,0,2950,3260,3585,3253.78,514.83,63,799,136,9,1032
2015,"MUNICIPIO","510185",143,0,82,0,0,0,0,143,0,0,0,0,143,19,23,29,23.76,6.96,7,26,41,55,5,4,15,3,0,62,43,21,117,91,52,143,0,0,1,3,8,112,10,12,112,10,38,39,40,38.65,2.53,0,54,16,10,53,0,143,136,4,0,24,19,35,9,29,2,2,0,0,11,107,1,35,0,0,73,70,15,3,0,62,46,0,143,0,3060,3350,3600,3305.62,626.92,7,103,19,0,141
2015,"MUNICIPIO","510190",303,0,289,0,0,0,0,303,0,0,0,0,303,19,24,29,24.61,6.51,4,24,88,155,8,24,112,7,2,123,58,126,176,199,104,299,4,0,0,7,34,251,10,41,251,10,37,39,40,38.28,2.23,1,56,27,25,193,0,303,301,2,0,52,31,83,38,54,1,1,4,0,38,287,0,13,3,0,164,139,112,7,2,123,58,0,303,0,2900,3200,3500,3172.88,558.88,18,245,32,1,301
2015,"MUNICIPIO","510250",1563,0,1559,0,0,0,0,1563,0,0,0,0,1563,20,25,30,25.23,6.44,4,41,348,827,129,214,252,64,1,1245,0,1202,361,944,619,1535,27,0,8,12,207,1254,80,227,1254,80,37,39,40,38.36,2.32,14,401,178,216,741,0,1563,1526,36,0,388,128,311,93,374,9,22,27,0,207,1558,0,3,2,0,801,762,252,64,1,1245,0,0,1563,0,2945,3245,3560,3223.11,537.41,90,1207,209,6,1557
2015,"MUNICIPIO","510260",416,0,51,0,0,0,0,416,0,0,0,0,416,18,22,28,23.6,6.84,7,17,32,27,3,4,17,0,0,23,49,17,385,310,106,401,10,0,0,7,9,208,6,16,208,6,40,41,41,39.96,2.28,3,22,6,5,34,0,416,89,8,0,15,4,20,0,17,1,0,13,0,7,190,0,39,187,0,216,200,41,1,0,47,318,0,416,0,3000,3280,3600,3298.16,498.38,15,181,21,2,399
2015,"MUNICIPIO","510263",690,0,689,0,0,0,0,690,0,0,0,0,690,20,25,30,25.3,6.21,2,27,177,360,40,84,331,33,3,307,16,117,573,444,246,683,7,0,2,4,67,614,3,73,614,3,38,38,39,38.3,1.87,5,135,33,60,450,0,690,627,16,1,76,119,86,81,201,5,8,7,1,60,690,0,0,0,0,359,331,331,33,3,307,16,0,690,0,2900,3220,3500,3198.12,512.53,31,581,71,4,685
2015,"MUNICIPIO","510267",750,0,733,0,0,0,0,750,0,0,0,0,750,20,25,30,25.46,6.39,0,18,176,406,49,99,210,27,2,510,0,345,404,455,295,736,10,0,4,9,103,588,39,116,588,39,37,39,40,38.25,2.43,1,108,25,23,563,0,750,708,38,1,74,164,57,113,198,12,18,10,1,93,747,0,2,1,0,403,347,210,27,2,510,0,0,750,0,2900,3250,3560,3207.71,546.87,43,577,89,7,743
2015,"MUNICIPIO","510268",145,0,145,0,0,0,0,145,0,0,0,0,145,20,24,28,24.37,5.52,2,3,44,78,4,13,49,5,0,91,0,54,91,94,51,142,3,0,0,3,14,123,5,17,123,5,37,39,40,38.32,2.04,2,22,6,6,107,0,145,140,4,1,24,19,17,12,51,3,1,3,1,14,57,88,0,0,0,72,73,49,5,0,91,0,0,145,0,3000,3220,3525,3242.9,515.63,7,115,19,0,145
2015,"MUNICIPIO","510269",55,0,52,0,0,0,0,55,0,0,0,0,55,19,22,26,23.02,5.47,0,4,12,32,2,2,12,1,1,40,0,15,33,29,26,55,0,0,0,0,6,47,2,6,47,2,38,39,40,38.95,1.76,0,14,8,5,26,0,55,52,1,0,21,1,18,0,6,0,1,0,0,6,54,1,0,0,0,33,22,12,1,1,41,0,0,55,0,3017,3360,3700,3395.89,497.88,3,42,10,0,55
2015,"MUNICIPIO","510270",391,0,236,0,0,0,0,391,0,0,0,0,391,20,24,30,24.86,6.65,28,45,109,143,13,42,65,9,0,158,95,69,310,258,133,386,5,0,0,1,36,294,10,37,294,10,38,39,40,38.67,1.82,2,76,25,29,180,0,391,373,13,0,56,37,93,35,68,7,4,5,0,33,349,13,29,0,0,188,203,65,9,0,158,95,0,391,0,2985,3280,3600,3264.75,483.44,17,273,41,1,389
2015,"MUNICIPIO","510279",122,0,118,0,0,0,0,122,0,0,0,0,122,20,25,29,25.3,6.46,1,6,34,65,3,11,24,6,0,91,0,24,98,74,48,116,6,0,0,0,7,111,1,7,111,1,38,39,40,38.74,1.34,0,12,2,12,92,0,122,116,5,0,35,8,18,7,37,0,2,6,0,5,122,0,0,0,0,64,58,24,6,0,91,0,0,122,0,2987.5,3250,3566.25,3246.97,406.56,4,101,8,1,121
2015,"MUNICIPIO","510285",93,0,93,0,0,0,0,93,0,0,0,0,93,19,23,28,24.33,6.28,0,6,24,54,3,6,30,4,0,58,1,53,40,49,44,91,2,0,0,1,7,80,5,8,80,5,38,38,39,38.38,1.89,2,13,5,16,57,0,93,91,2,0,20,22,9,9,21,0,2,2,0,8,93,0,0,0,0,41,52,30,4,0,58,1,0,93,0,2950,3250,3470,3210.16,434.7,3,81,6,1,92
2015,"MUNICIPIO","510300",261,0,258,0,0,0,0,261,0,0,0,0,261,20,25,30,25.18,6.41,0,12,60,154,16,19,30,13,1,215,1,80,181,171,90,250,11,0,1,1,23,233,1,25,233,1,38,39,40,38.61,1.91,2,58,17,19,160,0,261,255,5,1,34,38,52,36,66,1,4,11,1,16,256,0,3,2,0,135,125,30,13,1,215,1,0,261,0,2900,3230,3570,3194.75,587.35,21,196,30,2,259
2015,"MUNICIPIO","510305",142,0,142,0,0,0,0,142,0,0,0,0,142,21,27,32,26.77,7.15,0,13,39,65,6,19,55,7,0,80,0,18,124,97,45,141,1,0,0,0,17,123,2,17,123,2,38,39,40,38.42,1.88,0,26,6,8,99,0,142,140,2,0,21,19,31,12,40,0,2,1,0,16,142,0,0,0,0,67,75,55,7,0,80,0,0,142,0,2860,3220,3515,3199.71,522.59,9,119,13,0,141
2015,"MUNICIPIO","510310",78,0,63,0,0,0,0,78,0,0,0,0,78,19,22,26,22.78,4.98,1,5,19,43,2,8,24,4,0,42,1,14,57,53,25,77,1,0,0,0,7,66,2,7,66,2,38,38,39,38.45,1.5,0,18,0,4,52,0,78,60,8,9,8,9,12,1,23,4,4,1,9,4,77,0,0,1,0,40,38,24,4,0,42,1,0,78,0,2930,3180,3567.5,3249.68,481.82,4,59,10,0,77
2015,"MUNICIPIO","510320",543,0,535,0,0,0,0,543,0,0,0,0,543,20,24,29,25.07,6.32,3,16,124,298,40,62,180,15,2,338,7,229,311,322,221,541,2,0,2,1,62,463,10,65,463,10,37,38,39,38.21,1.84,1,68,35,43,391,0,543,423,120,0,71,75,42,40,131,53,67,2,0,57,542,0,1,0,0,278,265,180,15,2,338,7,0,543,0,2850,3150,3430,3135.27,504.99,44,435,55,1,542
2015,"MUNICIPIO","510325",404,0,383,0,0,0,0,404,0,0,0,0,404,20,24,29,24.44,5.82,0,39,143,192,7,15,94,11,8,288,0,62,339,242,162,398,6,0,2,1,29,342,15,32,342,15,38,39,40,38.77,2.04,2,80,40,44,223,0,404,388,10,0,106,30,93,18,91,3,7,6,0,29,399,3,1,1,0,211,193,94,11,8,288,0,0,404,0,3003.75,3295,3600,3279.02,506.04,17,320,43,2,401
2015,"MUNICIPIO","510330",338,0,287,0,0,0,0,338,0,0,0,0,338,19,23,29,24.32,6.13,9,37,92,127,16,19,87,15,2,154,67,140,184,213,125,333,5,0,4,2,9,315,5,15,315,5,38,38,39,38.39,1.98,0,70,23,28,210,0,338,317,15,1,42,67,66,35,90,6,7,4,1,12,333,0,0,3,2,169,169,87,15,2,154,67,0,338,0,2902.5,3162.5,3470,3165.52,505.54,25,284,21,0,327
2015,"MUNICIPIO","510335",487,0,463,0,0,0,0,487,0,0,0,0,487,19,23,28,23.89,5.93,1,23,129,284,15,31,111,5,1,340,14,93,340,301,186,479,8,0,1,0,44,415,26,45,415,26,38,39,40,38.96,1.91,0,127,31,50,268,0,487,466,12,1,151,8,158,7,94,4,7,7,1,41,482,1,2,2,0,253,234,112,5,1,340,14,0,487,0,2998.5,3300,3577.5,3253.16,498.69,29,398,46,2,484
2015,"MUNICIPIO","510336",56,0,56,0,0,0,0,56,0,0,0,0,56,21.75,25,30.25,25.86,6.77,1,4,11,31,3,6,17,5,2,29,3,11,45,32,24,54,2,0,0,0,4,46,6,4,46,6,38,39,40,38.93,1.85,0,9,2,2,41,0,56,52,3,1,10,7,13,2,15,3,0,2,1,3,56,0,0,0,0,26,30,17,5,2,29,3,0,56,0,2853.75,3162.5,3500,3172.73,491.3,8,40,6,0,56
2015,"MUNICIPIO","510337",167,0,161,0,0,0,0,167,0,0,0,0,167,20,24,29,24.67,6.14,0,16,55,79,2,12,62,8,1,93,3,29,138,92,75,163,4,0,0,3,16,135,8,19,135,8,38,39,40,38.51,2.31,1,34,14,12,103,0,167,162,4,1,41,16,34,12,36,4,0,4,1,14,167,0,0,0,0,85,82,62,8,1,93,3,0,167,0,2957.5,3280,3550,3217.82,521.26,6,135,16,1,165
2015,"MUNICIPIO","510340",10689,0,10651,0,0,0,0,10689,0,0,0,0,10689,22,26,31,26.65,6.4,11,111,1493,5651,1005,2418,2266,517,45,7830,10,3138,7539,6416,4273,10433,240,7,59,96,1012,9419,87,1174,9419,87,38,39,39,38.26,2.1,26,2097,726,882,6829,0,10689,10291,357,32,1431,2240,1441,1265,2795,109,175,247,32,939,10641,7,37,4,0,5475,5214,2266,517,45,7830,10,0,10689,0,2880,3195,3500,3156.33,560.2,628,8839,951,57,10623
2015,"MUNICIPIO","510343",68,0,68,0,0,0,0,68,0,0,0,0,68,20,25,31.25,25.96,7.11,1,3,22,36,1,5,22,2,0,44,0,43,25,43,25,65,3,0,0,0,9,57,2,9,57,2,37,39,39,38.16,1.78,1,11,4,9,43,0,68,68,0,0,15,6,7,9,21,0,0,3,0,7,68,0,0,0,0,37,31,22,2,0,44,0,0,68,0,2872.5,3182.5,3452.5,3131.78,524.36,7,52,6,0,68
2015,"MUNICIPIO","510345",106,0,102,0,0,0,0,106,0,0,0,0,106,20,26,30.75,25.7,6.31,0,5,29,54,5,10,20,6,0,78,0,13,93,68,38,106,0,0,0,1,19,83,3,20,83,3,37,38,40,38.1,2.26,0,16,8,7,72,0,106,102,1,1,22,9,20,7,24,0,1,0,1,20,106,0,0,0,0,58,48,21,6,0,79,0,0,106,0,2811.25,3157.5,3388.75,3092.95,596.77,10,83,12,1,105
2015,"MUNICIPIO","510350",343,0,334,0,0,0,0,343,0,0,0,0,343,21,26,31,26.03,6.42,0,7,67,181,24,56,97,16,2,220,1,107,236,224,119,337,6,0,1,1,46,280,14,48,280,14,38,39,40,38.37,2.23,1,58,3,21,251,0,343,323,13,0,54,48,57,33,83,1,12,6,0,41,341,2,0,0,0,154,188,98,16,2,226,1,0,343,0,2912.5,3245,3542.5,3210.52,532.02,18,274,39,5,338
2015,"MUNICIPIO","510360",86,0,86,0,0,0,0,86,0,0,0,0,86,19.25,25,29,24.79,6.22,0,2,24,53,2,5,8,1,0,77,0,34,52,55,31,84,2,0,0,1,5,76,4,6,76,4,38,39,40,38.91,1.93,0,28,7,9,42,0,86,77,9,0,16,4,23,4,23,6,3,2,0,5,86,0,0,0,0,43,43,8,1,0,77,0,0,86,0,2972.5,3260,3606.25,3247.33,540.47,6,69,9,0,86
2015,"MUNICIPIO","510370",164,0,159,0,0,0,0,164,0,0,0,0,164,19,24,29.25,24.62,6.39,8,26,61,53,4,12,41,7,2,76,38,27,137,118,46,162,2,1,1,3,18,138,3,23,138,3,38,39,40,38.27,2.81,2,36,6,9,106,0,164,158,4,2,17,21,47,25,27,1,2,2,2,20,158,2,3,1,0,75,89,41,7,2,76,38,0,164,0,3035,3215,3492.5,3223.05,552.9,4,136,20,2,162
2015,"MUNICIPIO","510380",46,0,45,0,0,0,0,46,0,0,0,0,46,21.25,24,28,24.8,5.65,0,1,15,19,3,8,9,1,0,35,0,13,33,31,15,46,0,0,1,0,1,44,0,2,44,0,38,39,39,38.33,2.56,0,5,6,9,26,0,46,45,1,0,7,6,8,2,20,1,0,0,0,2,46,0,0,0,0,22,24,9,1,0,35,0,0,46,0,2807.5,3095,3300,3108.26,514,4,37,5,1,45
2015,"MUNICIPIO","510385",162,0,123,0,0,0,0,162,0,0,0,0,162,19.25,25,29.75,24.78,6.38,34,24,31,49,7,13,35,18,0,38,68,47,112,107,55,160,2,0,0,0,20,133,3,20,133,3,38,39,39,38.32,1.67,0,42,25,36,47,0,162,160,2,0,35,10,57,6,28,0,0,2,0,18,125,10,27,0,0,93,69,35,18,0,38,68,0,162,0,2905,3185,3500,3179.17,462.18,10,132,12,0,161
2015,"MUNICIPIO","510390",114,0,83,0,0,0,0,114,0,0,0,0,114,20,24,29,24.65,6.37,6,13,26,43,1,8,12,3,0,17,68,61,49,91,23,114,0,0,0,0,9,87,3,9,87,3,38,39,40,38.84,1.9,2,35,11,10,24,0,114,95,4,0,14,5,33,8,13,1,3,0,0,8,106,1,6,1,0,58,56,14,3,0,21,76,0,114,0,2998.75,3315,3667.5,3364.39,497.13,4,75,18,1,110
2015,"MUNICIPIO","510395",24,0,24,0,0,0,0,24,0,0,0,0,24,24.75,27.5,29.5,27.79,5.27,1,1,3,12,1,6,12,0,0,12,0,10,14,18,6,24,0,0,0,0,0,22,2,0,22,2,38,39,39,39.04,1.3,0,3,4,2,15,0,24,24,0,0,6,0,5,1,12,0,0,0,0,0,24,0,0,0,0,11,13,12,0,0,12,0,0,24,0,2772.5,3185,3538.75,3230,524.09,3,18,3,0,24
2015,"MUNICIPIO","510410",532,0,505,0,0,0,0,532,0,0,0,0,532,20,25,30,25.51,6.24,11,36,154,234,32,63,200,7,0,293,20,204,325,336,196,514,14,0,1,7,49,441,31,57,441,31,38,38,40,38.43,2.22,0,75,17,15,397,0,532,513,15,1,96,72,122,42,121,4,7,16,1,45,515,0,17,0,0,266,266,200,7,0,293,20,0,532,0,2870,3175,3460,3154.02,543.54,41,411,47,3,525
2015,"MUNICIPIO","510420",86,0,85,0,0,0,0,86,0,0,0,0,86,20,24,27,23.93,5.48,1,4,20,44,5,12,19,1,0,64,1,24,62,55,31,83,3,0,2,1,9,66,8,12,66,8,37,38,40,38.16,3.32,1,15,7,5,57,0,86,70,16,0,17,2,24,2,14,5,9,3,0,10,86,0,0,0,0,40,46,19,1,0,64,1,0,86,0,2861.25,3227.5,3513.75,3131.02,618.9,5,69,7,1,85
2015,"MUNICIPIO","510450",35,0,34,0,0,0,0,35,0,0,0,0,35,22.5,28,33,27.97,6.66,0,3,8,17,4,3,4,1,0,30,0,16,19,25,10,35,0,0,0,0,1,31,2,1,31,2,38,39,39,39.03,1.51,0,4,1,1,29,0,35,35,0,0,2,7,3,7,14,0,0,0,0,1,35,0,0,0,0,19,16,4,1,0,30,0,0,35,0,3092.5,3370,3640,3373.14,386.14,0,29,4,0,35
2015,"MUNICIPIO","510452",94,0,93,0,0,0,0,94,0,0,0,0,94,22,27,31.75,26.81,6.29,0,4,41,34,2,13,36,6,0,51,0,9,85,64,30,94,0,0,0,1,7,86,0,8,86,0,38,39,40,38.79,1.72,0,20,3,3,68,0,94,93,1,0,7,22,15,12,30,0,1,0,0,7,94,0,0,0,0,46,48,36,6,0,51,0,0,94,0,3017.5,3270,3571.25,3276.9,428.24,3,84,7,1,93
2015,"MUNICIPIO","510454",75,0,74,0,0,0,0,75,0,0,0,0,75,21,24,30,25.32,6.52,1,5,17,36,5,11,32,1,1,40,0,9,66,53,22,75,0,0,1,0,5,68,1,6,68,1,38,39,40,38.81,2.04,0,27,2,6,40,0,75,75,0,0,5,15,11,14,24,0,0,0,0,6,72,2,0,1,0,43,32,32,1,1,40,0,0,75,0,2970,3185,3410,3198.27,511.99,7,62,5,1,74
2015,"MUNICIPIO","510455",87,0,86,0,0,0,0,87,0,0,0,0,87,19.5,25,29,24.98,6.21,0,5,21,48,2,11,25,1,0,61,0,51,36,52,35,87,0,0,0,1,8,67,10,9,67,10,38,39,40,38.66,2.54,0,13,1,3,70,0,87,64,22,1,8,15,12,11,12,7,15,0,1,5,87,0,0,0,0,47,40,25,1,0,61,0,0,87,0,2980,3200,3705,3279.89,480.76,4,66,12,0,86
2015,"MUNICIPIO","510460",211,0,208,0,0,0,0,211,0,0,0,0,211,19,24,29,24.49,6.29,1,16,67,95,11,21,41,4,0,166,0,74,133,141,70,211,0,0,1,3,29,166,9,33,166,9,37,38,40,38.17,2.53,0,34,31,22,122,0,211,189,22,0,43,8,54,4,54,5,17,0,0,23,209,2,0,0,0,108,103,41,4,0,166,0,0,211,0,2957,3254,3552,3223.73,511.95,7,166,30,2,209
2015,"MUNICIPIO","510480",486,0,484,0,0,0,0,486,0,0,0,0,486,19,24,29,24.68,6.34,1,20,95,277,30,63,109,11,0,364,0,279,205,297,189,476,10,0,2,2,23,456,3,27,456,3,38,39,40,38.74,1.73,4,83,92,97,208,0,486,463,23,0,56,112,73,45,153,5,15,10,0,17,485,0,0,1,0,270,216,109,11,0,364,0,0,486,0,3000,3300,3550,3275.02,512.78,25,401,50,7,479
2015,"MUNICIPIO","510490",123,0,120,0,0,0,0,123,0,0,0,0,123,19.5,23,30,24.84,6.56,1,6,29,74,4,9,10,0,0,111,0,35,88,70,53,123,0,0,0,0,7,115,0,7,115,0,38,39,40,38.79,1.39,0,36,11,13,62,0,123,120,3,0,25,23,29,11,24,0,3,0,0,7,121,0,1,1,0,63,60,10,0,0,111,0,0,123,0,2907.5,3194,3496,3222.5,487.25,8,109,5,0,123
2015,"MUNICIPIO","510500",153,0,136,0,0,0,0,153,0,0,0,0,153,23,27,32,27.29,6.38,1,10,45,77,6,14,42,4,0,107,0,37,116,98,55,144,6,0,1,4,6,121,4,11,121,4,38,39,39.25,38.54,2.41,0,20,26,22,80,0,153,143,3,3,19,25,29,11,37,0,1,6,3,4,153,0,0,0,0,78,75,42,4,0,107,0,0,153,0,3000,3290,3550,3233.63,573.96,7,108,12,2,151
2015,"MUNICIPIO","510510",556,0,546,0,0,0,0,556,0,0,0,0,556,20,24,29,24.83,6.05,4,39,181,253,22,57,185,15,1,302,49,96,456,355,201,544,12,1,3,3,43,496,9,50,496,9,38,39,40,38.58,2.07,0,122,36,60,332,0,556,534,18,0,147,23,144,11,160,10,6,12,0,38,552,0,3,1,0,280,276,185,15,1,302,49,0,556,0,2897.5,3200,3482.5,3159.58,541.29,38,455,44,3,547
2015,"MUNICIPIO","510515",706,0,706,0,0,0,0,706,0,0,0,0,706,20,24,30,24.99,6.33,2,30,186,366,42,80,252,59,1,383,11,429,277,419,287,690,16,0,1,6,98,577,24,105,577,24,38,39,40,38.33,2.09,2,103,52,94,455,0,706,691,15,0,126,111,98,61,188,8,4,16,0,94,706,0,0,0,0,339,367,252,59,1,383,11,0,706,0,2951.25,3240,3500,3206.07,480.34,39,563,79,8,698
2015,"MUNICIPIO","510517",141,0,141,0,0,0,0,141,0,0,0,0,141,20,24,28,24.65,6.32,0,7,54,70,2,8,64,7,0,70,0,20,121,91,50,139,2,0,0,0,9,125,7,9,125,7,38,39,40,38.96,1.75,0,13,3,5,116,0,141,133,0,8,33,13,31,12,33,0,0,2,8,9,140,0,1,0,0,71,70,64,7,0,70,0,0,141,0,3000,3350,3700,3339.03,554.15,7,104,27,0,141
2015,"MUNICIPIO","510520",143,0,142,0,0,0,0,143,0,0,0,0,143,20.5,24,29,24.95,5.96,0,13,24,85,8,13,24,6,0,113,0,80,63,89,54,142,0,0,0,1,7,135,0,8,135,0,38,39,40,38.91,1.57,0,24,14,18,87,0,143,127,16,0,16,29,25,13,38,6,10,0,0,5,141,0,1,1,0,76,67,24,6,0,113,0,0,143,0,3000,3300,3570,3278.93,522.85,8,119,15,2,141
2015,"MUNICIPIO","510523",58,0,58,0,0,0,0,58,0,0,0,0,58,21,27,30,26.16,7.07,0,3,18,34,2,1,10,4,0,44,0,36,22,37,21,56,2,0,0,0,10,44,4,10,44,4,37,39,40,38.48,2.32,0,10,4,10,34,0,58,56,2,0,15,5,12,2,12,1,1,2,0,8,55,2,0,1,0,25,33,10,4,0,44,0,0,58,0,2876.25,3220,3482.5,3206.72,520.12,4,45,6,1,57
2015,"MUNICIPIO","510525",1316,0,1313,0,0,0,0,1316,0,0,0,0,1316,22,26,31,26.38,6.09,1,20,300,712,87,196,522,66,5,721,1,425,890,816,500,1287,27,0,4,4,104,1172,30,112,1172,30,38,39,40,38.5,1.82,2,170,45,65,1029,0,1316,1110,195,2,125,279,127,159,313,64,129,27,2,81,1313,1,2,0,0,657,659,522,66,5,721,1,0,1316,0,2915,3220,3541.25,3204.83,503.19,66,1099,121,4,1301
2015,"MUNICIPIO","510530",28,0,25,0,0,0,0,28,0,0,0,0,28,20.75,26,31,26.54,6.89,1,2,9,12,0,3,3,1,0,17,5,7,21,23,5,28,0,0,1,1,2,24,0,4,24,0,37.75,38,40,37.82,3.14,0,11,2,4,10,0,28,28,0,0,5,0,13,0,6,0,0,0,0,4,24,3,1,0,0,18,10,3,1,0,17,5,0,28,0,2976.25,3352.5,3731.25,3303.11,544.04,4,15,9,0,28
2015,"MUNICIPIO","510550",259,0,247,0,0,0,0,259,0,0,0,0,259,19,23,28,24.02,5.86,0,19,80,137,9,11,23,44,0,186,2,77,175,161,98,250,8,0,0,3,44,200,9,47,200,9,37,38,40,38.09,2.26,4,93,16,34,108,0,259,232,16,7,52,21,46,16,54,5,9,7,7,37,251,0,8,0,0,148,111,23,44,0,186,2,0,259,0,2903.75,3162.5,3528.75,3176.06,476.42,19,189,35,1,256
2015,"MUNICIPIO","510558",205,0,155,0,0,0,0,205,0,0,0,0,205,20,24,28,24.4,5.27,3,13,55,116,1,14,24,4,0,162,14,38,165,128,77,201,4,0,0,0,15,188,2,15,188,2,38,39,39,38.65,1.59,3,35,9,18,137,0,205,74,131,0,14,10,24,4,15,47,80,4,0,7,197,0,8,0,0,98,107,24,4,0,162,14,0,205,0,2970,3335,3600,3288.48,551.63,15,158,27,0,70
2015,"MUNICIPIO","510560",249,0,243,0,0,0,0,249,0,0,0,0,249,20,24,29,24.67,6.02,0,12,53,137,10,35,76,15,1,154,1,36,210,152,97,245,4,0,0,1,25,207,16,26,207,16,38,39,40,38.58,2.09,0,40,11,27,169,0,249,233,15,1,43,38,49,14,66,5,10,4,1,19,249,0,0,0,0,135,114,76,15,1,154,1,0,249,0,2950,3215,3530,3233.6,446.7,13,198,25,0,247
2015,"MUNICIPIO","510562",452,0,448,0,0,0,0,452,0,0,0,0,452,21,25,30,25.63,6.4,1,15,112,251,29,44,223,11,1,217,0,198,253,266,186,447,5,0,2,4,27,409,9,33,409,9,38,39,39,38.39,1.75,3,89,53,55,251,0,452,446,5,0,108,62,69,30,145,2,2,5,0,27,452,0,0,0,0,216,236,223,11,1,217,0,0,452,0,2860,3145,3420,3119.28,490.24,33,390,23,2,450
2015,"MUNICIPIO","510590",249,0,135,0,0,0,0,249,0,0,0,0,249,20,25,29,25.09,6.42,0,4,23,77,12,26,32,2,0,107,0,59,187,160,89,249,0,1,1,4,21,214,1,27,214,1,38,40,41,39.13,2.7,0,20,10,15,89,0,249,136,6,0,20,24,18,11,36,2,4,0,0,21,247,0,1,1,0,126,123,42,3,1,201,1,0,249,0,2850,3176,3456,3127.45,573.78,32,186,23,5,243
2015,"MUNICIPIO","510600",111,0,68,0,0,0,0,111,0,0,0,0,111,21,25,30,25.93,6.57,2,1,18,35,3,14,17,1,0,56,0,28,82,70,41,107,4,0,1,0,17,85,8,18,85,8,38,39,41,38.96,2.52,0,10,4,5,53,0,111,73,3,0,10,12,5,9,20,0,3,4,0,13,111,0,0,0,0,58,53,28,2,1,78,0,0,111,0,2900,3300,3500,3245.74,547.24,10,83,13,0,109
2015,"MUNICIPIO","510610",140,0,123,0,0,0,0,140,0,0,0,0,140,21,25,30,25.36,6.13,0,7,38,73,6,14,8,6,0,112,0,41,97,98,42,135,5,0,0,1,7,118,1,8,118,1,38,39,39,38.64,1.57,0,25,7,19,75,0,140,135,3,0,15,17,21,24,37,1,0,5,0,6,138,1,1,0,0,71,69,9,6,0,113,0,0,140,0,2918.75,3255,3536.25,3223.71,497.22,7,100,14,1,139
2015,"MUNICIPIO","510615",157,0,154,0,0,0,0,157,0,0,0,0,157,21,24,29,24.94,6.05,1,12,56,69,5,14,43,10,0,103,0,28,128,109,48,155,2,0,0,2,13,135,6,15,135,6,38,39,40,38.5,1.97,1,29,18,15,90,0,157,151,4,2,28,12,49,7,40,0,4,2,2,12,156,0,0,1,0,79,78,43,10,0,103,0,0,157,0,2945,3250,3550,3221.95,534.46,10,120,23,0,157
2015,"MUNICIPIO","510617",45,0,24,0,0,0,0,45,0,0,0,0,45,18,25,30,24.76,7.12,8,6,10,11,2,4,5,1,0,14,19,9,36,31,14,43,2,0,0,1,1,33,2,2,33,2,38,39,39,38.49,2.01,0,7,3,2,18,0,45,44,1,0,4,5,10,1,13,1,0,2,0,2,44,0,0,1,0,22,23,5,1,0,14,19,0,45,0,2950,3220,3570,3249.98,454.17,0,28,6,0,45
2015,"MUNICIPIO","510618",77,0,77,0,0,0,0,77,0,0,0,0,77,19,24,29,24.27,6.27,1,5,22,36,6,7,20,5,1,50,1,32,43,41,36,75,2,0,1,2,6,63,5,9,63,5,38,39,40,38.45,2.94,0,12,3,9,53,0,77,70,4,3,21,10,8,6,16,2,2,2,3,7,77,0,0,0,0,36,41,20,5,1,50,1,0,77,0,2865,3180,3515,3109.16,615.38,7,61,4,2,75
2015,"MUNICIPIO","510619",58,0,57,0,0,0,0,58,0,0,0,0,58,20,25,28,24.69,6.56,0,3,18,26,2,9,25,1,0,32,0,34,24,36,22,51,6,0,2,3,13,35,4,18,35,4,35,38,40,37.28,3.75,0,7,2,2,46,0,58,30,27,0,3,4,4,3,6,7,16,6,0,8,58,0,0,0,0,26,32,25,1,0,32,0,0,58,0,2742.5,3080,3297.5,2993.62,651.08,5,39,5,0,58
2015,"MUNICIPIO","510620",42,0,41,0,0,0,0,42,0,0,0,0,42,18.25,25,30,25.02,7.62,0,3,9,25,3,2,2,1,0,39,0,12,30,25,17,42,0,0,0,0,1,40,0,1,40,0,38,39,40,38.88,1.4,0,7,4,2,28,0,42,40,2,0,5,11,6,8,8,1,1,0,0,1,42,0,0,0,0,26,16,2,1,0,39,0,0,42,0,3057.5,3230,3575,3310.12,429.29,2,34,5,0,42
2015,"MUNICIPIO","510621",191,0,190,0,0,0,0,191,0,0,0,0,191,21,25,30.5,25.63,6.29,1,14,40,99,11,25,72,3,0,116,0,77,114,123,68,189,2,0,0,2,16,163,9,18,163,9,37,38,39,38.27,1.99,0,13,7,6,165,0,191,149,41,0,31,20,21,15,46,16,25,2,0,13,191,0,0,0,0,88,103,72,3,0,116,0,0,191,0,2910,3170,3425,3172.56,449.47,8,164,14,0,190
2015,"MUNICIPIO","510622",895,0,888,0,0,0,0,895,0,0,0,0,895,21,25,30,25.67,6.22,0,23,174,535,49,114,210,23,4,658,0,142,752,541,354,866,25,0,2,5,69,801,16,76,801,16,38,39,40,38.56,1.83,3,163,30,41,655,0,895,870,20,4,152,165,114,131,231,6,10,24,4,54,893,0,0,2,0,489,406,210,23,4,658,0,0,895,0,2962.5,3265,3560,3237.49,516.73,48,723,91,7,887
2015,"MUNICIPIO","510623",319,0,315,0,0,0,0,319,0,0,0,0,319,19,23,28,24.37,6.42,1,13,77,184,16,27,19,2,2,293,0,60,259,194,125,318,1,0,0,3,43,266,7,46,266,7,37,39,40,38.34,2.07,1,69,25,28,184,0,319,311,7,0,75,28,75,16,72,3,4,1,0,44,319,0,0,0,0,164,155,19,2,2,294,0,0,319,0,2865,3200,3475,3176.52,506.85,19,261,38,3,316
2015,"MUNICIPIO","510624",138,0,136,0,0,0,0,138,0,0,0,0,138,20,24,29,24.97,6.02,1,10,31,83,4,8,40,7,0,89,2,29,109,89,49,134,4,0,0,3,11,122,1,14,122,1,38,39,40,38.8,2.1,0,34,5,8,90,0,138,137,1,0,16,26,26,23,29,0,1,4,0,12,137,0,0,1,0,74,64,40,7,0,89,2,0,138,0,2892.5,3287.5,3597.5,3221.12,549.97,10,110,13,0,138
2015,"MUNICIPIO","510625",273,0,266,0,0,0,0,273,0,0,0,0,273,20,23,28,24.38,6.26,2,12,55,146,23,31,68,8,0,184,8,54,219,161,112,267,6,0,0,2,34,229,7,36,229,7,38,39,39,38.32,1.81,1,50,29,29,160,0,273,261,2,1,50,46,23,18,89,0,1,5,1,30,273,0,0,0,0,149,124,70,8,0,185,8,0,273,0,3000,3200,3550,3246.56,487.47,10,225,30,0,272
2015,"MUNICIPIO","510626",66,0,63,0,0,0,0,66,0,0,0,0,66,20,25,32,25.89,6.99,0,3,17,35,4,7,21,4,0,41,0,11,55,42,24,64,2,0,1,0,7,55,1,8,55,1,37,38,40,38.16,2.57,0,7,2,3,53,0,66,65,1,0,14,6,13,4,17,0,1,2,0,7,66,0,0,0,0,27,39,21,4,0,41,0,0,66,0,2856.25,3120,3440,3101.82,519.6,3,53,6,0,65
2015,"MUNICIPIO","510627",36,0,36,0,0,0,0,36,0,0,0,0,36,20,23,26,23.36,4.96,0,2,16,14,1,2,6,1,0,29,0,6,30,23,13,36,0,0,0,0,1,35,0,1,35,0,38,39,40,39,1.29,0,9,0,0,27,0,36,35,1,0,10,2,12,0,10,0,1,0,0,1,36,0,0,0,0,18,18,6,1,0,29,0,0,36,0,3095,3250,3643.75,3287.58,789.35,4,24,8,1,35
2015,"MUNICIPIO","510628",100,0,95,0,0,0,0,100,0,0,0,0,100,20,25,30,25.15,6.27,2,5,34,46,1,11,27,2,0,67,3,28,72,66,34,97,2,0,0,0,7,88,2,7,88,2,38,39,40,38.8,1.58,0,24,9,6,59,0,100,94,2,0,28,4,15,4,34,0,2,2,0,6,99,0,0,1,0,46,54,27,2,0,68,3,0,100,0,2850,3200,3550,3239.28,514.95,7,71,16,1,98
2015,"MUNICIPIO","510629",196,0,195,0,0,0,0,196,0,0,0,0,196,20,24.5,30,25.41,6.38,2,14,60,89,12,19,46,3,0,146,0,23,171,125,71,189,7,0,0,2,18,172,4,20,172,4,38,39,40,38.76,1.86,0,33,9,7,145,0,196,195,1,0,48,17,42,14,51,1,0,7,0,16,196,0,0,0,0,99,97,46,3,0,146,0,0,196,0,2891.25,3257.5,3587.5,3236.44,571.66,14,150,22,1,195
2015,"MUNICIPIO","510630",366,0,344,0,0,0,0,366,0,0,0,0,366,20,24,29,24.48,6.03,3,24,129,129,14,19,78,3,3,241,41,66,298,245,121,361,3,0,2,5,32,307,13,39,307,13,38,39,40,38.46,2.29,3,82,23,35,211,0,366,336,25,3,86,16,115,12,69,7,16,3,3,30,349,0,17,0,0,177,189,78,3,3,241,41,0,366,0,2951.25,3300,3560,3227.87,551.25,24,286,44,3,363
2015,"MUNICIPIO","510631",24,0,21,0,0,0,0,24,0,0,0,0,24,19,22,30.25,24.08,7.53,0,1,5,15,0,3,2,2,0,19,0,7,17,15,9,24,0,0,0,0,3,17,2,3,17,2,38,39,40,39.09,1.97,0,5,2,1,14,0,24,21,2,0,5,2,2,1,7,1,1,0,0,2,24,0,0,0,0,9,15,2,2,0,19,0,0,24,0,3113.75,3307.5,3660,3385.71,516.98,1,16,4,0,24
2015,"MUNICIPIO","510637",244,0,241,0,0,0,0,244,0,0,0,0,244,20,24.5,29,25.04,6.3,1,8,70,122,14,29,40,5,0,199,0,71,171,173,71,238,6,2,1,0,26,211,4,29,211,4,38,39,39,38.35,2.56,2,62,18,27,134,0,244,168,74,0,23,19,52,16,41,24,46,6,0,15,243,0,1,0,0,120,124,40,5,0,199,0,0,244,0,2993.75,3255,3500,3208.5,567.57,13,201,21,2,242
2015,"MUNICIPIO","510642",520,0,491,0,0,0,0,520,0,0,0,0,520,19,23,28,23.6,6.12,28,45,121,267,18,36,85,24,1,335,74,136,377,346,174,510,10,0,1,5,42,427,23,48,427,23,38,39,40,38.78,2.18,1,123,37,59,278,0,520,490,28,0,108,36,159,39,84,10,12,10,0,41,499,2,18,1,0,260,260,85,24,1,335,74,0,520,0,3000,3285,3600,3278.7,495.81,26,396,64,6,512
2015,"MUNICIPIO","510645",44,0,44,0,0,0,0,44,0,0,0,0,44,21,25,29,25.34,6.48,1,3,9,23,2,6,6,2,0,35,1,12,32,33,11,42,2,0,1,0,4,39,0,5,39,0,38,39,40,38.14,2.86,0,4,5,7,28,0,44,42,2,0,6,4,7,11,10,1,1,2,0,2,43,0,0,1,0,21,23,6,2,0,35,1,0,44,0,2966.25,3212.5,3451.25,3032.52,717.85,4,36,2,1,43
2015,"MUNICIPIO","510650",499,0,441,0,0,0,0,499,0,0,0,0,499,20,24,29,24.93,6.48,4,26,147,271,12,35,31,38,8,391,0,155,334,324,175,492,6,0,0,4,33,423,6,37,423,6,38,39,39,38.52,1.71,2,133,19,32,283,0,499,489,5,0,74,67,106,58,119,1,2,6,0,33,493,0,4,2,0,266,233,31,38,8,391,0,0,499,0,2910,3215,3580,3233.29,523.82,31,375,54,9,486
2015,"MUNICIPIO","510665",90,0,85,0,0,0,0,90,0,0,0,0,90,20.25,23,29,24.53,6.11,0,1,25,48,7,7,23,1,0,65,0,44,46,51,39,90,0,0,0,2,4,82,2,6,82,2,38,39,40,38.69,1.79,0,17,9,9,55,0,90,85,2,0,18,16,14,5,27,1,1,0,0,5,90,0,0,0,0,45,45,23,1,0,65,0,0,90,0,3038.75,3330,3613.75,3339.33,490.99,3,71,16,0,88
2015,"MUNICIPIO","510670",8,0,5,0,0,0,0,8,0,0,0,0,8,18.75,21.5,25,22,4.6,0,0,2,3,0,0,1,0,0,4,0,2,5,6,2,8,0,0,0,0,0,8,0,0,8,0,38.75,40.5,41,39.75,1.58,0,1,0,0,4,0,8,4,0,1,2,0,0,0,2,0,0,0,1,0,8,0,0,0,0,4,4,4,0,0,4,0,0,8,0,3026.25,3269,3515,3206,414.16,0,8,0,0,8
2015,"MUNICIPIO","510675",826,0,817,0,0,0,0,826,0,0,0,0,826,20,24,29,24.68,6.02,2,32,207,447,54,80,191,60,28,540,5,223,593,497,329,814,10,0,3,10,86,690,33,99,690,33,37,38,39,38.16,2.23,2,157,109,110,439,0,826,762,33,14,148,126,138,56,201,10,21,10,14,83,821,0,3,2,0,431,395,191,60,28,540,5,0,826,0,2888.75,3180,3500,3171.01,535.45,59,636,105,8,814
2015,"MUNICIPIO","510677",163,0,154,0,0,0,0,163,0,0,0,0,163,19,23,29,24.39,6.16,1,7,43,94,7,9,35,3,0,120,0,30,112,111,52,163,0,0,0,1,8,142,11,9,142,11,38,39,40,39.17,1.78,2,47,11,19,81,0,163,158,1,1,41,5,60,1,42,1,0,0,1,8,162,0,0,1,0,89,74,35,3,0,121,0,0,163,0,3042.5,3360,3630,3345.79,470.12,11,127,22,0,162
2015,"MUNICIPIO","510680",89,0,88,0,0,0,0,89,0,0,0,0,89,19,22,27,23.34,5.74,0,3,20,57,5,4,25,4,0,57,2,9,79,50,39,89,0,0,0,1,9,73,6,10,73,6,38,39,40,38.6,1.92,0,18,2,3,66,0,89,89,0,0,16,18,14,8,23,0,0,0,0,10,89,0,0,0,0,50,39,25,4,0,57,2,0,89,0,3005,3260,3620,3280.81,482.84,2,77,10,0,89
2015,"MUNICIPIO","510682",169,0,167,0,0,0,0,169,0,0,0,0,169,19,23,29,24.15,6.15,1,5,56,86,10,11,44,7,0,117,1,53,116,105,64,169,0,0,0,0,10,157,2,10,157,2,38,39,39,38.59,1.48,2,31,31,36,68,0,169,167,1,1,48,13,42,5,49,1,0,0,1,10,164,1,2,2,0,78,91,44,7,0,117,1,0,169,0,2950,3200,3480,3200.82,512.75,7,148,13,0,168
2015,"MUNICIPIO","510685",40,0,39,0,0,0,0,40,0,0,0,0,40,19.75,25,30,25.35,6.21,0,1,9,23,3,4,3,0,0,37,0,4,36,27,13,38,2,0,2,1,7,30,0,10,30,0,36.75,38,39,36.8,4.16,0,7,4,0,28,0,40,40,0,0,8,2,8,3,9,0,0,2,0,8,40,0,0,0,0,24,16,3,0,0,37,0,0,40,0,2965,3190,3486.25,3089.75,796.36,1,29,8,0,39
2015,"MUNICIPIO","510700",260,0,231,0,0,0,0,260,0,0,0,0,260,21,24,28,24.88,5.98,0,19,66,119,23,24,20,15,0,208,10,160,98,156,104,257,2,0,0,1,45,192,8,46,192,8,37,38,39,38.16,2.03,0,70,17,29,94,0,260,241,17,1,31,39,49,28,41,7,8,2,1,38,259,1,0,0,0,135,125,20,15,0,208,10,0,260,0,2938.75,3250,3536.25,3240.65,449.47,10,196,32,0,257
2015,"MUNICIPIO","510704",1300,0,1259,0,0,0,0,1300,0,0,0,0,1300,21,26,31,25.99,6.29,1,40,263,592,148,247,401,33,11,846,1,726,568,795,505,1261,39,0,6,17,156,1091,7,179,1091,7,37,38,39,37.93,2.05,2,174,78,126,844,0,1300,1198,66,14,265,138,241,84,297,26,30,34,14,132,1294,3,3,0,0,651,649,401,33,11,846,1,0,1300,0,2865,3150,3435,3117.93,535.51,62,1072,106,11,1271
2015,"MUNICIPIO","510706",372,0,346,0,0,0,0,372,0,0,0,0,372,20,25,29,25.06,6,29,24,75,155,20,65,124,14,0,176,55,87,281,255,117,361,8,0,0,3,28,332,4,31,332,4,38,39,39,38.46,1.69,2,96,23,31,211,0,372,354,8,4,64,37,81,35,102,1,5,8,4,26,350,3,16,3,0,188,184,124,14,0,177,55,0,372,0,2900,3187.5,3482.5,3166.54,519.65,24,300,33,2,368
2015,"MUNICIPIO","510710",282,0,282,0,0,0,0,282,0,0,0,0,282,21,25,30,25.63,6.19,1,3,57,160,22,39,114,12,0,155,1,65,217,170,112,280,2,0,0,1,14,265,2,15,265,2,38,39,39,38.44,1.2,2,18,63,45,154,0,282,278,4,0,88,20,40,4,111,0,3,2,0,14,281,0,1,0,0,137,145,114,12,0,155,1,0,282,0,2920,3150,3400,3152.34,460.65,24,238,17,3,279
2015,"MUNICIPIO","510715",37,0,37,0,0,0,0,37,0,0,0,0,37,19,22,31,25.11,7.4,0,1,11,22,0,3,4,0,0,33,0,31,6,22,15,35,2,0,0,0,5,32,0,5,32,0,38,39,40,38.57,1.63,0,2,4,3,28,0,37,37,0,0,1,14,4,2,11,0,0,2,0,3,37,0,0,0,0,18,19,4,0,0,33,0,0,37,0,2870,3155,3425,3112.16,466.1,1,31,3,0,37
2015,"MUNICIPIO","510718",192,0,136,0,0,0,0,192,0,0,0,0,192,19,23,28,23.6,6.12,3,25,66,73,11,10,29,2,0,100,51,84,102,126,66,189,2,0,0,2,21,142,8,23,142,8,37,39,40,38.48,2.12,1,51,18,11,98,0,192,184,7,0,33,22,49,10,28,1,6,2,0,21,149,0,0,43,0,93,99,29,2,0,100,51,0,192,0,3100,3350,3600,3339.51,482.33,8,128,30,0,178
2015,"MUNICIPIO","510719",36,0,33,0,0,0,0,36,0,0,0,0,36,21,25.5,31.25,26.11,6.24,0,2,7,23,0,3,9,0,0,26,0,10,26,31,5,36,0,0,0,0,2,30,3,2,30,3,38,39,40,39.09,2.03,0,6,0,1,24,0,36,35,0,0,3,2,8,0,19,0,0,0,0,2,36,0,0,0,0,16,20,10,0,0,26,0,0,36,0,3020,3252.5,3535,3327.31,571.83,0,28,5,0,34
2015,"MUNICIPIO","510720",89,0,88,0,0,0,0,89,0,0,0,0,89,20,25,30,25.28,5.68,3,10,21,42,7,6,13,8,1,67,0,37,51,48,41,87,2,0,0,0,7,76,5,7,76,5,38,38,40,38.56,1.77,1,8,2,7,71,0,89,85,2,0,26,10,15,5,21,2,0,2,0,6,88,0,0,1,0,40,49,13,8,1,67,0,0,89,0,2925,3210,3475,3211.91,482.37,2,71,12,0,89
2015,"MUNICIPIO","510724",63,0,63,0,0,0,0,63,0,0,0,0,63,22,27,31,26.59,6.55,0,3,15,30,3,12,25,4,0,34,0,7,56,41,22,59,1,0,0,1,4,57,1,5,57,1,37,39,39,38.35,2.13,0,12,1,0,49,0,63,58,5,0,9,11,8,9,14,1,3,4,0,4,63,0,0,0,0,34,29,25,4,0,34,0,0,63,0,2805,3096,3487.5,3086.41,556.36,5,48,5,0,63
2015,"MUNICIPIO","510726",18,0,13,0,0,0,0,18,0,0,0,0,18,21.25,27,30.75,25.83,5.18,0,0,1,5,2,5,1,1,0,11,0,4,14,12,6,18,0,0,0,0,3,14,1,3,14,1,38.25,39,41,39,2.35,0,1,3,1,8,0,18,13,0,0,2,0,3,1,4,0,0,0,0,3,18,0,0,0,0,11,7,3,1,0,14,0,0,18,0,3235,3342.5,3411.25,3226.67,506.55,1,16,1,1,17
2015,"MUNICIPIO","510729",24,0,24,0,0,0,0,24,0,0,0,0,24,20.5,25,33.25,27.08,8.12,0,0,8,13,0,3,7,1,0,16,0,4,19,16,8,24,0,0,0,0,0,24,0,0,24,0,38,39,39.25,39.04,0.91,0,7,3,0,14,0,24,14,10,0,5,1,5,1,2,2,8,0,0,0,24,0,0,0,0,8,16,7,1,0,16,0,0,24,0,2988.75,3112.5,3420,3196.71,377.16,2,21,1,1,23
2015,"MUNICIPIO","510730",291,0,289,0,0,0,0,291,0,0,0,0,291,20,23,29,24.46,6.23,0,12,82,164,11,21,15,4,1,271,0,212,79,181,110,286,4,0,3,2,9,276,0,14,276,0,39,39,39,38.66,1.62,1,36,29,25,200,0,291,274,15,0,66,32,55,46,62,4,9,4,0,10,291,0,0,0,0,148,143,15,4,1,271,0,0,291,0,2950,3250,3600,3244.9,551.94,19,232,34,2,289
2015,"MUNICIPIO","510735",101,0,87,0,0,0,0,101,0,0,0,0,101,20,23,28,24.4,6.41,1,8,28,44,2,5,12,5,0,60,11,29,66,74,27,101,0,0,1,0,4,89,6,5,89,6,38,39,40,39.03,2.17,0,21,5,5,57,0,101,84,2,1,18,1,26,8,25,2,0,0,1,5,85,0,13,2,0,50,51,12,5,0,60,23,0,101,0,3105,3400,3640,3334.87,549.34,6,75,15,1,100
2015,"MUNICIPIO","510740",81,0,80,0,0,0,0,81,0,0,0,0,81,20,24,28,24.07,5.92,0,3,22,43,5,7,17,5,0,59,0,48,33,54,27,79,2,0,2,0,3,76,0,5,76,0,39,39,40,38.62,2.63,0,18,12,15,36,0,81,77,4,0,4,19,16,8,24,1,3,2,0,4,81,0,0,0,0,42,39,17,5,0,59,0,0,81,0,3020,3200,3520,3181.79,615.3,5,66,8,1,79
2015,"MUNICIPIO","510757",29,0,27,0,0,0,0,29,0,0,0,0,29,21,25,34,26.45,7.39,0,3,8,15,0,2,7,4,0,12,5,4,25,18,11,29,0,0,0,0,0,28,1,0,28,1,38,39,40,39,1.02,0,7,1,1,19,0,29,26,2,0,9,1,7,1,8,1,1,0,0,0,29,0,0,0,0,15,14,7,4,0,13,5,0,29,0,3050,3245,3510,3294.31,302.41,0,27,1,1,28
2015,"MUNICIPIO","510760",4022,0,4014,0,0,0,0,4022,0,0,0,0,4022,21,25,30,25.88,6.28,9,67,680,2130,384,751,889,59,2,3049,22,1188,2816,2521,1501,3930,89,4,20,32,299,3656,10,355,3656,10,38,39,40,38.45,2.01,9,753,355,360,2542,0,4022,1931,2089,1,548,116,751,46,332,749,1259,92,1,126,4005,1,13,3,0,2083,1939,889,59,2,3049,22,0,4022,0,2935,3240,3530,3199.85,546.75,218,3336,370,53,3964
2015,"MUNICIPIO","510770",186,0,165,0,0,0,0,186,0,0,0,0,186,19,25,31,25.19,6.91,2,7,52,98,10,11,24,3,0,151,0,53,130,123,63,185,1,0,1,1,20,148,7,22,148,7,38,39,40,38.55,2.21,0,29,7,13,114,0,186,179,1,0,34,17,46,15,36,0,1,1,0,21,185,0,1,0,0,99,87,24,3,0,157,0,0,186,0,2880,3205,3516.25,3182.83,595.79,18,134,19,0,183
2015,"MUNICIPIO","510774",29,0,25,0,0,0,0,29,0,0,0,0,29,17,19,26,22.17,7.13,2,0,9,15,0,0,3,2,0,20,0,7,15,18,11,29,0,0,0,0,3,20,5,3,20,5,38,39,41,39.29,2.05,0,6,3,1,15,0,29,25,0,0,9,1,7,0,5,0,0,0,0,3,25,1,0,3,0,13,16,3,2,0,22,0,0,29,0,2880,3215,3420,3223.79,522.83,3,21,4,0,29
2015,"MUNICIPIO","510775",57,0,57,0,0,0,0,57,0,0,0,0,57,21,24,29,25.58,5.98,0,7,11,36,0,3,23,5,0,29,0,8,49,35,22,57,0,0,0,1,4,50,2,5,50,2,38,39,39,38.54,1.95,0,3,3,8,43,0,57,56,1,0,18,3,11,4,15,0,1,0,0,5,57,0,0,0,0,36,21,23,5,0,29,0,0,57,0,2960,3260,3500,3182.54,504.46,4,51,2,1,56
2015,"MUNICIPIO","510776",51,0,51,0,0,0,0,51,0,0,0,0,51,20,25,29,25.06,7.02,1,0,14,28,2,6,18,3,2,28,0,4,47,33,18,47,4,0,2,0,2,47,0,4,47,0,38,39,40,38.51,2.68,0,10,3,4,34,0,51,47,4,0,4,10,8,9,12,2,0,4,0,2,51,0,0,0,0,32,19,18,3,2,28,0,0,51,0,3026,3345,3642.5,3255.25,656.77,4,41,2,0,51
2015,"MUNICIPIO","510777",110,0,82,0,0,0,0,110,0,0,0,0,110,20,23,28,24.4,6.25,0,14,27,54,2,1,11,2,1,62,23,72,34,80,30,110,0,0,0,0,14,86,10,14,86,10,38,40,41,39.33,2.28,0,42,8,11,32,0,110,87,0,11,16,2,39,1,19,0,0,0,11,10,107,0,2,1,0,60,50,11,2,1,71,25,0,110,0,3200,3460,3800,3478.09,504.06,4,81,20,0,105
2015,"MUNICIPIO","510779",58,0,51,0,0,0,0,58,0,0,0,0,58,20.25,25,31,25.6,7.02,4,3,18,23,0,6,15,2,0,28,9,30,27,41,17,58,0,0,0,1,0,52,1,1,52,1,38,39,40,38.7,1.7,2,7,2,7,31,0,58,52,2,0,10,5,14,6,13,0,2,0,0,1,48,5,2,3,0,30,28,17,2,0,28,11,0,58,0,2975,3185,3517.5,3219.91,439.9,1,48,5,0,57
2015,"MUNICIPIO","510780",236,0,234,0,0,0,0,236,0,0,0,0,236,20,26,31,25.81,6.65,2,4,49,151,8,22,15,13,2,202,4,53,181,151,85,234,2,0,0,1,17,215,3,18,215,3,38,39,39,38.57,1.67,0,50,19,25,138,0,236,228,8,0,32,45,40,24,69,1,5,2,0,18,234,0,0,2,0,129,107,15,13,2,202,4,0,236,0,2945,3226.5,3600,3255.72,508.23,20,185,29,3,233
2015,"MUNICIPIO","510785",119,0,108,0,0,0,0,119,0,0,0,0,119,20,24,28,24.71,6.52,4,9,37,51,4,6,21,1,0,75,16,20,94,83,36,113,4,0,3,0,14,97,4,17,97,4,38,39,40,38.34,2.67,1,35,8,3,67,0,119,110,2,0,20,3,50,3,15,2,0,4,0,14,115,2,1,1,0,64,55,22,1,0,75,16,0,119,0,3075,3330,3680,3326.67,538.9,3,88,20,0,119
2015,"MUNICIPIO","510787",464,0,463,0,0,0,0,464,0,0,0,0,464,20,25,29,24.98,6.36,3,21,127,242,21,50,148,34,0,274,8,138,326,291,173,458,6,3,0,1,46,403,11,50,403,11,38,39,39,38.35,2.22,2,71,25,29,335,0,464,454,10,0,56,93,81,49,124,4,6,6,0,45,464,0,0,0,0,233,231,148,34,0,274,8,0,464,0,2945,3235,3530,3222.2,518.49,23,382,51,3,461
2015,"MUNICIPIO","510788",22,0,15,0,0,0,0,22,0,0,0,0,22,21,23.5,30.25,25.14,6.07,0,2,2,18,0,0,4,0,0,12,0,3,18,16,6,22,0,0,0,0,2,17,2,2,17,2,38,39,40,39.05,2.25,0,2,0,1,18,0,22,22,0,0,1,3,4,1,10,0,0,0,0,2,22,0,0,0,0,9,13,4,0,0,12,0,0,22,0,3067.5,3318,3718.75,3272.55,547.7,1,17,2,0,22
2015,"MUNICIPIO","510790",2715,0,2695,0,0,0,0,2715,0,0,0,0,2715,21,26,31,26.12,6.42,7,65,548,1389,272,432,969,167,22,1545,10,439,2276,1695,1020,2636,70,2,6,32,307,2310,58,347,2310,58,38,39,40,38.35,2.13,4,452,189,251,1742,0,2715,2601,72,11,425,434,525,279,596,26,39,73,11,277,2704,6,5,0,0,1370,1345,969,167,22,1545,10,0,2715,0,2915,3235,3545,3203.63,527.99,128,2190,303,14,2698
2015,"MUNICIPIO","510792",1690,0,1687,0,0,0,0,1690,0,0,0,0,1690,21,25,30,25.71,6.16,3,38,427,846,139,236,622,107,18,941,0,283,1404,1053,637,1656,34,1,3,14,156,1505,11,174,1505,11,38,39,40,38.63,2.03,2,476,52,82,1074,0,1690,1637,53,0,200,335,257,266,404,28,18,34,0,148,1683,1,4,2,0,824,866,622,107,18,941,0,0,1690,0,2931.25,3250,3560,3230.9,551.24,89,1377,188,5,1683
2015,"MUNICIPIO","510794",141,0,140,0,0,0,0,141,0,0,0,0,141,20,24,30,24.97,6.29,0,5,41,77,1,17,51,9,0,81,0,18,123,104,37,137,4,0,0,0,14,118,9,14,118,9,38,39,40,38.52,1.84,0,16,5,13,100,0,141,140,0,1,16,18,23,19,48,0,0,4,1,12,141,0,0,0,0,71,70,51,9,0,81,0,0,141,0,2930,3260,3500,3227.94,484.12,3,122,11,0,140
2015,"MUNICIPIO","510795",1579,0,1572,0,0,0,0,1579,0,0,0,0,1579,21,25,30,25.89,6.22,10,51,467,648,159,244,438,31,3,1062,45,288,1291,968,611,1528,51,1,7,18,207,1291,54,233,1291,54,37,38,40,38.23,2.23,8,306,103,112,1043,0,1579,1544,26,6,289,217,157,246,396,11,7,49,6,198,1569,1,3,1,5,779,800,438,31,3,1062,45,0,1579,0,2900,3200,3505,3178.36,535.44,103,1255,168,9,1570
2015,"MUNICIPIO","510800",217,0,217,0,0,0,0,217,0,0,0,0,217,20,24,29,24.5,6.02,0,11,66,101,6,33,90,12,2,112,1,34,183,125,92,213,4,1,0,0,19,193,4,20,193,4,38,39,40,38.53,2.2,0,32,7,7,169,0,217,208,8,1,37,39,41,27,42,4,4,4,1,18,217,0,0,0,0,122,95,90,12,2,112,1,0,217,0,2900,3200,3545,3213.72,542.53,18,170,24,1,216
2015,"MUNICIPIO","510805",135,0,131,0,0,0,0,135,0,0,0,0,135,20,25,29,24.97,6.15,0,4,31,74,2,21,72,5,0,57,0,31,104,87,48,132,3,0,0,1,18,114,0,19,114,0,37,38,39,38.11,2.04,0,10,12,17,94,0,135,126,9,0,25,13,29,10,28,2,6,3,0,17,94,41,0,0,0,79,56,72,5,0,57,0,0,135,0,2902.5,3150,3450,3150.81,467.57,8,114,8,0,135
2015,"MUNICIPIO","510810",26,0,26,0,0,0,0,26,0,0,0,0,26,19.25,24,27,24.65,6.91,0,2,2,17,2,3,8,1,0,17,0,10,15,14,12,26,0,0,0,0,1,24,1,1,24,1,38.25,39,40,39.19,1.36,0,7,1,3,15,0,26,23,3,0,8,1,6,1,6,3,0,0,0,1,24,1,0,1,0,14,12,8,1,0,17,0,0,26,0,2985,3190,3395,3250.73,364.32,0,24,2,1,25
2015,"MUNICIPIO","510820",43,0,41,0,0,0,0,43,0,0,0,0,43,23,27,32,27.7,7.67,0,3,11,16,3,10,11,2,0,29,0,9,34,27,16,39,4,0,1,0,7,33,2,8,33,2,37,39,39.5,37.93,3.06,0,4,3,4,32,0,43,38,4,0,11,1,5,0,13,0,3,4,0,5,43,0,0,0,0,22,21,11,2,0,29,0,0,43,0,3300,3560,3740,3434.3,688.45,0,29,10,1,41
2015,"MUNICIPIO","510830",56,0,56,0,0,0,0,56,0,0,0,0,56,19,23,28.25,24.12,6.32,0,4,16,26,4,6,23,2,0,31,0,12,44,35,21,56,0,0,0,0,4,51,1,4,51,1,38,39,40,38.7,1.49,0,20,1,0,33,0,56,56,0,0,13,7,6,10,16,0,0,0,0,4,55,1,0,0,0,26,30,23,2,0,31,0,0,56,0,2817.5,3212.5,3460,3169.12,504.53,6,48,2,0,56
2015,"MUNICIPIO","510835",36,0,34,0,0,0,0,36,0,0,0,0,36,19,23.5,30,24.69,6.86,0,1,10,23,1,1,9,2,2,23,0,9,26,19,17,36,0,0,0,0,4,31,0,4,31,0,37,38,39.5,38.06,1.68,0,10,4,7,12,0,36,34,1,1,7,7,8,2,6,1,0,0,1,3,35,1,0,0,0,21,15,9,2,2,23,0,0,36,0,2876.25,3177.5,3418.75,3091.25,622.81,1,32,2,0,35
2015,"MUNICIPIO","510840",5013,0,4810,0,0,0,0,5013,0,0,0,0,5013,21,25,30,25.6,6.18,12,82,776,3014,449,666,728,209,11,3960,3,1627,3368,3100,1913,4925,82,1,27,46,404,4331,55,478,4331,55,38,39,39,38.36,2.06,12,1133,447,548,2704,0,5013,4864,125,14,661,990,681,630,1284,37,80,84,14,405,4999,5,7,2,0,2578,2433,728,209,11,3960,3,0,5013,0,2900,3210,3505,3171.63,554.91,316,4002,450,31,4972
2015,"MUNICIPIO","510850",139,0,138,0,0,0,0,139,0,0,0,0,139,21.5,26,30.5,26.39,6.63,0,6,30,86,6,11,56,6,1,76,0,19,120,94,45,137,2,0,1,1,8,127,2,10,127,2,38,39,40,38.87,2.03,0,40,3,8,88,0,139,135,4,0,15,23,33,22,33,2,2,2,0,7,137,0,0,2,0,71,68,56,6,1,76,0,0,139,0,2992.5,3350,3690,3308.47,562.07,10,105,21,0,139
2015,"MUNICIPIO","510860",279,0,257,0,0,0,0,279,0,0,0,0,279,19,23,28,23.89,5.83,1,21,90,132,5,12,65,20,1,186,0,50,226,184,95,277,2,0,2,2,20,244,10,24,244,10,38,39,40,38.8,2.33,0,37,24,31,184,0,279,269,9,0,62,14,104,15,49,3,5,2,0,23,276,2,0,1,0,141,138,65,20,1,186,0,0,279,0,3025,3320,3702.5,3342.05,618.82,12,205,55,0,278
2015,"MUNICIPIO","510880",57,0,57,0,0,0,0,57,0,0,0,0,57,21,23,28,24.28,5.5,0,1,13,32,3,8,21,2,0,34,0,29,28,27,30,53,4,0,0,1,7,47,2,8,47,2,37,38,39,38.19,2,0,8,1,0,47,0,57,34,22,1,10,2,5,3,7,10,10,3,1,6,57,0,0,0,0,24,33,21,2,0,34,0,0,57,0,2970,3170,3335,3129.65,404.82,2,45,5,0,57
2015,"MUNICIPIO","510885",45,0,29,0,0,0,0,45,0,0,0,0,45,17,22,32,24.73,7.6,0,0,9,16,2,5,11,0,0,22,0,13,32,25,20,41,4,0,0,2,5,36,2,7,36,2,38,39,41,38.78,3.02,0,3,1,4,22,0,45,32,1,0,7,7,4,0,8,0,1,4,0,2,45,0,0,0,0,17,28,15,0,0,30,0,0,45,0,2902,3195,3410,3127.82,573.96,3,33,4,0,45
2015,"MUNICIPIO","510890",92,0,89,0,0,0,0,92,0,0,0,0,92,18.75,22,26.25,22.86,5.92,0,1,36,47,2,4,5,2,0,82,1,59,33,68,24,92,0,0,0,1,1,90,0,2,90,0,39,39,39,38.86,1.04,0,17,4,4,65,0,92,83,7,0,14,8,15,11,33,1,6,0,0,2,91,1,0,0,0,48,44,5,2,0,84,1,0,92,0,2900,3205,3462.5,3180.55,460.64,8,78,4,1,91
2015,"MUNICIPIO","510895",107,0,98,0,0,0,0,107,0,0,0,0,107,20,26,30,25.71,6.11,0,8,21,55,5,12,30,2,0,69,0,18,89,68,39,107,0,0,0,1,2,99,2,3,99,2,38,39,40,38.92,1.61,0,7,2,5,87,0,107,99,2,0,27,11,15,7,33,0,2,0,0,3,105,1,0,1,0,45,62,31,3,0,73,0,0,107,0,3020,3310,3582.5,3299.67,538.08,5,82,11,0,106
